id,activityhour,steptotal
1503960366,2016-04-12 00:00:00,373.0
1503960366,2016-04-12 01:00:00,160.0
1503960366,2016-04-12 02:00:00,151.0
1503960366,2016-04-12 03:00:00,0.0
1503960366,2016-04-12 04:00:00,0.0
1503960366,2016-04-12 05:00:00,0.0
1503960366,2016-04-12 06:00:00,0.0
1503960366,2016-04-12 07:00:00,0.0
1503960366,2016-04-12 08:00:00,250.0
1503960366,2016-04-12 09:00:00,1864.0
1503960366,2016-04-12 10:00:00,676.0
1503960366,2016-04-12 11:00:00,360.0
1503960366,2016-04-12 12:00:00,253.0
1503960366,2016-04-12 13:00:00,221.0
1503960366,2016-04-12 14:00:00,1166.0
1503960366,2016-04-12 15:00:00,2063.0
1503960366,2016-04-12 16:00:00,344.0
1503960366,2016-04-12 17:00:00,489.0
1503960366,2016-04-12 18:00:00,1386.0
1503960366,2016-04-12 19:00:00,558.0
1503960366,2016-04-12 20:00:00,1733.0
1503960366,2016-04-12 21:00:00,684.0
1503960366,2016-04-12 22:00:00,89.0
1503960366,2016-04-12 23:00:00,338.0
1503960366,2016-04-13 00:00:00,144.0
1503960366,2016-04-13 01:00:00,0.0
1503960366,2016-04-13 02:00:00,0.0
1503960366,2016-04-13 03:00:00,36.0
1503960366,2016-04-13 04:00:00,0.0
1503960366,2016-04-13 05:00:00,0.0
1503960366,2016-04-13 06:00:00,0.0
1503960366,2016-04-13 07:00:00,126.0
1503960366,2016-04-13 08:00:00,275.0
1503960366,2016-04-13 09:00:00,1679.0
1503960366,2016-04-13 10:00:00,295.0
1503960366,2016-04-13 11:00:00,524.0
1503960366,2016-04-13 12:00:00,486.0
1503960366,2016-04-13 13:00:00,302.0
1503960366,2016-04-13 14:00:00,1577.0
1503960366,2016-04-13 15:00:00,493.0
1503960366,2016-04-13 16:00:00,299.0
1503960366,2016-04-13 17:00:00,695.0
1503960366,2016-04-13 18:00:00,1343.0
1503960366,2016-04-13 19:00:00,258.0
1503960366,2016-04-13 20:00:00,0.0
1503960366,2016-04-13 21:00:00,0.0
1503960366,2016-04-13 22:00:00,437.0
1503960366,2016-04-13 23:00:00,1766.0
1503960366,2016-04-14 00:00:00,81.0
1503960366,2016-04-14 01:00:00,58.0
1503960366,2016-04-14 02:00:00,0.0
1503960366,2016-04-14 03:00:00,0.0
1503960366,2016-04-14 04:00:00,0.0
1503960366,2016-04-14 05:00:00,0.0
1503960366,2016-04-14 06:00:00,0.0
1503960366,2016-04-14 07:00:00,0.0
1503960366,2016-04-14 08:00:00,0.0
1503960366,2016-04-14 09:00:00,902.0
1503960366,2016-04-14 10:00:00,1106.0
1503960366,2016-04-14 11:00:00,50.0
1503960366,2016-04-14 12:00:00,501.0
1503960366,2016-04-14 13:00:00,1779.0
1503960366,2016-04-14 14:00:00,1228.0
1503960366,2016-04-14 15:00:00,139.0
1503960366,2016-04-14 16:00:00,408.0
1503960366,2016-04-14 17:00:00,37.0
1503960366,2016-04-14 18:00:00,322.0
1503960366,2016-04-14 19:00:00,11.0
1503960366,2016-04-14 20:00:00,806.0
1503960366,2016-04-14 21:00:00,2670.0
1503960366,2016-04-14 22:00:00,362.0
1503960366,2016-04-14 23:00:00,0.0
1503960366,2016-04-15 00:00:00,83.0
1503960366,2016-04-15 01:00:00,75.0
1503960366,2016-04-15 02:00:00,124.0
1503960366,2016-04-15 03:00:00,0.0
1503960366,2016-04-15 04:00:00,0.0
1503960366,2016-04-15 05:00:00,26.0
1503960366,2016-04-15 06:00:00,0.0
1503960366,2016-04-15 07:00:00,7.0
1503960366,2016-04-15 08:00:00,55.0
1503960366,2016-04-15 09:00:00,21.0
1503960366,2016-04-15 10:00:00,154.0
1503960366,2016-04-15 11:00:00,425.0
1503960366,2016-04-15 12:00:00,270.0
1503960366,2016-04-15 13:00:00,373.0
1503960366,2016-04-15 14:00:00,0.0
1503960366,2016-04-15 15:00:00,0.0
1503960366,2016-04-15 16:00:00,0.0
1503960366,2016-04-15 17:00:00,1774.0
1503960366,2016-04-15 18:00:00,509.0
1503960366,2016-04-15 19:00:00,519.0
1503960366,2016-04-15 20:00:00,77.0
1503960366,2016-04-15 21:00:00,280.0
1503960366,2016-04-15 22:00:00,2145.0
1503960366,2016-04-15 23:00:00,2768.0
1503960366,2016-04-16 00:00:00,459.0
1503960366,2016-04-16 01:00:00,0.0
1503960366,2016-04-16 02:00:00,63.0
1503960366,2016-04-16 03:00:00,6.0
1503960366,2016-04-16 04:00:00,6.0
1503960366,2016-04-16 05:00:00,12.0
1503960366,2016-04-16 06:00:00,0.0
1503960366,2016-04-16 07:00:00,101.0
1503960366,2016-04-16 08:00:00,175.0
1503960366,2016-04-16 09:00:00,1181.0
1503960366,2016-04-16 10:00:00,1295.0
1503960366,2016-04-16 11:00:00,2043.0
1503960366,2016-04-16 12:00:00,1513.0
1503960366,2016-04-16 13:00:00,3616.0
1503960366,2016-04-16 14:00:00,580.0
1503960366,2016-04-16 15:00:00,0.0
1503960366,2016-04-16 16:00:00,15.0
1503960366,2016-04-16 17:00:00,380.0
1503960366,2016-04-16 18:00:00,96.0
1503960366,2016-04-16 19:00:00,146.0
1503960366,2016-04-16 20:00:00,385.0
1503960366,2016-04-16 21:00:00,463.0
1503960366,2016-04-16 22:00:00,42.0
1503960366,2016-04-16 23:00:00,92.0
1503960366,2016-04-17 00:00:00,0.0
1503960366,2016-04-17 01:00:00,0.0
1503960366,2016-04-17 02:00:00,0.0
1503960366,2016-04-17 03:00:00,8.0
1503960366,2016-04-17 04:00:00,0.0
1503960366,2016-04-17 05:00:00,0.0
1503960366,2016-04-17 06:00:00,0.0
1503960366,2016-04-17 07:00:00,0.0
1503960366,2016-04-17 08:00:00,0.0
1503960366,2016-04-17 09:00:00,0.0
1503960366,2016-04-17 10:00:00,0.0
1503960366,2016-04-17 11:00:00,84.0
1503960366,2016-04-17 12:00:00,260.0
1503960366,2016-04-17 13:00:00,402.0
1503960366,2016-04-17 14:00:00,252.0
1503960366,2016-04-17 15:00:00,191.0
1503960366,2016-04-17 16:00:00,13.0
1503960366,2016-04-17 17:00:00,2613.0
1503960366,2016-04-17 18:00:00,1616.0
1503960366,2016-04-17 19:00:00,754.0
1503960366,2016-04-17 20:00:00,2955.0
1503960366,2016-04-17 21:00:00,487.0
1503960366,2016-04-17 22:00:00,70.0
1503960366,2016-04-17 23:00:00,0.0
1503960366,2016-04-18 00:00:00,416.0
1503960366,2016-04-18 01:00:00,0.0
1503960366,2016-04-18 02:00:00,0.0
1503960366,2016-04-18 03:00:00,0.0
1503960366,2016-04-18 04:00:00,0.0
1503960366,2016-04-18 05:00:00,0.0
1503960366,2016-04-18 06:00:00,0.0
1503960366,2016-04-18 07:00:00,0.0
1503960366,2016-04-18 08:00:00,0.0
1503960366,2016-04-18 09:00:00,1688.0
1503960366,2016-04-18 10:00:00,380.0
1503960366,2016-04-18 11:00:00,328.0
1503960366,2016-04-18 12:00:00,1306.0
1503960366,2016-04-18 13:00:00,268.0
1503960366,2016-04-18 14:00:00,137.0
1503960366,2016-04-18 15:00:00,495.0
1503960366,2016-04-18 16:00:00,277.0
1503960366,2016-04-18 17:00:00,304.0
1503960366,2016-04-18 18:00:00,4074.0
1503960366,2016-04-18 19:00:00,2101.0
1503960366,2016-04-18 20:00:00,28.0
1503960366,2016-04-18 21:00:00,187.0
1503960366,2016-04-18 22:00:00,542.0
1503960366,2016-04-18 23:00:00,488.0
1503960366,2016-04-19 00:00:00,0.0
1503960366,2016-04-19 01:00:00,22.0
1503960366,2016-04-19 02:00:00,0.0
1503960366,2016-04-19 03:00:00,9.0
1503960366,2016-04-19 04:00:00,0.0
1503960366,2016-04-19 05:00:00,0.0
1503960366,2016-04-19 06:00:00,7.0
1503960366,2016-04-19 07:00:00,316.0
1503960366,2016-04-19 08:00:00,1656.0
1503960366,2016-04-19 09:00:00,367.0
1503960366,2016-04-19 10:00:00,203.0
1503960366,2016-04-19 11:00:00,194.0
1503960366,2016-04-19 12:00:00,1887.0
1503960366,2016-04-19 13:00:00,2697.0
1503960366,2016-04-19 14:00:00,409.0
1503960366,2016-04-19 15:00:00,299.0
1503960366,2016-04-19 16:00:00,297.0
1503960366,2016-04-19 17:00:00,732.0
1503960366,2016-04-19 18:00:00,1280.0
1503960366,2016-04-19 19:00:00,397.0
1503960366,2016-04-19 20:00:00,2487.0
1503960366,2016-04-19 21:00:00,826.0
1503960366,2016-04-19 22:00:00,52.0
1503960366,2016-04-19 23:00:00,1369.0
1503960366,2016-04-20 00:00:00,16.0
1503960366,2016-04-20 01:00:00,36.0
1503960366,2016-04-20 02:00:00,0.0
1503960366,2016-04-20 03:00:00,0.0
1503960366,2016-04-20 04:00:00,0.0
1503960366,2016-04-20 05:00:00,0.0
1503960366,2016-04-20 06:00:00,0.0
1503960366,2016-04-20 07:00:00,29.0
1503960366,2016-04-20 08:00:00,264.0
1503960366,2016-04-20 09:00:00,1993.0
1503960366,2016-04-20 10:00:00,459.0
1503960366,2016-04-20 11:00:00,65.0
1503960366,2016-04-20 12:00:00,185.0
1503960366,2016-04-20 13:00:00,64.0
1503960366,2016-04-20 14:00:00,1270.0
1503960366,2016-04-20 15:00:00,797.0
1503960366,2016-04-20 16:00:00,261.0
1503960366,2016-04-20 17:00:00,13.0
1503960366,2016-04-20 18:00:00,1308.0
1503960366,2016-04-20 19:00:00,1558.0
1503960366,2016-04-20 20:00:00,499.0
1503960366,2016-04-20 21:00:00,395.0
1503960366,2016-04-20 22:00:00,77.0
1503960366,2016-04-20 23:00:00,1255.0
1503960366,2016-04-21 00:00:00,17.0
1503960366,2016-04-21 01:00:00,129.0
1503960366,2016-04-21 02:00:00,81.0
1503960366,2016-04-21 03:00:00,0.0
1503960366,2016-04-21 04:00:00,0.0
1503960366,2016-04-21 05:00:00,0.0
1503960366,2016-04-21 06:00:00,0.0
1503960366,2016-04-21 07:00:00,38.0
1503960366,2016-04-21 08:00:00,245.0
1503960366,2016-04-21 09:00:00,1672.0
1503960366,2016-04-21 10:00:00,255.0
1503960366,2016-04-21 11:00:00,0.0
1503960366,2016-04-21 12:00:00,384.0
1503960366,2016-04-21 13:00:00,1140.0
1503960366,2016-04-21 14:00:00,12.0
1503960366,2016-04-21 15:00:00,213.0
1503960366,2016-04-21 16:00:00,26.0
1503960366,2016-04-21 17:00:00,96.0
1503960366,2016-04-21 18:00:00,213.0
1503960366,2016-04-21 19:00:00,100.0
1503960366,2016-04-21 20:00:00,3541.0
1503960366,2016-04-21 21:00:00,970.0
1503960366,2016-04-21 22:00:00,89.0
1503960366,2016-04-21 23:00:00,598.0
1503960366,2016-04-22 00:00:00,0.0
1503960366,2016-04-22 01:00:00,0.0
1503960366,2016-04-22 02:00:00,0.0
1503960366,2016-04-22 03:00:00,0.0
1503960366,2016-04-22 04:00:00,0.0
1503960366,2016-04-22 05:00:00,0.0
1503960366,2016-04-22 06:00:00,0.0
1503960366,2016-04-22 07:00:00,0.0
1503960366,2016-04-22 08:00:00,0.0
1503960366,2016-04-22 09:00:00,192.0
1503960366,2016-04-22 10:00:00,29.0
1503960366,2016-04-22 11:00:00,958.0
1503960366,2016-04-22 12:00:00,38.0
1503960366,2016-04-22 13:00:00,118.0
1503960366,2016-04-22 14:00:00,0.0
1503960366,2016-04-22 15:00:00,180.0
1503960366,2016-04-22 16:00:00,22.0
1503960366,2016-04-22 17:00:00,1041.0
1503960366,2016-04-22 18:00:00,514.0
1503960366,2016-04-22 19:00:00,629.0
1503960366,2016-04-22 20:00:00,329.0
1503960366,2016-04-22 21:00:00,5934.0
1503960366,2016-04-22 22:00:00,855.0
1503960366,2016-04-22 23:00:00,1925.0
1503960366,2016-04-23 00:00:00,182.0
1503960366,2016-04-23 01:00:00,0.0
1503960366,2016-04-23 02:00:00,11.0
1503960366,2016-04-23 03:00:00,0.0
1503960366,2016-04-23 04:00:00,0.0
1503960366,2016-04-23 05:00:00,0.0
1503960366,2016-04-23 06:00:00,12.0
1503960366,2016-04-23 07:00:00,0.0
1503960366,2016-04-23 08:00:00,127.0
1503960366,2016-04-23 09:00:00,285.0
1503960366,2016-04-23 10:00:00,49.0
1503960366,2016-04-23 11:00:00,703.0
1503960366,2016-04-23 12:00:00,1597.0
1503960366,2016-04-23 13:00:00,1453.0
1503960366,2016-04-23 14:00:00,202.0
1503960366,2016-04-23 15:00:00,158.0
1503960366,2016-04-23 16:00:00,2008.0
1503960366,2016-04-23 17:00:00,1472.0
1503960366,2016-04-23 18:00:00,2569.0
1503960366,2016-04-23 19:00:00,29.0
1503960366,2016-04-23 20:00:00,142.0
1503960366,2016-04-23 21:00:00,2432.0
1503960366,2016-04-23 22:00:00,709.0
1503960366,2016-04-23 23:00:00,231.0
1503960366,2016-04-24 00:00:00,141.0
1503960366,2016-04-24 01:00:00,42.0
1503960366,2016-04-24 02:00:00,0.0
1503960366,2016-04-24 03:00:00,0.0
1503960366,2016-04-24 04:00:00,8.0
1503960366,2016-04-24 05:00:00,0.0
1503960366,2016-04-24 06:00:00,7.0
1503960366,2016-04-24 07:00:00,0.0
1503960366,2016-04-24 08:00:00,8.0
1503960366,2016-04-24 09:00:00,76.0
1503960366,2016-04-24 10:00:00,492.0
1503960366,2016-04-24 11:00:00,149.0
1503960366,2016-04-24 12:00:00,548.0
1503960366,2016-04-24 13:00:00,394.0
1503960366,2016-04-24 14:00:00,26.0
1503960366,2016-04-24 15:00:00,27.0
1503960366,2016-04-24 16:00:00,885.0
1503960366,2016-04-24 17:00:00,411.0
1503960366,2016-04-24 18:00:00,911.0
1503960366,2016-04-24 19:00:00,4871.0
1503960366,2016-04-24 20:00:00,342.0
1503960366,2016-04-24 21:00:00,244.0
1503960366,2016-04-24 22:00:00,66.0
1503960366,2016-04-24 23:00:00,391.0
1503960366,2016-04-25 00:00:00,95.0
1503960366,2016-04-25 01:00:00,22.0
1503960366,2016-04-25 02:00:00,97.0
1503960366,2016-04-25 03:00:00,0.0
1503960366,2016-04-25 04:00:00,25.0
1503960366,2016-04-25 05:00:00,4.0
1503960366,2016-04-25 06:00:00,0.0
1503960366,2016-04-25 07:00:00,44.0
1503960366,2016-04-25 08:00:00,426.0
1503960366,2016-04-25 09:00:00,2041.0
1503960366,2016-04-25 10:00:00,258.0
1503960366,2016-04-25 11:00:00,1468.0
1503960366,2016-04-25 12:00:00,707.0
1503960366,2016-04-25 13:00:00,299.0
1503960366,2016-04-25 14:00:00,94.0
1503960366,2016-04-25 15:00:00,359.0
1503960366,2016-04-25 16:00:00,263.0
1503960366,2016-04-25 17:00:00,188.0
1503960366,2016-04-25 18:00:00,116.0
1503960366,2016-04-25 19:00:00,2815.0
1503960366,2016-04-25 20:00:00,895.0
1503960366,2016-04-25 21:00:00,4895.0
1503960366,2016-04-25 22:00:00,188.0
1503960366,2016-04-25 23:00:00,56.0
1503960366,2016-04-26 00:00:00,101.0
1503960366,2016-04-26 01:00:00,178.0
1503960366,2016-04-26 02:00:00,0.0
1503960366,2016-04-26 03:00:00,145.0
1503960366,2016-04-26 04:00:00,0.0
1503960366,2016-04-26 05:00:00,7.0
1503960366,2016-04-26 06:00:00,0.0
1503960366,2016-04-26 07:00:00,28.0
1503960366,2016-04-26 08:00:00,173.0
1503960366,2016-04-26 09:00:00,1826.0
1503960366,2016-04-26 10:00:00,666.0
1503960366,2016-04-26 11:00:00,266.0
1503960366,2016-04-26 12:00:00,415.0
1503960366,2016-04-26 13:00:00,1571.0
1503960366,2016-04-26 14:00:00,1998.0
1503960366,2016-04-26 15:00:00,323.0
1503960366,2016-04-26 16:00:00,697.0
1503960366,2016-04-26 17:00:00,143.0
1503960366,2016-04-26 18:00:00,2513.0
1503960366,2016-04-26 19:00:00,148.0
1503960366,2016-04-26 20:00:00,1649.0
1503960366,2016-04-26 21:00:00,450.0
1503960366,2016-04-26 22:00:00,148.0
1503960366,2016-04-26 23:00:00,310.0
1503960366,2016-04-27 00:00:00,277.0
1503960366,2016-04-27 01:00:00,60.0
1503960366,2016-04-27 02:00:00,17.0
1503960366,2016-04-27 03:00:00,0.0
1503960366,2016-04-27 04:00:00,0.0
1503960366,2016-04-27 05:00:00,0.0
1503960366,2016-04-27 06:00:00,0.0
1503960366,2016-04-27 07:00:00,0.0
1503960366,2016-04-27 08:00:00,0.0
1503960366,2016-04-27 09:00:00,1916.0
1503960366,2016-04-27 10:00:00,502.0
1503960366,2016-04-27 11:00:00,797.0
1503960366,2016-04-27 12:00:00,701.0
1503960366,2016-04-27 13:00:00,319.0
1503960366,2016-04-27 14:00:00,1932.0
1503960366,2016-04-27 15:00:00,59.0
1503960366,2016-04-27 16:00:00,98.0
1503960366,2016-04-27 17:00:00,261.0
1503960366,2016-04-27 18:00:00,2714.0
1503960366,2016-04-27 19:00:00,5786.0
1503960366,2016-04-27 20:00:00,2420.0
1503960366,2016-04-27 21:00:00,266.0
1503960366,2016-04-27 22:00:00,0.0
1503960366,2016-04-27 23:00:00,0.0
1503960366,2016-04-28 00:00:00,0.0
1503960366,2016-04-28 01:00:00,127.0
1503960366,2016-04-28 02:00:00,0.0
1503960366,2016-04-28 03:00:00,0.0
1503960366,2016-04-28 04:00:00,0.0
1503960366,2016-04-28 05:00:00,0.0
1503960366,2016-04-28 06:00:00,0.0
1503960366,2016-04-28 07:00:00,14.0
1503960366,2016-04-28 08:00:00,128.0
1503960366,2016-04-28 09:00:00,1192.0
1503960366,2016-04-28 10:00:00,987.0
1503960366,2016-04-28 11:00:00,288.0
1503960366,2016-04-28 12:00:00,317.0
1503960366,2016-04-28 13:00:00,1144.0
1503960366,2016-04-28 14:00:00,1512.0
1503960366,2016-04-28 15:00:00,115.0
1503960366,2016-04-28 16:00:00,554.0
1503960366,2016-04-28 17:00:00,235.0
1503960366,2016-04-28 18:00:00,1829.0
1503960366,2016-04-28 19:00:00,13.0
1503960366,2016-04-28 20:00:00,2122.0
1503960366,2016-04-28 21:00:00,986.0
1503960366,2016-04-28 22:00:00,16.0
1503960366,2016-04-28 23:00:00,1512.0
1503960366,2016-04-29 00:00:00,202.0
1503960366,2016-04-29 01:00:00,0.0
1503960366,2016-04-29 02:00:00,71.0
1503960366,2016-04-29 03:00:00,0.0
1503960366,2016-04-29 04:00:00,0.0
1503960366,2016-04-29 05:00:00,0.0
1503960366,2016-04-29 06:00:00,0.0
1503960366,2016-04-29 07:00:00,27.0
1503960366,2016-04-29 08:00:00,201.0
1503960366,2016-04-29 09:00:00,1820.0
1503960366,2016-04-29 10:00:00,44.0
1503960366,2016-04-29 11:00:00,104.0
1503960366,2016-04-29 12:00:00,214.0
1503960366,2016-04-29 13:00:00,41.0
1503960366,2016-04-29 14:00:00,1711.0
1503960366,2016-04-29 15:00:00,1076.0
1503960366,2016-04-29 16:00:00,285.0
1503960366,2016-04-29 17:00:00,380.0
1503960366,2016-04-29 18:00:00,118.0
1503960366,2016-04-29 19:00:00,267.0
1503960366,2016-04-29 20:00:00,386.0
1503960366,2016-04-29 21:00:00,1366.0
1503960366,2016-04-29 22:00:00,1111.0
1503960366,2016-04-29 23:00:00,1757.0
1503960366,2016-04-30 00:00:00,19.0
1503960366,2016-04-30 01:00:00,65.0
1503960366,2016-04-30 02:00:00,0.0
1503960366,2016-04-30 03:00:00,6.0
1503960366,2016-04-30 04:00:00,0.0
1503960366,2016-04-30 05:00:00,0.0
1503960366,2016-04-30 06:00:00,0.0
1503960366,2016-04-30 07:00:00,0.0
1503960366,2016-04-30 08:00:00,60.0
1503960366,2016-04-30 09:00:00,148.0
1503960366,2016-04-30 10:00:00,239.0
1503960366,2016-04-30 11:00:00,127.0
1503960366,2016-04-30 12:00:00,92.0
1503960366,2016-04-30 13:00:00,141.0
1503960366,2016-04-30 14:00:00,520.0
1503960366,2016-04-30 15:00:00,993.0
1503960366,2016-04-30 16:00:00,3388.0
1503960366,2016-04-30 17:00:00,2176.0
1503960366,2016-04-30 18:00:00,2319.0
1503960366,2016-04-30 19:00:00,92.0
1503960366,2016-04-30 20:00:00,117.0
1503960366,2016-04-30 21:00:00,840.0
1503960366,2016-04-30 22:00:00,2139.0
1503960366,2016-04-30 23:00:00,1192.0
1503960366,2016-05-01 00:00:00,247.0
1503960366,2016-05-01 01:00:00,59.0
1503960366,2016-05-01 02:00:00,36.0
1503960366,2016-05-01 03:00:00,4.0
1503960366,2016-05-01 04:00:00,0.0
1503960366,2016-05-01 05:00:00,0.0
1503960366,2016-05-01 06:00:00,0.0
1503960366,2016-05-01 07:00:00,41.0
1503960366,2016-05-01 08:00:00,94.0
1503960366,2016-05-01 09:00:00,198.0
1503960366,2016-05-01 10:00:00,146.0
1503960366,2016-05-01 11:00:00,103.0
1503960366,2016-05-01 12:00:00,130.0
1503960366,2016-05-01 13:00:00,85.0
1503960366,2016-05-01 14:00:00,540.0
1503960366,2016-05-01 15:00:00,294.0
1503960366,2016-05-01 16:00:00,823.0
1503960366,2016-05-01 17:00:00,1053.0
1503960366,2016-05-01 18:00:00,2007.0
1503960366,2016-05-01 19:00:00,177.0
1503960366,2016-05-01 20:00:00,93.0
1503960366,2016-05-01 21:00:00,363.0
1503960366,2016-05-01 22:00:00,1552.0
1503960366,2016-05-01 23:00:00,2557.0
1503960366,2016-05-02 00:00:00,0.0
1503960366,2016-05-02 01:00:00,119.0
1503960366,2016-05-02 02:00:00,0.0
1503960366,2016-05-02 03:00:00,21.0
1503960366,2016-05-02 04:00:00,0.0
1503960366,2016-05-02 05:00:00,0.0
1503960366,2016-05-02 06:00:00,0.0
1503960366,2016-05-02 07:00:00,28.0
1503960366,2016-05-02 08:00:00,245.0
1503960366,2016-05-02 09:00:00,1690.0
1503960366,2016-05-02 10:00:00,369.0
1503960366,2016-05-02 11:00:00,384.0
1503960366,2016-05-02 12:00:00,2116.0
1503960366,2016-05-02 13:00:00,1064.0
1503960366,2016-05-02 14:00:00,355.0
1503960366,2016-05-02 15:00:00,418.0
1503960366,2016-05-02 16:00:00,420.0
1503960366,2016-05-02 17:00:00,340.0
1503960366,2016-05-02 18:00:00,227.0
1503960366,2016-05-02 19:00:00,235.0
1503960366,2016-05-02 20:00:00,3903.0
1503960366,2016-05-02 21:00:00,1427.0
1503960366,2016-05-02 22:00:00,945.0
1503960366,2016-05-02 23:00:00,404.0
1503960366,2016-05-03 00:00:00,55.0
1503960366,2016-05-03 01:00:00,79.0
1503960366,2016-05-03 02:00:00,20.0
1503960366,2016-05-03 03:00:00,110.0
1503960366,2016-05-03 04:00:00,0.0
1503960366,2016-05-03 05:00:00,0.0
1503960366,2016-05-03 06:00:00,16.0
1503960366,2016-05-03 07:00:00,23.0
1503960366,2016-05-03 08:00:00,158.0
1503960366,2016-05-03 09:00:00,1391.0
1503960366,2016-05-03 10:00:00,955.0
1503960366,2016-05-03 11:00:00,297.0
1503960366,2016-05-03 12:00:00,396.0
1503960366,2016-05-03 13:00:00,309.0
1503960366,2016-05-03 14:00:00,384.0
1503960366,2016-05-03 15:00:00,1719.0
1503960366,2016-05-03 16:00:00,870.0
1503960366,2016-05-03 17:00:00,690.0
1503960366,2016-05-03 18:00:00,3119.0
1503960366,2016-05-03 19:00:00,140.0
1503960366,2016-05-03 20:00:00,6.0
1503960366,2016-05-03 21:00:00,1333.0
1503960366,2016-05-03 22:00:00,2549.0
1503960366,2016-05-03 23:00:00,484.0
1503960366,2016-05-04 00:00:00,400.0
1503960366,2016-05-04 01:00:00,18.0
1503960366,2016-05-04 02:00:00,0.0
1503960366,2016-05-04 03:00:00,0.0
1503960366,2016-05-04 04:00:00,0.0
1503960366,2016-05-04 05:00:00,0.0
1503960366,2016-05-04 06:00:00,0.0
1503960366,2016-05-04 07:00:00,0.0
1503960366,2016-05-04 08:00:00,68.0
1503960366,2016-05-04 09:00:00,1470.0
1503960366,2016-05-04 10:00:00,598.0
1503960366,2016-05-04 11:00:00,194.0
1503960366,2016-05-04 12:00:00,366.0
1503960366,2016-05-04 13:00:00,318.0
1503960366,2016-05-04 14:00:00,2284.0
1503960366,2016-05-04 15:00:00,138.0
1503960366,2016-05-04 16:00:00,144.0
1503960366,2016-05-04 17:00:00,341.0
1503960366,2016-05-04 18:00:00,2041.0
1503960366,2016-05-04 19:00:00,205.0
1503960366,2016-05-04 20:00:00,1316.0
1503960366,2016-05-04 21:00:00,1106.0
1503960366,2016-05-04 22:00:00,93.0
1503960366,2016-05-04 23:00:00,0.0
1503960366,2016-05-05 00:00:00,70.0
1503960366,2016-05-05 01:00:00,113.0
1503960366,2016-05-05 02:00:00,19.0
1503960366,2016-05-05 03:00:00,0.0
1503960366,2016-05-05 04:00:00,44.0
1503960366,2016-05-05 05:00:00,0.0
1503960366,2016-05-05 06:00:00,8.0
1503960366,2016-05-05 07:00:00,23.0
1503960366,2016-05-05 08:00:00,107.0
1503960366,2016-05-05 09:00:00,1615.0
1503960366,2016-05-05 10:00:00,360.0
1503960366,2016-05-05 11:00:00,28.0
1503960366,2016-05-05 12:00:00,318.0
1503960366,2016-05-05 13:00:00,1231.0
1503960366,2016-05-05 14:00:00,375.0
1503960366,2016-05-05 15:00:00,187.0
1503960366,2016-05-05 16:00:00,989.0
1503960366,2016-05-05 17:00:00,2217.0
1503960366,2016-05-05 18:00:00,715.0
1503960366,2016-05-05 19:00:00,348.0
1503960366,2016-05-05 20:00:00,283.0
1503960366,2016-05-05 21:00:00,3897.0
1503960366,2016-05-05 22:00:00,900.0
1503960366,2016-05-05 23:00:00,200.0
1503960366,2016-05-06 00:00:00,186.0
1503960366,2016-05-06 01:00:00,4.0
1503960366,2016-05-06 02:00:00,88.0
1503960366,2016-05-06 03:00:00,0.0
1503960366,2016-05-06 04:00:00,19.0
1503960366,2016-05-06 05:00:00,0.0
1503960366,2016-05-06 06:00:00,0.0
1503960366,2016-05-06 07:00:00,23.0
1503960366,2016-05-06 08:00:00,146.0
1503960366,2016-05-06 09:00:00,1683.0
1503960366,2016-05-06 10:00:00,504.0
1503960366,2016-05-06 11:00:00,234.0
1503960366,2016-05-06 12:00:00,261.0
1503960366,2016-05-06 13:00:00,175.0
1503960366,2016-05-06 14:00:00,535.0
1503960366,2016-05-06 15:00:00,900.0
1503960366,2016-05-06 16:00:00,335.0
1503960366,2016-05-06 17:00:00,279.0
1503960366,2016-05-06 18:00:00,1532.0
1503960366,2016-05-06 19:00:00,2500.0
1503960366,2016-05-06 20:00:00,255.0
1503960366,2016-05-06 21:00:00,514.0
1503960366,2016-05-06 22:00:00,375.0
1503960366,2016-05-06 23:00:00,1611.0
1503960366,2016-05-07 00:00:00,168.0
1503960366,2016-05-07 01:00:00,0.0
1503960366,2016-05-07 02:00:00,19.0
1503960366,2016-05-07 03:00:00,0.0
1503960366,2016-05-07 04:00:00,0.0
1503960366,2016-05-07 05:00:00,0.0
1503960366,2016-05-07 06:00:00,0.0
1503960366,2016-05-07 07:00:00,0.0
1503960366,2016-05-07 08:00:00,132.0
1503960366,2016-05-07 09:00:00,115.0
1503960366,2016-05-07 10:00:00,1291.0
1503960366,2016-05-07 11:00:00,2352.0
1503960366,2016-05-07 12:00:00,129.0
1503960366,2016-05-07 13:00:00,77.0
1503960366,2016-05-07 14:00:00,125.0
1503960366,2016-05-07 15:00:00,318.0
1503960366,2016-05-07 16:00:00,259.0
1503960366,2016-05-07 17:00:00,173.0
1503960366,2016-05-07 18:00:00,253.0
1503960366,2016-05-07 19:00:00,652.0
1503960366,2016-05-07 20:00:00,102.0
1503960366,2016-05-07 21:00:00,2073.0
1503960366,2016-05-07 22:00:00,3696.0
1503960366,2016-05-07 23:00:00,58.0
1503960366,2016-05-08 00:00:00,147.0
1503960366,2016-05-08 01:00:00,0.0
1503960366,2016-05-08 02:00:00,0.0
1503960366,2016-05-08 03:00:00,0.0
1503960366,2016-05-08 04:00:00,6.0
1503960366,2016-05-08 05:00:00,0.0
1503960366,2016-05-08 06:00:00,7.0
1503960366,2016-05-08 07:00:00,0.0
1503960366,2016-05-08 08:00:00,0.0
1503960366,2016-05-08 09:00:00,0.0
1503960366,2016-05-08 10:00:00,0.0
1503960366,2016-05-08 11:00:00,0.0
1503960366,2016-05-08 12:00:00,511.0
1503960366,2016-05-08 13:00:00,227.0
1503960366,2016-05-08 14:00:00,660.0
1503960366,2016-05-08 15:00:00,341.0
1503960366,2016-05-08 16:00:00,100.0
1503960366,2016-05-08 17:00:00,240.0
1503960366,2016-05-08 18:00:00,4472.0
1503960366,2016-05-08 19:00:00,1069.0
1503960366,2016-05-08 20:00:00,793.0
1503960366,2016-05-08 21:00:00,663.0
1503960366,2016-05-08 22:00:00,553.0
1503960366,2016-05-08 23:00:00,271.0
1503960366,2016-05-09 00:00:00,135.0
1503960366,2016-05-09 01:00:00,0.0
1503960366,2016-05-09 02:00:00,0.0
1503960366,2016-05-09 03:00:00,0.0
1503960366,2016-05-09 04:00:00,0.0
1503960366,2016-05-09 05:00:00,14.0
1503960366,2016-05-09 06:00:00,408.0
1503960366,2016-05-09 07:00:00,214.0
1503960366,2016-05-09 08:00:00,109.0
1503960366,2016-05-09 09:00:00,160.0
1503960366,2016-05-09 10:00:00,322.0
1503960366,2016-05-09 11:00:00,477.0
1503960366,2016-05-09 12:00:00,507.0
1503960366,2016-05-09 13:00:00,7.0
1503960366,2016-05-09 14:00:00,0.0
1503960366,2016-05-09 15:00:00,22.0
1503960366,2016-05-09 16:00:00,2692.0
1503960366,2016-05-09 17:00:00,1260.0
1503960366,2016-05-09 18:00:00,624.0
1503960366,2016-05-09 19:00:00,1062.0
1503960366,2016-05-09 20:00:00,1325.0
1503960366,2016-05-09 21:00:00,2684.0
1503960366,2016-05-09 22:00:00,0.0
1503960366,2016-05-09 23:00:00,0.0
1503960366,2016-05-10 00:00:00,0.0
1503960366,2016-05-10 01:00:00,92.0
1503960366,2016-05-10 02:00:00,0.0
1503960366,2016-05-10 03:00:00,0.0
1503960366,2016-05-10 04:00:00,0.0
1503960366,2016-05-10 05:00:00,0.0
1503960366,2016-05-10 06:00:00,0.0
1503960366,2016-05-10 07:00:00,47.0
1503960366,2016-05-10 08:00:00,227.0
1503960366,2016-05-10 09:00:00,1461.0
1503960366,2016-05-10 10:00:00,258.0
1503960366,2016-05-10 11:00:00,988.0
1503960366,2016-05-10 12:00:00,74.0
1503960366,2016-05-10 13:00:00,234.0
1503960366,2016-05-10 14:00:00,159.0
1503960366,2016-05-10 15:00:00,1038.0
1503960366,2016-05-10 16:00:00,312.0
1503960366,2016-05-10 17:00:00,645.0
1503960366,2016-05-10 18:00:00,2494.0
1503960366,2016-05-10 19:00:00,1418.0
1503960366,2016-05-10 20:00:00,2480.0
1503960366,2016-05-10 21:00:00,251.0
1503960366,2016-05-10 22:00:00,0.0
1503960366,2016-05-10 23:00:00,29.0
1503960366,2016-05-11 00:00:00,266.0
1503960366,2016-05-11 01:00:00,45.0
1503960366,2016-05-11 02:00:00,73.0
1503960366,2016-05-11 03:00:00,10.0
1503960366,2016-05-11 04:00:00,0.0
1503960366,2016-05-11 05:00:00,0.0
1503960366,2016-05-11 06:00:00,0.0
1503960366,2016-05-11 07:00:00,47.0
1503960366,2016-05-11 08:00:00,312.0
1503960366,2016-05-11 09:00:00,1914.0
1503960366,2016-05-11 10:00:00,644.0
1503960366,2016-05-11 11:00:00,259.0
1503960366,2016-05-11 12:00:00,116.0
1503960366,2016-05-11 13:00:00,811.0
1503960366,2016-05-11 14:00:00,1560.0
1503960366,2016-05-11 15:00:00,348.0
1503960366,2016-05-11 16:00:00,289.0
1503960366,2016-05-11 17:00:00,245.0
1503960366,2016-05-11 18:00:00,3449.0
1503960366,2016-05-11 19:00:00,293.0
1503960366,2016-05-11 20:00:00,1209.0
1624580081,2016-04-12 00:00:00,31.0
1624580081,2016-04-12 01:00:00,0.0
1624580081,2016-04-12 02:00:00,0.0
1624580081,2016-04-12 03:00:00,7.0
1624580081,2016-04-12 04:00:00,0.0
1624580081,2016-04-12 05:00:00,0.0
1624580081,2016-04-12 06:00:00,0.0
1624580081,2016-04-12 07:00:00,0.0
1624580081,2016-04-12 08:00:00,0.0
1624580081,2016-04-12 09:00:00,1085.0
1624580081,2016-04-12 10:00:00,5375.0
1624580081,2016-04-12 11:00:00,129.0
1624580081,2016-04-12 12:00:00,81.0
1624580081,2016-04-12 13:00:00,67.0
1624580081,2016-04-12 14:00:00,43.0
1624580081,2016-04-12 15:00:00,0.0
1624580081,2016-04-12 16:00:00,79.0
1624580081,2016-04-12 17:00:00,235.0
1624580081,2016-04-12 18:00:00,257.0
1624580081,2016-04-12 19:00:00,501.0
1624580081,2016-04-12 20:00:00,99.0
1624580081,2016-04-12 21:00:00,0.0
1624580081,2016-04-12 22:00:00,0.0
1624580081,2016-04-12 23:00:00,174.0
1624580081,2016-04-13 00:00:00,75.0
1624580081,2016-04-13 01:00:00,0.0
1624580081,2016-04-13 02:00:00,0.0
1624580081,2016-04-13 03:00:00,0.0
1624580081,2016-04-13 04:00:00,0.0
1624580081,2016-04-13 05:00:00,0.0
1624580081,2016-04-13 06:00:00,0.0
1624580081,2016-04-13 07:00:00,0.0
1624580081,2016-04-13 08:00:00,0.0
1624580081,2016-04-13 09:00:00,1663.0
1624580081,2016-04-13 10:00:00,3685.0
1624580081,2016-04-13 11:00:00,608.0
1624580081,2016-04-13 12:00:00,80.0
1624580081,2016-04-13 13:00:00,0.0
1624580081,2016-04-13 14:00:00,36.0
1624580081,2016-04-13 15:00:00,0.0
1624580081,2016-04-13 16:00:00,126.0
1624580081,2016-04-13 17:00:00,39.0
1624580081,2016-04-13 18:00:00,491.0
1624580081,2016-04-13 19:00:00,7.0
1624580081,2016-04-13 20:00:00,14.0
1624580081,2016-04-13 21:00:00,183.0
1624580081,2016-04-13 22:00:00,0.0
1624580081,2016-04-13 23:00:00,0.0
1624580081,2016-04-14 00:00:00,0.0
1624580081,2016-04-14 01:00:00,0.0
1624580081,2016-04-14 02:00:00,0.0
1624580081,2016-04-14 03:00:00,0.0
1624580081,2016-04-14 04:00:00,0.0
1624580081,2016-04-14 05:00:00,0.0
1624580081,2016-04-14 06:00:00,0.0
1624580081,2016-04-14 07:00:00,0.0
1624580081,2016-04-14 08:00:00,1958.0
1624580081,2016-04-14 09:00:00,4148.0
1624580081,2016-04-14 10:00:00,141.0
1624580081,2016-04-14 11:00:00,468.0
1624580081,2016-04-14 12:00:00,0.0
1624580081,2016-04-14 13:00:00,0.0
1624580081,2016-04-14 14:00:00,87.0
1624580081,2016-04-14 15:00:00,34.0
1624580081,2016-04-14 16:00:00,170.0
1624580081,2016-04-14 17:00:00,1197.0
1624580081,2016-04-14 18:00:00,182.0
1624580081,2016-04-14 19:00:00,445.0
1624580081,2016-04-14 20:00:00,0.0
1624580081,2016-04-14 21:00:00,227.0
1624580081,2016-04-14 22:00:00,0.0
1624580081,2016-04-14 23:00:00,50.0
1624580081,2016-04-15 00:00:00,178.0
1624580081,2016-04-15 01:00:00,6.0
1624580081,2016-04-15 02:00:00,0.0
1624580081,2016-04-15 03:00:00,0.0
1624580081,2016-04-15 04:00:00,0.0
1624580081,2016-04-15 05:00:00,0.0
1624580081,2016-04-15 06:00:00,0.0
1624580081,2016-04-15 07:00:00,0.0
1624580081,2016-04-15 08:00:00,0.0
1624580081,2016-04-15 09:00:00,0.0
1624580081,2016-04-15 10:00:00,0.0
1624580081,2016-04-15 11:00:00,415.0
1624580081,2016-04-15 12:00:00,0.0
1624580081,2016-04-15 13:00:00,0.0
1624580081,2016-04-15 14:00:00,0.0
1624580081,2016-04-15 15:00:00,0.0
1624580081,2016-04-15 16:00:00,0.0
1624580081,2016-04-15 17:00:00,0.0
1624580081,2016-04-15 18:00:00,6.0
1624580081,2016-04-15 19:00:00,386.0
1624580081,2016-04-15 20:00:00,0.0
1624580081,2016-04-15 21:00:00,27.0
1624580081,2016-04-15 22:00:00,287.0
1624580081,2016-04-15 23:00:00,185.0
1624580081,2016-04-16 00:00:00,465.0
1624580081,2016-04-16 01:00:00,0.0
1624580081,2016-04-16 02:00:00,81.0
1624580081,2016-04-16 03:00:00,0.0
1624580081,2016-04-16 04:00:00,0.0
1624580081,2016-04-16 05:00:00,0.0
1624580081,2016-04-16 06:00:00,0.0
1624580081,2016-04-16 07:00:00,0.0
1624580081,2016-04-16 08:00:00,0.0
1624580081,2016-04-16 09:00:00,0.0
1624580081,2016-04-16 10:00:00,259.0
1624580081,2016-04-16 11:00:00,231.0
1624580081,2016-04-16 12:00:00,126.0
1624580081,2016-04-16 13:00:00,0.0
1624580081,2016-04-16 14:00:00,291.0
1624580081,2016-04-16 15:00:00,82.0
1624580081,2016-04-16 16:00:00,0.0
1624580081,2016-04-16 17:00:00,39.0
1624580081,2016-04-16 18:00:00,0.0
1624580081,2016-04-16 19:00:00,472.0
1624580081,2016-04-16 20:00:00,28.0
1624580081,2016-04-16 21:00:00,1211.0
1624580081,2016-04-16 22:00:00,1962.0
1624580081,2016-04-16 23:00:00,123.0
1624580081,2016-04-17 00:00:00,115.0
1624580081,2016-04-17 01:00:00,0.0
1624580081,2016-04-17 02:00:00,67.0
1624580081,2016-04-17 03:00:00,0.0
1624580081,2016-04-17 04:00:00,0.0
1624580081,2016-04-17 05:00:00,0.0
1624580081,2016-04-17 06:00:00,0.0
1624580081,2016-04-17 07:00:00,0.0
1624580081,2016-04-17 08:00:00,0.0
1624580081,2016-04-17 09:00:00,0.0
1624580081,2016-04-17 10:00:00,49.0
1624580081,2016-04-17 11:00:00,0.0
1624580081,2016-04-17 12:00:00,193.0
1624580081,2016-04-17 13:00:00,1374.0
1624580081,2016-04-17 14:00:00,657.0
1624580081,2016-04-17 15:00:00,19.0
1624580081,2016-04-17 16:00:00,0.0
1624580081,2016-04-17 17:00:00,2047.0
1624580081,2016-04-17 18:00:00,401.0
1624580081,2016-04-17 19:00:00,782.0
1624580081,2016-04-17 20:00:00,156.0
1624580081,2016-04-17 21:00:00,173.0
1624580081,2016-04-17 22:00:00,28.0
1624580081,2016-04-17 23:00:00,89.0
1624580081,2016-04-18 00:00:00,59.0
1624580081,2016-04-18 01:00:00,29.0
1624580081,2016-04-18 02:00:00,0.0
1624580081,2016-04-18 03:00:00,0.0
1624580081,2016-04-18 04:00:00,0.0
1624580081,2016-04-18 05:00:00,0.0
1624580081,2016-04-18 06:00:00,0.0
1624580081,2016-04-18 07:00:00,354.0
1624580081,2016-04-18 08:00:00,4120.0
1624580081,2016-04-18 09:00:00,17.0
1624580081,2016-04-18 10:00:00,458.0
1624580081,2016-04-18 11:00:00,261.0
1624580081,2016-04-18 12:00:00,6.0
1624580081,2016-04-18 13:00:00,0.0
1624580081,2016-04-18 14:00:00,0.0
1624580081,2016-04-18 15:00:00,812.0
1624580081,2016-04-18 16:00:00,3242.0
1624580081,2016-04-18 17:00:00,186.0
1624580081,2016-04-18 18:00:00,314.0
1624580081,2016-04-18 19:00:00,131.0
1624580081,2016-04-18 20:00:00,180.0
1624580081,2016-04-18 21:00:00,120.0
1624580081,2016-04-18 22:00:00,124.0
1624580081,2016-04-18 23:00:00,123.0
1624580081,2016-04-19 00:00:00,0.0
1624580081,2016-04-19 01:00:00,0.0
1624580081,2016-04-19 02:00:00,0.0
1624580081,2016-04-19 03:00:00,0.0
1624580081,2016-04-19 04:00:00,0.0
1624580081,2016-04-19 05:00:00,106.0
1624580081,2016-04-19 06:00:00,333.0
1624580081,2016-04-19 07:00:00,13.0
1624580081,2016-04-19 08:00:00,227.0
1624580081,2016-04-19 09:00:00,0.0
1624580081,2016-04-19 10:00:00,0.0
1624580081,2016-04-19 11:00:00,120.0
1624580081,2016-04-19 12:00:00,826.0
1624580081,2016-04-19 13:00:00,235.0
1624580081,2016-04-19 14:00:00,495.0
1624580081,2016-04-19 15:00:00,0.0
1624580081,2016-04-19 16:00:00,0.0
1624580081,2016-04-19 17:00:00,0.0
1624580081,2016-04-19 18:00:00,351.0
1624580081,2016-04-19 19:00:00,137.0
1624580081,2016-04-19 20:00:00,12.0
1624580081,2016-04-19 21:00:00,22.0
1624580081,2016-04-19 22:00:00,39.0
1624580081,2016-04-19 23:00:00,0.0
1624580081,2016-04-20 00:00:00,123.0
1624580081,2016-04-20 01:00:00,0.0
1624580081,2016-04-20 02:00:00,0.0
1624580081,2016-04-20 03:00:00,0.0
1624580081,2016-04-20 04:00:00,0.0
1624580081,2016-04-20 05:00:00,0.0
1624580081,2016-04-20 06:00:00,0.0
1624580081,2016-04-20 07:00:00,0.0
1624580081,2016-04-20 08:00:00,0.0
1624580081,2016-04-20 09:00:00,2608.0
1624580081,2016-04-20 10:00:00,159.0
1624580081,2016-04-20 11:00:00,89.0
1624580081,2016-04-20 12:00:00,319.0
1624580081,2016-04-20 13:00:00,8.0
1624580081,2016-04-20 14:00:00,0.0
1624580081,2016-04-20 15:00:00,46.0
1624580081,2016-04-20 16:00:00,311.0
1624580081,2016-04-20 17:00:00,353.0
1624580081,2016-04-20 18:00:00,445.0
1624580081,2016-04-20 19:00:00,62.0
1624580081,2016-04-20 20:00:00,26.0
1624580081,2016-04-20 21:00:00,35.0
1624580081,2016-04-20 22:00:00,264.0
1624580081,2016-04-20 23:00:00,126.0
1624580081,2016-04-21 00:00:00,9.0
1624580081,2016-04-21 01:00:00,0.0
1624580081,2016-04-21 02:00:00,0.0
1624580081,2016-04-21 03:00:00,106.0
1624580081,2016-04-21 04:00:00,0.0
1624580081,2016-04-21 05:00:00,0.0
1624580081,2016-04-21 06:00:00,0.0
1624580081,2016-04-21 07:00:00,0.0
1624580081,2016-04-21 08:00:00,0.0
1624580081,2016-04-21 09:00:00,186.0
1624580081,2016-04-21 10:00:00,502.0
1624580081,2016-04-21 11:00:00,339.0
1624580081,2016-04-21 12:00:00,9.0
1624580081,2016-04-21 13:00:00,0.0
1624580081,2016-04-21 14:00:00,226.0
1624580081,2016-04-21 15:00:00,111.0
1624580081,2016-04-21 16:00:00,28.0
1624580081,2016-04-21 17:00:00,218.0
1624580081,2016-04-21 18:00:00,1287.0
1624580081,2016-04-21 19:00:00,2880.0
1624580081,2016-04-21 20:00:00,88.0
1624580081,2016-04-21 21:00:00,180.0
1624580081,2016-04-21 22:00:00,180.0
1624580081,2016-04-21 23:00:00,0.0
1624580081,2016-04-22 00:00:00,0.0
1624580081,2016-04-22 01:00:00,0.0
1624580081,2016-04-22 02:00:00,0.0
1624580081,2016-04-22 03:00:00,105.0
1624580081,2016-04-22 04:00:00,0.0
1624580081,2016-04-22 05:00:00,0.0
1624580081,2016-04-22 06:00:00,0.0
1624580081,2016-04-22 07:00:00,142.0
1624580081,2016-04-22 08:00:00,0.0
1624580081,2016-04-22 09:00:00,12.0
1624580081,2016-04-22 10:00:00,240.0
1624580081,2016-04-22 11:00:00,205.0
1624580081,2016-04-22 12:00:00,55.0
1624580081,2016-04-22 13:00:00,149.0
1624580081,2016-04-22 14:00:00,0.0
1624580081,2016-04-22 15:00:00,0.0
1624580081,2016-04-22 16:00:00,102.0
1624580081,2016-04-22 17:00:00,58.0
1624580081,2016-04-22 18:00:00,9.0
1624580081,2016-04-22 19:00:00,345.0
1624580081,2016-04-22 20:00:00,671.0
1624580081,2016-04-22 21:00:00,430.0
1624580081,2016-04-22 22:00:00,1013.0
1624580081,2016-04-22 23:00:00,466.0
1624580081,2016-04-23 00:00:00,218.0
1624580081,2016-04-23 01:00:00,16.0
1624580081,2016-04-23 02:00:00,0.0
1624580081,2016-04-23 03:00:00,0.0
1624580081,2016-04-23 04:00:00,0.0
1624580081,2016-04-23 05:00:00,0.0
1624580081,2016-04-23 06:00:00,0.0
1624580081,2016-04-23 07:00:00,0.0
1624580081,2016-04-23 08:00:00,0.0
1624580081,2016-04-23 09:00:00,150.0
1624580081,2016-04-23 10:00:00,722.0
1624580081,2016-04-23 11:00:00,0.0
1624580081,2016-04-23 12:00:00,97.0
1624580081,2016-04-23 13:00:00,39.0
1624580081,2016-04-23 14:00:00,221.0
1624580081,2016-04-23 15:00:00,0.0
1624580081,2016-04-23 16:00:00,350.0
1624580081,2016-04-23 17:00:00,8.0
1624580081,2016-04-23 18:00:00,74.0
1624580081,2016-04-23 19:00:00,446.0
1624580081,2016-04-23 20:00:00,2628.0
1624580081,2016-04-23 21:00:00,2666.0
1624580081,2016-04-23 22:00:00,854.0
1624580081,2016-04-23 23:00:00,49.0
1624580081,2016-04-24 00:00:00,174.0
1624580081,2016-04-24 01:00:00,34.0
1624580081,2016-04-24 02:00:00,0.0
1624580081,2016-04-24 03:00:00,0.0
1624580081,2016-04-24 04:00:00,0.0
1624580081,2016-04-24 05:00:00,0.0
1624580081,2016-04-24 06:00:00,0.0
1624580081,2016-04-24 07:00:00,0.0
1624580081,2016-04-24 08:00:00,0.0
1624580081,2016-04-24 09:00:00,121.0
1624580081,2016-04-24 10:00:00,313.0
1624580081,2016-04-24 11:00:00,103.0
1624580081,2016-04-24 12:00:00,1236.0
1624580081,2016-04-24 13:00:00,1604.0
1624580081,2016-04-24 14:00:00,217.0
1624580081,2016-04-24 15:00:00,0.0
1624580081,2016-04-24 16:00:00,12.0
1624580081,2016-04-24 17:00:00,53.0
1624580081,2016-04-24 18:00:00,1456.0
1624580081,2016-04-24 19:00:00,232.0
1624580081,2016-04-24 20:00:00,397.0
1624580081,2016-04-24 21:00:00,24.0
1624580081,2016-04-24 22:00:00,100.0
1624580081,2016-04-24 23:00:00,0.0
1624580081,2016-04-25 00:00:00,0.0
1624580081,2016-04-25 01:00:00,6.0
1624580081,2016-04-25 02:00:00,0.0
1624580081,2016-04-25 03:00:00,0.0
1624580081,2016-04-25 04:00:00,0.0
1624580081,2016-04-25 05:00:00,0.0
1624580081,2016-04-25 06:00:00,0.0
1624580081,2016-04-25 07:00:00,0.0
1624580081,2016-04-25 08:00:00,221.0
1624580081,2016-04-25 09:00:00,148.0
1624580081,2016-04-25 10:00:00,2401.0
1624580081,2016-04-25 11:00:00,967.0
1624580081,2016-04-25 12:00:00,508.0
1624580081,2016-04-25 13:00:00,64.0
1624580081,2016-04-25 14:00:00,45.0
1624580081,2016-04-25 15:00:00,14.0
1624580081,2016-04-25 16:00:00,154.0
1624580081,2016-04-25 17:00:00,951.0
1624580081,2016-04-25 18:00:00,355.0
1624580081,2016-04-25 19:00:00,383.0
1624580081,2016-04-25 20:00:00,0.0
1624580081,2016-04-25 21:00:00,41.0
1624580081,2016-04-25 22:00:00,66.0
1624580081,2016-04-25 23:00:00,163.0
1624580081,2016-04-26 00:00:00,38.0
1624580081,2016-04-26 01:00:00,0.0
1624580081,2016-04-26 02:00:00,0.0
1624580081,2016-04-26 03:00:00,0.0
1624580081,2016-04-26 04:00:00,0.0
1624580081,2016-04-26 05:00:00,0.0
1624580081,2016-04-26 06:00:00,0.0
1624580081,2016-04-26 07:00:00,0.0
1624580081,2016-04-26 08:00:00,0.0
1624580081,2016-04-26 09:00:00,470.0
1624580081,2016-04-26 10:00:00,388.0
1624580081,2016-04-26 11:00:00,43.0
1624580081,2016-04-26 12:00:00,160.0
1624580081,2016-04-26 13:00:00,269.0
1624580081,2016-04-26 14:00:00,239.0
1624580081,2016-04-26 15:00:00,0.0
1624580081,2016-04-26 16:00:00,81.0
1624580081,2016-04-26 17:00:00,449.0
1624580081,2016-04-26 18:00:00,258.0
1624580081,2016-04-26 19:00:00,383.0
1624580081,2016-04-26 20:00:00,7.0
1624580081,2016-04-26 21:00:00,41.0
1624580081,2016-04-26 22:00:00,0.0
1624580081,2016-04-26 23:00:00,0.0
1624580081,2016-04-27 00:00:00,133.0
1624580081,2016-04-27 01:00:00,0.0
1624580081,2016-04-27 02:00:00,0.0
1624580081,2016-04-27 03:00:00,0.0
1624580081,2016-04-27 04:00:00,0.0
1624580081,2016-04-27 05:00:00,0.0
1624580081,2016-04-27 06:00:00,0.0
1624580081,2016-04-27 07:00:00,0.0
1624580081,2016-04-27 08:00:00,0.0
1624580081,2016-04-27 09:00:00,247.0
1624580081,2016-04-27 10:00:00,32.0
1624580081,2016-04-27 11:00:00,433.0
1624580081,2016-04-27 12:00:00,212.0
1624580081,2016-04-27 13:00:00,1239.0
1624580081,2016-04-27 14:00:00,4016.0
1624580081,2016-04-27 15:00:00,413.0
1624580081,2016-04-27 16:00:00,561.0
1624580081,2016-04-27 17:00:00,510.0
1624580081,2016-04-27 18:00:00,157.0
1624580081,2016-04-27 19:00:00,26.0
1624580081,2016-04-27 20:00:00,0.0
1624580081,2016-04-27 21:00:00,79.0
1624580081,2016-04-27 22:00:00,104.0
1624580081,2016-04-27 23:00:00,205.0
1624580081,2016-04-28 00:00:00,36.0
1624580081,2016-04-28 01:00:00,0.0
1624580081,2016-04-28 02:00:00,0.0
1624580081,2016-04-28 03:00:00,0.0
1624580081,2016-04-28 04:00:00,0.0
1624580081,2016-04-28 05:00:00,0.0
1624580081,2016-04-28 06:00:00,0.0
1624580081,2016-04-28 07:00:00,0.0
1624580081,2016-04-28 08:00:00,139.0
1624580081,2016-04-28 09:00:00,137.0
1624580081,2016-04-28 10:00:00,167.0
1624580081,2016-04-28 11:00:00,182.0
1624580081,2016-04-28 12:00:00,0.0
1624580081,2016-04-28 13:00:00,0.0
1624580081,2016-04-28 14:00:00,188.0
1624580081,2016-04-28 15:00:00,0.0
1624580081,2016-04-28 16:00:00,635.0
1624580081,2016-04-28 17:00:00,572.0
1624580081,2016-04-28 18:00:00,0.0
1624580081,2016-04-28 19:00:00,0.0
1624580081,2016-04-28 20:00:00,409.0
1624580081,2016-04-28 21:00:00,69.0
1624580081,2016-04-28 22:00:00,225.0
1624580081,2016-04-28 23:00:00,0.0
1624580081,2016-04-29 00:00:00,69.0
1624580081,2016-04-29 01:00:00,0.0
1624580081,2016-04-29 02:00:00,0.0
1624580081,2016-04-29 03:00:00,0.0
1624580081,2016-04-29 04:00:00,0.0
1624580081,2016-04-29 05:00:00,0.0
1624580081,2016-04-29 06:00:00,0.0
1624580081,2016-04-29 07:00:00,36.0
1624580081,2016-04-29 08:00:00,0.0
1624580081,2016-04-29 09:00:00,0.0
1624580081,2016-04-29 10:00:00,0.0
1624580081,2016-04-29 11:00:00,0.0
1624580081,2016-04-29 12:00:00,304.0
1624580081,2016-04-29 13:00:00,84.0
1624580081,2016-04-29 14:00:00,129.0
1624580081,2016-04-29 15:00:00,0.0
1624580081,2016-04-29 16:00:00,790.0
1624580081,2016-04-29 17:00:00,205.0
1624580081,2016-04-29 18:00:00,259.0
1624580081,2016-04-29 19:00:00,205.0
1624580081,2016-04-29 20:00:00,148.0
1624580081,2016-04-29 21:00:00,33.0
1624580081,2016-04-29 22:00:00,128.0
1624580081,2016-04-29 23:00:00,0.0
1624580081,2016-04-30 00:00:00,324.0
1624580081,2016-04-30 01:00:00,0.0
1624580081,2016-04-30 02:00:00,11.0
1624580081,2016-04-30 03:00:00,0.0
1624580081,2016-04-30 04:00:00,0.0
1624580081,2016-04-30 05:00:00,0.0
1624580081,2016-04-30 06:00:00,0.0
1624580081,2016-04-30 07:00:00,0.0
1624580081,2016-04-30 08:00:00,0.0
1624580081,2016-04-30 09:00:00,0.0
1624580081,2016-04-30 10:00:00,179.0
1624580081,2016-04-30 11:00:00,272.0
1624580081,2016-04-30 12:00:00,135.0
1624580081,2016-04-30 13:00:00,3579.0
1624580081,2016-04-30 14:00:00,307.0
1624580081,2016-04-30 15:00:00,648.0
1624580081,2016-04-30 16:00:00,57.0
1624580081,2016-04-30 17:00:00,0.0
1624580081,2016-04-30 18:00:00,381.0
1624580081,2016-04-30 19:00:00,185.0
1624580081,2016-04-30 20:00:00,66.0
1624580081,2016-04-30 21:00:00,107.0
1624580081,2016-04-30 22:00:00,145.0
1624580081,2016-04-30 23:00:00,78.0
1624580081,2016-05-01 00:00:00,6.0
1624580081,2016-05-01 01:00:00,0.0
1624580081,2016-05-01 02:00:00,0.0
1624580081,2016-05-01 03:00:00,0.0
1624580081,2016-05-01 04:00:00,207.0
1624580081,2016-05-01 05:00:00,1748.0
1624580081,2016-05-01 06:00:00,2759.0
1624580081,2016-05-01 07:00:00,7609.0
1624580081,2016-05-01 08:00:00,8520.0
1624580081,2016-05-01 09:00:00,8976.0
1624580081,2016-05-01 10:00:00,4282.0
1624580081,2016-05-01 11:00:00,176.0
1624580081,2016-05-01 12:00:00,217.0
1624580081,2016-05-01 13:00:00,41.0
1624580081,2016-05-01 14:00:00,0.0
1624580081,2016-05-01 15:00:00,0.0
1624580081,2016-05-01 16:00:00,180.0
1624580081,2016-05-01 17:00:00,46.0
1624580081,2016-05-01 18:00:00,128.0
1624580081,2016-05-01 19:00:00,125.0
1624580081,2016-05-01 20:00:00,385.0
1624580081,2016-05-01 21:00:00,289.0
1624580081,2016-05-01 22:00:00,272.0
1624580081,2016-05-01 23:00:00,53.0
1624580081,2016-05-02 00:00:00,82.0
1624580081,2016-05-02 01:00:00,0.0
1624580081,2016-05-02 02:00:00,0.0
1624580081,2016-05-02 03:00:00,0.0
1624580081,2016-05-02 04:00:00,0.0
1624580081,2016-05-02 05:00:00,0.0
1624580081,2016-05-02 06:00:00,100.0
1624580081,2016-05-02 07:00:00,0.0
1624580081,2016-05-02 08:00:00,0.0
1624580081,2016-05-02 09:00:00,0.0
1624580081,2016-05-02 10:00:00,671.0
1624580081,2016-05-02 11:00:00,1649.0
1624580081,2016-05-02 12:00:00,111.0
1624580081,2016-05-02 13:00:00,103.0
1624580081,2016-05-02 14:00:00,0.0
1624580081,2016-05-02 15:00:00,180.0
1624580081,2016-05-02 16:00:00,19.0
1624580081,2016-05-02 17:00:00,81.0
1624580081,2016-05-02 18:00:00,569.0
1624580081,2016-05-02 19:00:00,3261.0
1624580081,2016-05-02 20:00:00,50.0
1624580081,2016-05-02 21:00:00,57.0
1624580081,2016-05-02 22:00:00,150.0
1624580081,2016-05-02 23:00:00,72.0
1624580081,2016-05-03 00:00:00,0.0
1624580081,2016-05-03 01:00:00,0.0
1624580081,2016-05-03 02:00:00,0.0
1624580081,2016-05-03 03:00:00,0.0
1624580081,2016-05-03 04:00:00,0.0
1624580081,2016-05-03 05:00:00,0.0
1624580081,2016-05-03 06:00:00,66.0
1624580081,2016-05-03 07:00:00,507.0
1624580081,2016-05-03 08:00:00,0.0
1624580081,2016-05-03 09:00:00,0.0
1624580081,2016-05-03 10:00:00,0.0
1624580081,2016-05-03 11:00:00,0.0
1624580081,2016-05-03 12:00:00,130.0
1624580081,2016-05-03 13:00:00,127.0
1624580081,2016-05-03 14:00:00,128.0
1624580081,2016-05-03 15:00:00,7.0
1624580081,2016-05-03 16:00:00,0.0
1624580081,2016-05-03 17:00:00,0.0
1624580081,2016-05-03 18:00:00,585.0
1624580081,2016-05-03 19:00:00,223.0
1624580081,2016-05-03 20:00:00,0.0
1624580081,2016-05-03 21:00:00,16.0
1624580081,2016-05-03 22:00:00,155.0
1624580081,2016-05-03 23:00:00,156.0
1624580081,2016-05-04 00:00:00,0.0
1624580081,2016-05-04 01:00:00,0.0
1624580081,2016-05-04 02:00:00,15.0
1624580081,2016-05-04 03:00:00,0.0
1624580081,2016-05-04 04:00:00,0.0
1624580081,2016-05-04 05:00:00,0.0
1624580081,2016-05-04 06:00:00,45.0
1624580081,2016-05-04 07:00:00,0.0
1624580081,2016-05-04 08:00:00,0.0
1624580081,2016-05-04 09:00:00,0.0
1624580081,2016-05-04 10:00:00,181.0
1624580081,2016-05-04 11:00:00,341.0
1624580081,2016-05-04 12:00:00,34.0
1624580081,2016-05-04 13:00:00,0.0
1624580081,2016-05-04 14:00:00,0.0
1624580081,2016-05-04 15:00:00,634.0
1624580081,2016-05-04 16:00:00,132.0
1624580081,2016-05-04 17:00:00,99.0
1624580081,2016-05-04 18:00:00,218.0
1624580081,2016-05-04 19:00:00,129.0
1624580081,2016-05-04 20:00:00,106.0
1624580081,2016-05-04 21:00:00,177.0
1624580081,2016-05-04 22:00:00,4.0
1624580081,2016-05-04 23:00:00,78.0
1624580081,2016-05-05 00:00:00,0.0
1624580081,2016-05-05 01:00:00,0.0
1624580081,2016-05-05 02:00:00,0.0
1624580081,2016-05-05 03:00:00,0.0
1624580081,2016-05-05 04:00:00,0.0
1624580081,2016-05-05 05:00:00,0.0
1624580081,2016-05-05 06:00:00,116.0
1624580081,2016-05-05 07:00:00,0.0
1624580081,2016-05-05 08:00:00,0.0
1624580081,2016-05-05 09:00:00,0.0
1624580081,2016-05-05 10:00:00,0.0
1624580081,2016-05-05 11:00:00,497.0
1624580081,2016-05-05 12:00:00,97.0
1624580081,2016-05-05 13:00:00,523.0
1624580081,2016-05-05 14:00:00,340.0
1624580081,2016-05-05 15:00:00,83.0
1624580081,2016-05-05 16:00:00,48.0
1624580081,2016-05-05 17:00:00,82.0
1624580081,2016-05-05 18:00:00,52.0
1624580081,2016-05-05 19:00:00,419.0
1624580081,2016-05-05 20:00:00,9.0
1624580081,2016-05-05 21:00:00,60.0
1624580081,2016-05-05 22:00:00,76.0
1624580081,2016-05-05 23:00:00,68.0
1624580081,2016-05-06 00:00:00,151.0
1624580081,2016-05-06 01:00:00,0.0
1624580081,2016-05-06 02:00:00,174.0
1624580081,2016-05-06 03:00:00,0.0
1624580081,2016-05-06 04:00:00,0.0
1624580081,2016-05-06 05:00:00,0.0
1624580081,2016-05-06 06:00:00,0.0
1624580081,2016-05-06 07:00:00,0.0
1624580081,2016-05-06 08:00:00,0.0
1624580081,2016-05-06 09:00:00,0.0
1624580081,2016-05-06 10:00:00,0.0
1624580081,2016-05-06 11:00:00,144.0
1624580081,2016-05-06 12:00:00,60.0
1624580081,2016-05-06 13:00:00,101.0
1624580081,2016-05-06 14:00:00,4.0
1624580081,2016-05-06 15:00:00,0.0
1624580081,2016-05-06 16:00:00,0.0
1624580081,2016-05-06 17:00:00,5.0
1624580081,2016-05-06 18:00:00,152.0
1624580081,2016-05-06 19:00:00,230.0
1624580081,2016-05-06 20:00:00,223.0
1624580081,2016-05-06 21:00:00,136.0
1624580081,2016-05-06 22:00:00,136.0
1624580081,2016-05-06 23:00:00,211.0
1624580081,2016-05-07 00:00:00,121.0
1624580081,2016-05-07 01:00:00,277.0
1624580081,2016-05-07 02:00:00,171.0
1624580081,2016-05-07 03:00:00,0.0
1624580081,2016-05-07 04:00:00,0.0
1624580081,2016-05-07 05:00:00,0.0
1624580081,2016-05-07 06:00:00,0.0
1624580081,2016-05-07 07:00:00,0.0
1624580081,2016-05-07 08:00:00,0.0
1624580081,2016-05-07 09:00:00,0.0
1624580081,2016-05-07 10:00:00,0.0
1624580081,2016-05-07 11:00:00,0.0
1624580081,2016-05-07 12:00:00,199.0
1624580081,2016-05-07 13:00:00,210.0
1624580081,2016-05-07 14:00:00,262.0
1624580081,2016-05-07 15:00:00,0.0
1624580081,2016-05-07 16:00:00,0.0
1624580081,2016-05-07 17:00:00,162.0
1624580081,2016-05-07 18:00:00,417.0
1624580081,2016-05-07 19:00:00,173.0
1624580081,2016-05-07 20:00:00,50.0
1624580081,2016-05-07 21:00:00,7.0
1624580081,2016-05-07 22:00:00,19.0
1624580081,2016-05-07 23:00:00,36.0
1624580081,2016-05-08 00:00:00,0.0
1624580081,2016-05-08 01:00:00,0.0
1624580081,2016-05-08 02:00:00,473.0
1624580081,2016-05-08 03:00:00,52.0
1624580081,2016-05-08 04:00:00,0.0
1624580081,2016-05-08 05:00:00,0.0
1624580081,2016-05-08 06:00:00,0.0
1624580081,2016-05-08 07:00:00,0.0
1624580081,2016-05-08 08:00:00,0.0
1624580081,2016-05-08 09:00:00,8.0
1624580081,2016-05-08 10:00:00,144.0
1624580081,2016-05-08 11:00:00,310.0
1624580081,2016-05-08 12:00:00,22.0
1624580081,2016-05-08 13:00:00,82.0
1624580081,2016-05-08 14:00:00,333.0
1624580081,2016-05-08 15:00:00,588.0
1624580081,2016-05-08 16:00:00,74.0
1624580081,2016-05-08 17:00:00,470.0
1624580081,2016-05-08 18:00:00,110.0
1624580081,2016-05-08 19:00:00,149.0
1624580081,2016-05-08 20:00:00,230.0
1624580081,2016-05-08 21:00:00,158.0
1624580081,2016-05-08 22:00:00,0.0
1624580081,2016-05-08 23:00:00,224.0
1624580081,2016-05-09 00:00:00,0.0
1624580081,2016-05-09 01:00:00,0.0
1624580081,2016-05-09 02:00:00,36.0
1624580081,2016-05-09 03:00:00,0.0
1624580081,2016-05-09 04:00:00,0.0
1624580081,2016-05-09 05:00:00,0.0
1624580081,2016-05-09 06:00:00,0.0
1624580081,2016-05-09 07:00:00,0.0
1624580081,2016-05-09 08:00:00,0.0
1624580081,2016-05-09 09:00:00,0.0
1624580081,2016-05-09 10:00:00,0.0
1624580081,2016-05-09 11:00:00,0.0
1624580081,2016-05-09 12:00:00,307.0
1624580081,2016-05-09 13:00:00,243.0
1624580081,2016-05-09 14:00:00,309.0
1624580081,2016-05-09 15:00:00,73.0
1624580081,2016-05-09 16:00:00,243.0
1624580081,2016-05-09 17:00:00,10.0
1624580081,2016-05-09 18:00:00,100.0
1624580081,2016-05-09 19:00:00,274.0
1624580081,2016-05-09 20:00:00,0.0
1624580081,2016-05-09 21:00:00,83.0
1624580081,2016-05-09 22:00:00,43.0
1624580081,2016-05-09 23:00:00,11.0
1624580081,2016-05-10 00:00:00,111.0
1624580081,2016-05-10 01:00:00,0.0
1624580081,2016-05-10 02:00:00,0.0
1624580081,2016-05-10 03:00:00,0.0
1624580081,2016-05-10 04:00:00,0.0
1624580081,2016-05-10 05:00:00,0.0
1624580081,2016-05-10 06:00:00,0.0
1624580081,2016-05-10 07:00:00,0.0
1624580081,2016-05-10 08:00:00,0.0
1624580081,2016-05-10 09:00:00,0.0
1624580081,2016-05-10 10:00:00,0.0
1624580081,2016-05-10 11:00:00,0.0
1624580081,2016-05-10 12:00:00,19.0
1624580081,2016-05-10 13:00:00,1376.0
1624580081,2016-05-10 14:00:00,338.0
1624580081,2016-05-10 15:00:00,6.0
1624580081,2016-05-10 16:00:00,13.0
1624580081,2016-05-10 17:00:00,118.0
1624580081,2016-05-10 18:00:00,644.0
1624580081,2016-05-10 19:00:00,47.0
1624580081,2016-05-10 20:00:00,172.0
1624580081,2016-05-10 21:00:00,30.0
1624580081,2016-05-10 22:00:00,84.0
1624580081,2016-05-10 23:00:00,11.0
1624580081,2016-05-11 00:00:00,0.0
1624580081,2016-05-11 01:00:00,0.0
1624580081,2016-05-11 02:00:00,18.0
1624580081,2016-05-11 03:00:00,0.0
1624580081,2016-05-11 04:00:00,0.0
1624580081,2016-05-11 05:00:00,0.0
1624580081,2016-05-11 06:00:00,0.0
1624580081,2016-05-11 07:00:00,0.0
1624580081,2016-05-11 08:00:00,0.0
1624580081,2016-05-11 09:00:00,0.0
1624580081,2016-05-11 10:00:00,0.0
1624580081,2016-05-11 11:00:00,0.0
1624580081,2016-05-11 12:00:00,0.0
1624580081,2016-05-11 13:00:00,154.0
1624580081,2016-05-11 14:00:00,199.0
1624580081,2016-05-11 15:00:00,664.0
1624580081,2016-05-11 16:00:00,302.0
1624580081,2016-05-11 17:00:00,477.0
1624580081,2016-05-11 18:00:00,861.0
1624580081,2016-05-11 19:00:00,53.0
1624580081,2016-05-11 20:00:00,77.0
1624580081,2016-05-11 21:00:00,0.0
1624580081,2016-05-11 22:00:00,251.0
1624580081,2016-05-11 23:00:00,78.0
1624580081,2016-05-12 00:00:00,24.0
1624580081,2016-05-12 01:00:00,60.0
1624580081,2016-05-12 02:00:00,121.0
1624580081,2016-05-12 03:00:00,0.0
1624580081,2016-05-12 04:00:00,6.0
1624580081,2016-05-12 05:00:00,0.0
1624580081,2016-05-12 06:00:00,0.0
1624580081,2016-05-12 07:00:00,0.0
1624580081,2016-05-12 08:00:00,0.0
1624580081,2016-05-12 09:00:00,0.0
1624580081,2016-05-12 10:00:00,97.0
1624580081,2016-05-12 11:00:00,0.0
1624580081,2016-05-12 12:00:00,215.0
1624580081,2016-05-12 13:00:00,300.0
1624580081,2016-05-12 14:00:00,1795.0
1624580081,2016-05-12 15:00:00,121.0
1644430081,2016-04-12 00:00:00,45.0
1644430081,2016-04-12 01:00:00,8.0
1644430081,2016-04-12 02:00:00,0.0
1644430081,2016-04-12 03:00:00,0.0
1644430081,2016-04-12 04:00:00,0.0
1644430081,2016-04-12 05:00:00,0.0
1644430081,2016-04-12 06:00:00,0.0
1644430081,2016-04-12 07:00:00,0.0
1644430081,2016-04-12 08:00:00,451.0
1644430081,2016-04-12 09:00:00,318.0
1644430081,2016-04-12 10:00:00,288.0
1644430081,2016-04-12 11:00:00,107.0
1644430081,2016-04-12 12:00:00,68.0
1644430081,2016-04-12 13:00:00,5.0
1644430081,2016-04-12 14:00:00,539.0
1644430081,2016-04-12 15:00:00,79.0
1644430081,2016-04-12 16:00:00,156.0
1644430081,2016-04-12 17:00:00,205.0
1644430081,2016-04-12 18:00:00,1676.0
1644430081,2016-04-12 19:00:00,1669.0
1644430081,2016-04-12 20:00:00,1467.0
1644430081,2016-04-12 21:00:00,2076.0
1644430081,2016-04-12 22:00:00,1527.0
1644430081,2016-04-12 23:00:00,10.0
1644430081,2016-04-13 00:00:00,0.0
1644430081,2016-04-13 01:00:00,0.0
1644430081,2016-04-13 02:00:00,0.0
1644430081,2016-04-13 03:00:00,0.0
1644430081,2016-04-13 04:00:00,0.0
1644430081,2016-04-13 05:00:00,0.0
1644430081,2016-04-13 06:00:00,0.0
1644430081,2016-04-13 07:00:00,0.0
1644430081,2016-04-13 08:00:00,488.0
1644430081,2016-04-13 09:00:00,255.0
1644430081,2016-04-13 10:00:00,11.0
1644430081,2016-04-13 11:00:00,217.0
1644430081,2016-04-13 12:00:00,501.0
1644430081,2016-04-13 13:00:00,88.0
1644430081,2016-04-13 14:00:00,72.0
1644430081,2016-04-13 15:00:00,20.0
1644430081,2016-04-13 16:00:00,170.0
1644430081,2016-04-13 17:00:00,418.0
1644430081,2016-04-13 18:00:00,602.0
1644430081,2016-04-13 19:00:00,4660.0
1644430081,2016-04-13 20:00:00,499.0
1644430081,2016-04-13 21:00:00,0.0
1644430081,2016-04-13 22:00:00,0.0
1644430081,2016-04-13 23:00:00,0.0
1644430081,2016-04-14 00:00:00,0.0
1644430081,2016-04-14 01:00:00,0.0
1644430081,2016-04-14 02:00:00,0.0
1644430081,2016-04-14 03:00:00,0.0
1644430081,2016-04-14 04:00:00,0.0
1644430081,2016-04-14 05:00:00,0.0
1644430081,2016-04-14 06:00:00,0.0
1644430081,2016-04-14 07:00:00,0.0
1644430081,2016-04-14 08:00:00,466.0
1644430081,2016-04-14 09:00:00,18.0
1644430081,2016-04-14 10:00:00,25.0
1644430081,2016-04-14 11:00:00,525.0
1644430081,2016-04-14 12:00:00,101.0
1644430081,2016-04-14 13:00:00,465.0
1644430081,2016-04-14 14:00:00,73.0
1644430081,2016-04-14 15:00:00,173.0
1644430081,2016-04-14 16:00:00,174.0
1644430081,2016-04-14 17:00:00,392.0
1644430081,2016-04-14 18:00:00,1108.0
1644430081,2016-04-14 19:00:00,2162.0
1644430081,2016-04-14 20:00:00,1723.0
1644430081,2016-04-14 21:00:00,1686.0
1644430081,2016-04-14 22:00:00,1937.0
1644430081,2016-04-14 23:00:00,9.0
1644430081,2016-04-15 00:00:00,0.0
1644430081,2016-04-15 01:00:00,0.0
1644430081,2016-04-15 02:00:00,0.0
1644430081,2016-04-15 03:00:00,0.0
1644430081,2016-04-15 04:00:00,0.0
1644430081,2016-04-15 05:00:00,0.0
1644430081,2016-04-15 06:00:00,0.0
1644430081,2016-04-15 07:00:00,586.0
1644430081,2016-04-15 08:00:00,89.0
1644430081,2016-04-15 09:00:00,9.0
1644430081,2016-04-15 10:00:00,5.0
1644430081,2016-04-15 11:00:00,352.0
1644430081,2016-04-15 12:00:00,210.0
1644430081,2016-04-15 13:00:00,94.0
1644430081,2016-04-15 14:00:00,458.0
1644430081,2016-04-15 15:00:00,32.0
1644430081,2016-04-15 16:00:00,512.0
1644430081,2016-04-15 17:00:00,129.0
1644430081,2016-04-15 18:00:00,655.0
1644430081,2016-04-15 19:00:00,449.0
1644430081,2016-04-15 20:00:00,1337.0
1644430081,2016-04-15 21:00:00,11.0
1644430081,2016-04-15 22:00:00,31.0
1644430081,2016-04-15 23:00:00,304.0
1644430081,2016-04-16 00:00:00,0.0
1644430081,2016-04-16 01:00:00,0.0
1644430081,2016-04-16 02:00:00,0.0
1644430081,2016-04-16 03:00:00,0.0
1644430081,2016-04-16 04:00:00,0.0
1644430081,2016-04-16 05:00:00,0.0
1644430081,2016-04-16 06:00:00,0.0
1644430081,2016-04-16 07:00:00,0.0
1644430081,2016-04-16 08:00:00,0.0
1644430081,2016-04-16 09:00:00,0.0
1644430081,2016-04-16 10:00:00,0.0
1644430081,2016-04-16 11:00:00,783.0
1644430081,2016-04-16 12:00:00,1959.0
1644430081,2016-04-16 13:00:00,1814.0
1644430081,2016-04-16 14:00:00,879.0
1644430081,2016-04-16 15:00:00,1229.0
1644430081,2016-04-16 16:00:00,3434.0
1644430081,2016-04-16 17:00:00,1163.0
1644430081,2016-04-16 18:00:00,562.0
1644430081,2016-04-16 19:00:00,62.0
1644430081,2016-04-16 20:00:00,679.0
1644430081,2016-04-16 21:00:00,1100.0
1644430081,2016-04-16 22:00:00,1400.0
1644430081,2016-04-16 23:00:00,159.0
1644430081,2016-04-17 00:00:00,836.0
1644430081,2016-04-17 01:00:00,561.0
1644430081,2016-04-17 02:00:00,0.0
1644430081,2016-04-17 03:00:00,0.0
1644430081,2016-04-17 04:00:00,0.0
1644430081,2016-04-17 05:00:00,0.0
1644430081,2016-04-17 06:00:00,0.0
1644430081,2016-04-17 07:00:00,0.0
1644430081,2016-04-17 08:00:00,0.0
1644430081,2016-04-17 09:00:00,0.0
1644430081,2016-04-17 10:00:00,0.0
1644430081,2016-04-17 11:00:00,0.0
1644430081,2016-04-17 12:00:00,608.0
1644430081,2016-04-17 13:00:00,979.0
1644430081,2016-04-17 14:00:00,3195.0
1644430081,2016-04-17 15:00:00,278.0
1644430081,2016-04-17 16:00:00,44.0
1644430081,2016-04-17 17:00:00,149.0
1644430081,2016-04-17 18:00:00,189.0
1644430081,2016-04-17 19:00:00,327.0
1644430081,2016-04-17 20:00:00,629.0
1644430081,2016-04-17 21:00:00,394.0
1644430081,2016-04-17 22:00:00,319.0
1644430081,2016-04-17 23:00:00,249.0
1644430081,2016-04-18 00:00:00,152.0
1644430081,2016-04-18 01:00:00,0.0
1644430081,2016-04-18 02:00:00,0.0
1644430081,2016-04-18 03:00:00,0.0
1644430081,2016-04-18 04:00:00,0.0
1644430081,2016-04-18 05:00:00,0.0
1644430081,2016-04-18 06:00:00,0.0
1644430081,2016-04-18 07:00:00,16.0
1644430081,2016-04-18 08:00:00,596.0
1644430081,2016-04-18 09:00:00,160.0
1644430081,2016-04-18 10:00:00,18.0
1644430081,2016-04-18 11:00:00,11.0
1644430081,2016-04-18 12:00:00,219.0
1644430081,2016-04-18 13:00:00,679.0
1644430081,2016-04-18 14:00:00,105.0
1644430081,2016-04-18 15:00:00,153.0
1644430081,2016-04-18 16:00:00,31.0
1644430081,2016-04-18 17:00:00,470.0
1644430081,2016-04-18 18:00:00,498.0
1644430081,2016-04-18 19:00:00,3815.0
1644430081,2016-04-18 20:00:00,209.0
1644430081,2016-04-18 21:00:00,0.0
1644430081,2016-04-18 22:00:00,0.0
1644430081,2016-04-18 23:00:00,0.0
1644430081,2016-04-19 00:00:00,0.0
1644430081,2016-04-19 01:00:00,0.0
1644430081,2016-04-19 02:00:00,0.0
1644430081,2016-04-19 03:00:00,0.0
1644430081,2016-04-19 04:00:00,0.0
1644430081,2016-04-19 05:00:00,0.0
1644430081,2016-04-19 06:00:00,0.0
1644430081,2016-04-19 07:00:00,0.0
1644430081,2016-04-19 08:00:00,524.0
1644430081,2016-04-19 09:00:00,127.0
1644430081,2016-04-19 10:00:00,228.0
1644430081,2016-04-19 11:00:00,85.0
1644430081,2016-04-19 12:00:00,323.0
1644430081,2016-04-19 13:00:00,97.0
1644430081,2016-04-19 14:00:00,610.0
1644430081,2016-04-19 15:00:00,96.0
1644430081,2016-04-19 16:00:00,66.0
1644430081,2016-04-19 17:00:00,274.0
1644430081,2016-04-19 18:00:00,1470.0
1644430081,2016-04-19 19:00:00,2402.0
1644430081,2016-04-19 20:00:00,1296.0
1644430081,2016-04-19 21:00:00,1949.0
1644430081,2016-04-19 22:00:00,1521.0
1644430081,2016-04-19 23:00:00,163.0
1644430081,2016-04-20 00:00:00,5.0
1644430081,2016-04-20 01:00:00,4.0
1644430081,2016-04-20 02:00:00,3.0
1644430081,2016-04-20 03:00:00,2.0
1644430081,2016-04-20 04:00:00,3.0
1644430081,2016-04-20 05:00:00,3.0
1644430081,2016-04-20 06:00:00,2.0
1644430081,2016-04-20 07:00:00,3.0
1644430081,2016-04-20 08:00:00,350.0
1644430081,2016-04-20 09:00:00,94.0
1644430081,2016-04-20 10:00:00,200.0
1644430081,2016-04-20 11:00:00,51.0
1644430081,2016-04-20 12:00:00,6.0
1644430081,2016-04-20 13:00:00,369.0
1644430081,2016-04-20 14:00:00,361.0
1644430081,2016-04-20 15:00:00,247.0
1644430081,2016-04-20 16:00:00,5.0
1644430081,2016-04-20 17:00:00,36.0
1644430081,2016-04-20 18:00:00,11.0
1644430081,2016-04-20 19:00:00,39.0
1644430081,2016-04-20 20:00:00,16.0
1644430081,2016-04-20 21:00:00,483.0
1644430081,2016-04-20 22:00:00,134.0
1644430081,2016-04-20 23:00:00,9.0
1644430081,2016-04-21 00:00:00,0.0
1644430081,2016-04-21 01:00:00,0.0
1644430081,2016-04-21 02:00:00,0.0
1644430081,2016-04-21 03:00:00,0.0
1644430081,2016-04-21 04:00:00,0.0
1644430081,2016-04-21 05:00:00,0.0
1644430081,2016-04-21 06:00:00,0.0
1644430081,2016-04-21 07:00:00,0.0
1644430081,2016-04-21 08:00:00,0.0
1644430081,2016-04-21 09:00:00,0.0
1644430081,2016-04-21 10:00:00,16.0
1644430081,2016-04-21 11:00:00,44.0
1644430081,2016-04-21 12:00:00,0.0
1644430081,2016-04-21 13:00:00,0.0
1644430081,2016-04-21 14:00:00,35.0
1644430081,2016-04-21 15:00:00,0.0
1644430081,2016-04-21 16:00:00,506.0
1644430081,2016-04-21 17:00:00,0.0
1644430081,2016-04-21 18:00:00,0.0
1644430081,2016-04-21 19:00:00,120.0
1644430081,2016-04-21 20:00:00,320.0
1644430081,2016-04-21 21:00:00,161.0
1644430081,2016-04-21 22:00:00,0.0
1644430081,2016-04-21 23:00:00,21.0
1644430081,2016-04-22 00:00:00,0.0
1644430081,2016-04-22 01:00:00,0.0
1644430081,2016-04-22 02:00:00,329.0
1644430081,2016-04-22 03:00:00,0.0
1644430081,2016-04-22 04:00:00,59.0
1644430081,2016-04-22 05:00:00,0.0
1644430081,2016-04-22 06:00:00,0.0
1644430081,2016-04-22 07:00:00,0.0
1644430081,2016-04-22 08:00:00,0.0
1644430081,2016-04-22 09:00:00,0.0
1644430081,2016-04-22 10:00:00,0.0
1644430081,2016-04-22 11:00:00,0.0
1644430081,2016-04-22 12:00:00,556.0
1644430081,2016-04-22 13:00:00,720.0
1644430081,2016-04-22 14:00:00,756.0
1644430081,2016-04-22 15:00:00,11.0
1644430081,2016-04-22 16:00:00,263.0
1644430081,2016-04-22 17:00:00,0.0
1644430081,2016-04-22 18:00:00,0.0
1644430081,2016-04-22 19:00:00,23.0
1644430081,2016-04-22 20:00:00,819.0
1644430081,2016-04-22 21:00:00,137.0
1644430081,2016-04-22 22:00:00,0.0
1644430081,2016-04-22 23:00:00,0.0
1644430081,2016-04-23 00:00:00,0.0
1644430081,2016-04-23 01:00:00,24.0
1644430081,2016-04-23 02:00:00,23.0
1644430081,2016-04-23 03:00:00,0.0
1644430081,2016-04-23 04:00:00,0.0
1644430081,2016-04-23 05:00:00,0.0
1644430081,2016-04-23 06:00:00,0.0
1644430081,2016-04-23 07:00:00,0.0
1644430081,2016-04-23 08:00:00,8.0
1644430081,2016-04-23 09:00:00,0.0
1644430081,2016-04-23 10:00:00,0.0
1644430081,2016-04-23 11:00:00,0.0
1644430081,2016-04-23 12:00:00,0.0
1644430081,2016-04-23 13:00:00,0.0
1644430081,2016-04-23 14:00:00,0.0
1644430081,2016-04-23 15:00:00,0.0
1644430081,2016-04-23 16:00:00,170.0
1644430081,2016-04-23 17:00:00,727.0
1644430081,2016-04-23 18:00:00,1451.0
1644430081,2016-04-23 19:00:00,1984.0
1644430081,2016-04-23 20:00:00,2098.0
1644430081,2016-04-23 21:00:00,144.0
1644430081,2016-04-23 22:00:00,0.0
1644430081,2016-04-23 23:00:00,8.0
1644430081,2016-04-24 00:00:00,16.0
1644430081,2016-04-24 01:00:00,16.0
1644430081,2016-04-24 02:00:00,12.0
1644430081,2016-04-24 03:00:00,0.0
1644430081,2016-04-24 04:00:00,0.0
1644430081,2016-04-24 05:00:00,0.0
1644430081,2016-04-24 06:00:00,0.0
1644430081,2016-04-24 07:00:00,0.0
1644430081,2016-04-24 08:00:00,0.0
1644430081,2016-04-24 09:00:00,0.0
1644430081,2016-04-24 10:00:00,0.0
1644430081,2016-04-24 11:00:00,0.0
1644430081,2016-04-24 12:00:00,176.0
1644430081,2016-04-24 13:00:00,844.0
1644430081,2016-04-24 14:00:00,871.0
1644430081,2016-04-24 15:00:00,368.0
1644430081,2016-04-24 16:00:00,6.0
1644430081,2016-04-24 17:00:00,288.0
1644430081,2016-04-24 18:00:00,45.0
1644430081,2016-04-24 19:00:00,336.0
1644430081,2016-04-24 20:00:00,313.0
1644430081,2016-04-24 21:00:00,0.0
1644430081,2016-04-24 22:00:00,22.0
1644430081,2016-04-24 23:00:00,8.0
1644430081,2016-04-25 00:00:00,0.0
1644430081,2016-04-25 01:00:00,0.0
1644430081,2016-04-25 02:00:00,0.0
1644430081,2016-04-25 03:00:00,0.0
1644430081,2016-04-25 04:00:00,0.0
1644430081,2016-04-25 05:00:00,0.0
1644430081,2016-04-25 06:00:00,0.0
1644430081,2016-04-25 07:00:00,0.0
1644430081,2016-04-25 08:00:00,541.0
1644430081,2016-04-25 09:00:00,7.0
1644430081,2016-04-25 10:00:00,981.0
1644430081,2016-04-25 11:00:00,247.0
1644430081,2016-04-25 12:00:00,24.0
1644430081,2016-04-25 13:00:00,343.0
1644430081,2016-04-25 14:00:00,0.0
1644430081,2016-04-25 15:00:00,14.0
1644430081,2016-04-25 16:00:00,39.0
1644430081,2016-04-25 17:00:00,421.0
1644430081,2016-04-25 18:00:00,283.0
1644430081,2016-04-25 19:00:00,583.0
1644430081,2016-04-25 20:00:00,0.0
1644430081,2016-04-25 21:00:00,0.0
1644430081,2016-04-25 22:00:00,0.0
1644430081,2016-04-25 23:00:00,97.0
1644430081,2016-04-26 00:00:00,8.0
1644430081,2016-04-26 01:00:00,0.0
1644430081,2016-04-26 02:00:00,0.0
1644430081,2016-04-26 03:00:00,0.0
1644430081,2016-04-26 04:00:00,0.0
1644430081,2016-04-26 05:00:00,0.0
1644430081,2016-04-26 06:00:00,0.0
1644430081,2016-04-26 07:00:00,0.0
1644430081,2016-04-26 08:00:00,478.0
1644430081,2016-04-26 09:00:00,368.0
1644430081,2016-04-26 10:00:00,18.0
1644430081,2016-04-26 11:00:00,73.0
1644430081,2016-04-26 12:00:00,32.0
1644430081,2016-04-26 13:00:00,389.0
1644430081,2016-04-26 14:00:00,204.0
1644430081,2016-04-26 15:00:00,239.0
1644430081,2016-04-26 16:00:00,160.0
1644430081,2016-04-26 17:00:00,181.0
1644430081,2016-04-26 18:00:00,1565.0
1644430081,2016-04-26 19:00:00,1123.0
1644430081,2016-04-26 20:00:00,802.0
1644430081,2016-04-26 21:00:00,2810.0
1644430081,2016-04-26 22:00:00,1431.0
1644430081,2016-04-26 23:00:00,38.0
1644430081,2016-04-27 00:00:00,0.0
1644430081,2016-04-27 01:00:00,0.0
1644430081,2016-04-27 02:00:00,0.0
1644430081,2016-04-27 03:00:00,0.0
1644430081,2016-04-27 04:00:00,0.0
1644430081,2016-04-27 05:00:00,0.0
1644430081,2016-04-27 06:00:00,0.0
1644430081,2016-04-27 07:00:00,0.0
1644430081,2016-04-27 08:00:00,472.0
1644430081,2016-04-27 09:00:00,48.0
1644430081,2016-04-27 10:00:00,73.0
1644430081,2016-04-27 11:00:00,148.0
1644430081,2016-04-27 12:00:00,78.0
1644430081,2016-04-27 13:00:00,448.0
1644430081,2016-04-27 14:00:00,138.0
1644430081,2016-04-27 15:00:00,298.0
1644430081,2016-04-27 16:00:00,60.0
1644430081,2016-04-27 17:00:00,553.0
1644430081,2016-04-27 18:00:00,357.0
1644430081,2016-04-27 19:00:00,314.0
1644430081,2016-04-27 20:00:00,45.0
1644430081,2016-04-27 21:00:00,0.0
1644430081,2016-04-27 22:00:00,0.0
1644430081,2016-04-27 23:00:00,0.0
1644430081,2016-04-28 00:00:00,0.0
1644430081,2016-04-28 01:00:00,0.0
1644430081,2016-04-28 02:00:00,0.0
1644430081,2016-04-28 03:00:00,0.0
1644430081,2016-04-28 04:00:00,0.0
1644430081,2016-04-28 05:00:00,0.0
1644430081,2016-04-28 06:00:00,0.0
1644430081,2016-04-28 07:00:00,0.0
1644430081,2016-04-28 08:00:00,378.0
1644430081,2016-04-28 09:00:00,111.0
1644430081,2016-04-28 10:00:00,194.0
1644430081,2016-04-28 11:00:00,53.0
1644430081,2016-04-28 12:00:00,27.0
1644430081,2016-04-28 13:00:00,164.0
1644430081,2016-04-28 14:00:00,30.0
1644430081,2016-04-28 15:00:00,243.0
1644430081,2016-04-28 16:00:00,117.0
1644430081,2016-04-28 17:00:00,513.0
1644430081,2016-04-28 18:00:00,1356.0
1644430081,2016-04-28 19:00:00,2035.0
1644430081,2016-04-28 20:00:00,1236.0
1644430081,2016-04-28 21:00:00,1833.0
1644430081,2016-04-28 22:00:00,1115.0
1644430081,2016-04-28 23:00:00,0.0
1644430081,2016-04-29 00:00:00,0.0
1644430081,2016-04-29 01:00:00,0.0
1644430081,2016-04-29 02:00:00,0.0
1644430081,2016-04-29 03:00:00,0.0
1644430081,2016-04-29 04:00:00,0.0
1644430081,2016-04-29 05:00:00,0.0
1644430081,2016-04-29 06:00:00,0.0
1644430081,2016-04-29 07:00:00,366.0
1644430081,2016-04-29 08:00:00,36.0
1644430081,2016-04-29 09:00:00,24.0
1644430081,2016-04-29 10:00:00,336.0
1644430081,2016-04-29 11:00:00,338.0
1644430081,2016-04-29 12:00:00,11.0
1644430081,2016-04-29 13:00:00,363.0
1644430081,2016-04-29 14:00:00,469.0
1644430081,2016-04-29 15:00:00,290.0
1644430081,2016-04-29 16:00:00,76.0
1644430081,2016-04-29 17:00:00,755.0
1644430081,2016-04-29 18:00:00,59.0
1644430081,2016-04-29 19:00:00,0.0
1644430081,2016-04-29 20:00:00,0.0
1644430081,2016-04-29 21:00:00,53.0
1644430081,2016-04-29 22:00:00,0.0
1644430081,2016-04-29 23:00:00,0.0
1644430081,2016-04-30 00:00:00,0.0
1644430081,2016-04-30 01:00:00,0.0
1644430081,2016-04-30 02:00:00,0.0
1644430081,2016-04-30 03:00:00,0.0
1644430081,2016-04-30 04:00:00,0.0
1644430081,2016-04-30 05:00:00,0.0
1644430081,2016-04-30 06:00:00,0.0
1644430081,2016-04-30 07:00:00,1306.0
1644430081,2016-04-30 08:00:00,1116.0
1644430081,2016-04-30 09:00:00,687.0
1644430081,2016-04-30 10:00:00,506.0
1644430081,2016-04-30 11:00:00,1522.0
1644430081,2016-04-30 12:00:00,954.0
1644430081,2016-04-30 13:00:00,783.0
1644430081,2016-04-30 14:00:00,469.0
1644430081,2016-04-30 15:00:00,51.0
1644430081,2016-04-30 16:00:00,0.0
1644430081,2016-04-30 17:00:00,694.0
1644430081,2016-04-30 18:00:00,2743.0
1644430081,2016-04-30 19:00:00,2275.0
1644430081,2016-04-30 20:00:00,1363.0
1644430081,2016-04-30 21:00:00,2543.0
1644430081,2016-04-30 22:00:00,1201.0
1644430081,2016-04-30 23:00:00,0.0
1644430081,2016-05-01 00:00:00,0.0
1644430081,2016-05-01 01:00:00,0.0
1644430081,2016-05-01 02:00:00,0.0
1644430081,2016-05-01 03:00:00,0.0
1644430081,2016-05-01 04:00:00,0.0
1644430081,2016-05-01 05:00:00,0.0
1644430081,2016-05-01 06:00:00,0.0
1644430081,2016-05-01 07:00:00,0.0
1644430081,2016-05-01 08:00:00,0.0
1644430081,2016-05-01 09:00:00,0.0
1644430081,2016-05-01 10:00:00,0.0
1644430081,2016-05-01 11:00:00,0.0
1644430081,2016-05-01 12:00:00,375.0
1644430081,2016-05-01 13:00:00,315.0
1644430081,2016-05-01 14:00:00,1234.0
1644430081,2016-05-01 15:00:00,162.0
1644430081,2016-05-01 16:00:00,1090.0
1644430081,2016-05-01 17:00:00,655.0
1644430081,2016-05-01 18:00:00,1013.0
1644430081,2016-05-01 19:00:00,920.0
1644430081,2016-05-01 20:00:00,368.0
1644430081,2016-05-01 21:00:00,0.0
1644430081,2016-05-01 22:00:00,0.0
1644430081,2016-05-01 23:00:00,0.0
1644430081,2016-05-02 00:00:00,0.0
1644430081,2016-05-02 01:00:00,0.0
1644430081,2016-05-02 02:00:00,0.0
1644430081,2016-05-02 03:00:00,0.0
1644430081,2016-05-02 04:00:00,0.0
1644430081,2016-05-02 05:00:00,0.0
1644430081,2016-05-02 06:00:00,0.0
1644430081,2016-05-02 07:00:00,0.0
1644430081,2016-05-02 08:00:00,0.0
1644430081,2016-05-02 09:00:00,0.0
1644430081,2016-05-02 10:00:00,0.0
1644430081,2016-05-02 11:00:00,404.0
1644430081,2016-05-02 12:00:00,173.0
1644430081,2016-05-02 13:00:00,21.0
1644430081,2016-05-02 14:00:00,239.0
1644430081,2016-05-02 15:00:00,95.0
1644430081,2016-05-02 16:00:00,206.0
1644430081,2016-05-02 17:00:00,794.0
1644430081,2016-05-02 18:00:00,685.0
1644430081,2016-05-02 19:00:00,803.0
1644430081,2016-05-02 20:00:00,308.0
1644430081,2016-05-02 21:00:00,0.0
1644430081,2016-05-02 22:00:00,0.0
1644430081,2016-05-02 23:00:00,0.0
1644430081,2016-05-03 00:00:00,7.0
1644430081,2016-05-03 01:00:00,0.0
1644430081,2016-05-03 02:00:00,0.0
1644430081,2016-05-03 03:00:00,0.0
1644430081,2016-05-03 04:00:00,0.0
1644430081,2016-05-03 05:00:00,0.0
1644430081,2016-05-03 06:00:00,0.0
1644430081,2016-05-03 07:00:00,0.0
1644430081,2016-05-03 08:00:00,373.0
1644430081,2016-05-03 09:00:00,189.0
1644430081,2016-05-03 10:00:00,466.0
1644430081,2016-05-03 11:00:00,73.0
1644430081,2016-05-03 12:00:00,20.0
1644430081,2016-05-03 13:00:00,431.0
1644430081,2016-05-03 14:00:00,40.0
1644430081,2016-05-03 15:00:00,35.0
1644430081,2016-05-03 16:00:00,69.0
1644430081,2016-05-03 17:00:00,376.0
1644430081,2016-05-03 18:00:00,1298.0
1644430081,2016-05-03 19:00:00,2095.0
1644430081,2016-05-03 20:00:00,2674.0
1644430081,2016-05-03 21:00:00,2700.0
1644430081,2016-05-03 22:00:00,1925.0
1644430081,2016-05-03 23:00:00,18.0
1644430081,2016-05-04 00:00:00,20.0
1644430081,2016-05-04 01:00:00,0.0
1644430081,2016-05-04 02:00:00,0.0
1644430081,2016-05-04 03:00:00,0.0
1644430081,2016-05-04 04:00:00,0.0
1644430081,2016-05-04 05:00:00,0.0
1644430081,2016-05-04 06:00:00,0.0
1644430081,2016-05-04 07:00:00,0.0
1644430081,2016-05-04 08:00:00,518.0
1644430081,2016-05-04 09:00:00,0.0
1644430081,2016-05-04 10:00:00,0.0
1644430081,2016-05-04 11:00:00,0.0
1644430081,2016-05-04 12:00:00,127.0
1644430081,2016-05-04 13:00:00,206.0
1644430081,2016-05-04 14:00:00,0.0
1644430081,2016-05-04 15:00:00,652.0
1644430081,2016-05-04 16:00:00,0.0
1644430081,2016-05-04 17:00:00,0.0
1644430081,2016-05-04 18:00:00,708.0
1644430081,2016-05-04 19:00:00,0.0
1644430081,2016-05-04 20:00:00,52.0
1644430081,2016-05-04 21:00:00,17.0
1644430081,2016-05-04 22:00:00,9.0
1644430081,2016-05-04 23:00:00,0.0
1644430081,2016-05-05 00:00:00,0.0
1644430081,2016-05-05 01:00:00,0.0
1644430081,2016-05-05 02:00:00,0.0
1644430081,2016-05-05 03:00:00,0.0
1644430081,2016-05-05 04:00:00,0.0
1644430081,2016-05-05 05:00:00,0.0
1644430081,2016-05-05 06:00:00,0.0
1644430081,2016-05-05 07:00:00,0.0
1644430081,2016-05-05 08:00:00,475.0
1644430081,2016-05-05 09:00:00,0.0
1644430081,2016-05-05 10:00:00,0.0
1644430081,2016-05-05 11:00:00,0.0
1644430081,2016-05-05 12:00:00,308.0
1644430081,2016-05-05 13:00:00,15.0
1644430081,2016-05-05 14:00:00,0.0
1644430081,2016-05-05 15:00:00,0.0
1644430081,2016-05-05 16:00:00,0.0
1644430081,2016-05-05 17:00:00,631.0
1644430081,2016-05-05 18:00:00,325.0
1644430081,2016-05-05 19:00:00,832.0
1644430081,2016-05-05 20:00:00,190.0
1644430081,2016-05-05 21:00:00,162.0
1644430081,2016-05-05 22:00:00,50.0
1644430081,2016-05-05 23:00:00,1375.0
1644430081,2016-05-06 00:00:00,974.0
1644430081,2016-05-06 01:00:00,226.0
1644430081,2016-05-06 02:00:00,116.0
1644430081,2016-05-06 03:00:00,227.0
1644430081,2016-05-06 04:00:00,4.0
1644430081,2016-05-06 05:00:00,4.0
1644430081,2016-05-06 06:00:00,4.0
1644430081,2016-05-06 07:00:00,4.0
1644430081,2016-05-06 08:00:00,342.0
1644430081,2016-05-06 09:00:00,926.0
1644430081,2016-05-06 10:00:00,126.0
1644430081,2016-05-06 11:00:00,26.0
1644430081,2016-05-06 12:00:00,1588.0
1644430081,2016-05-06 13:00:00,1187.0
1644430081,2016-05-06 14:00:00,408.0
1644430081,2016-05-06 15:00:00,1780.0
1644430081,2016-05-06 16:00:00,136.0
1644430081,2016-05-06 17:00:00,176.0
1644430081,2016-05-06 18:00:00,123.0
1644430081,2016-05-06 19:00:00,253.0
1644430081,2016-05-06 20:00:00,187.0
1644430081,2016-05-06 21:00:00,785.0
1644430081,2016-05-06 22:00:00,63.0
1644430081,2016-05-06 23:00:00,93.0
1644430081,2016-05-07 00:00:00,148.0
1644430081,2016-05-07 01:00:00,0.0
1644430081,2016-05-07 02:00:00,0.0
1644430081,2016-05-07 03:00:00,0.0
1644430081,2016-05-07 04:00:00,0.0
1644430081,2016-05-07 05:00:00,0.0
1644430081,2016-05-07 06:00:00,0.0
1644430081,2016-05-07 07:00:00,0.0
1644430081,2016-05-07 08:00:00,512.0
1644430081,2016-05-07 09:00:00,97.0
1644430081,2016-05-07 10:00:00,85.0
1644430081,2016-05-07 11:00:00,1922.0
1644430081,2016-05-07 12:00:00,1695.0
1644430081,2016-05-07 13:00:00,1936.0
1644430081,2016-05-07 14:00:00,1599.0
1644430081,2016-05-07 15:00:00,773.0
1644430081,2016-05-07 16:00:00,1481.0
1644430081,2016-05-07 17:00:00,1626.0
1644430081,2016-05-07 18:00:00,14.0
1644430081,2016-05-07 19:00:00,303.0
1644430081,2016-05-07 20:00:00,331.0
1644430081,2016-05-07 21:00:00,429.0
1644430081,2016-05-07 22:00:00,202.0
1644430081,2016-05-07 23:00:00,219.0
1644430081,2016-05-08 00:00:00,137.0
1644430081,2016-05-08 01:00:00,298.0
1644430081,2016-05-08 02:00:00,798.0
1644430081,2016-05-08 03:00:00,7.0
1644430081,2016-05-08 04:00:00,7.0
1644430081,2016-05-08 05:00:00,7.0
1644430081,2016-05-08 06:00:00,7.0
1644430081,2016-05-08 07:00:00,7.0
1644430081,2016-05-08 08:00:00,7.0
1644430081,2016-05-08 09:00:00,587.0
1644430081,2016-05-08 10:00:00,867.0
1644430081,2016-05-08 11:00:00,609.0
1644430081,2016-05-08 12:00:00,256.0
1644430081,2016-05-08 13:00:00,380.0
1644430081,2016-05-08 14:00:00,354.0
1644430081,2016-05-08 15:00:00,302.0
1644430081,2016-05-08 16:00:00,493.0
1644430081,2016-05-08 17:00:00,769.0
1644430081,2016-05-08 18:00:00,37.0
1644430081,2016-05-08 19:00:00,8.0
1644430081,2016-05-08 20:00:00,15.0
1644430081,2016-05-08 21:00:00,460.0
1644430081,2016-05-08 22:00:00,270.0
1644430081,2016-05-08 23:00:00,42.0
1644430081,2016-05-09 00:00:00,2.0
1644430081,2016-05-09 01:00:00,1.0
1644430081,2016-05-09 02:00:00,1.0
1644430081,2016-05-09 03:00:00,1.0
1644430081,2016-05-09 04:00:00,1.0
1644430081,2016-05-09 05:00:00,1.0
1644430081,2016-05-09 06:00:00,1.0
1644430081,2016-05-09 07:00:00,1.0
1644430081,2016-05-09 08:00:00,611.0
1644430081,2016-05-09 09:00:00,15.0
1644430081,2016-05-09 10:00:00,14.0
1644430081,2016-05-09 11:00:00,97.0
1644430081,2016-05-09 12:00:00,163.0
1644430081,2016-05-09 13:00:00,218.0
1644430081,2016-05-09 14:00:00,19.0
1644430081,2016-05-09 15:00:00,18.0
1644430081,2016-05-09 16:00:00,19.0
1644430081,2016-05-09 17:00:00,19.0
1644430081,2016-05-09 18:00:00,710.0
1644430081,2016-05-09 19:00:00,4084.0
1644430081,2016-05-09 20:00:00,549.0
1644430081,2016-05-09 21:00:00,48.0
1644430081,2016-05-09 22:00:00,0.0
1644430081,2016-05-09 23:00:00,50.0
1644430081,2016-05-10 00:00:00,27.0
1644430081,2016-05-10 01:00:00,0.0
1644430081,2016-05-10 02:00:00,0.0
1644430081,2016-05-10 03:00:00,0.0
1644430081,2016-05-10 04:00:00,0.0
1644430081,2016-05-10 05:00:00,0.0
1644430081,2016-05-10 06:00:00,0.0
1644430081,2016-05-10 07:00:00,0.0
1644430081,2016-05-10 08:00:00,158.0
1644430081,2016-05-10 09:00:00,574.0
1644430081,2016-05-10 10:00:00,194.0
1644430081,2016-05-10 11:00:00,0.0
1644430081,2016-05-10 12:00:00,0.0
1644430081,2016-05-10 13:00:00,369.0
1644430081,2016-05-10 14:00:00,0.0
1644430081,2016-05-10 15:00:00,0.0
1644430081,2016-05-10 16:00:00,0.0
1644430081,2016-05-10 17:00:00,0.0
1644430081,2016-05-10 18:00:00,1803.0
1644430081,2016-05-10 19:00:00,1115.0
1644430081,2016-05-10 20:00:00,1474.0
1644430081,2016-05-10 21:00:00,2213.0
1644430081,2016-05-10 22:00:00,1227.0
1644430081,2016-05-10 23:00:00,13.0
1644430081,2016-05-11 00:00:00,8.0
1644430081,2016-05-11 01:00:00,0.0
1644430081,2016-05-11 02:00:00,0.0
1644430081,2016-05-11 03:00:00,0.0
1644430081,2016-05-11 04:00:00,0.0
1644430081,2016-05-11 05:00:00,0.0
1644430081,2016-05-11 06:00:00,0.0
1644430081,2016-05-11 07:00:00,166.0
1644430081,2016-05-11 08:00:00,463.0
1644430081,2016-05-11 09:00:00,179.0
1644430081,2016-05-11 10:00:00,70.0
1644430081,2016-05-11 11:00:00,103.0
1844505072,2016-04-12 00:00:00,0.0
1844505072,2016-04-12 01:00:00,0.0
1844505072,2016-04-12 02:00:00,0.0
1844505072,2016-04-12 03:00:00,0.0
1844505072,2016-04-12 04:00:00,0.0
1844505072,2016-04-12 05:00:00,0.0
1844505072,2016-04-12 06:00:00,0.0
1844505072,2016-04-12 07:00:00,0.0
1844505072,2016-04-12 08:00:00,114.0
1844505072,2016-04-12 09:00:00,682.0
1844505072,2016-04-12 10:00:00,582.0
1844505072,2016-04-12 11:00:00,429.0
1844505072,2016-04-12 12:00:00,814.0
1844505072,2016-04-12 13:00:00,377.0
1844505072,2016-04-12 14:00:00,301.0
1844505072,2016-04-12 15:00:00,643.0
1844505072,2016-04-12 16:00:00,456.0
1844505072,2016-04-12 17:00:00,410.0
1844505072,2016-04-12 18:00:00,533.0
1844505072,2016-04-12 19:00:00,228.0
1844505072,2016-04-12 20:00:00,489.0
1844505072,2016-04-12 21:00:00,166.0
1844505072,2016-04-12 22:00:00,436.0
1844505072,2016-04-12 23:00:00,37.0
1844505072,2016-04-13 00:00:00,0.0
1844505072,2016-04-13 01:00:00,0.0
1844505072,2016-04-13 02:00:00,0.0
1844505072,2016-04-13 03:00:00,0.0
1844505072,2016-04-13 04:00:00,0.0
1844505072,2016-04-13 05:00:00,0.0
1844505072,2016-04-13 06:00:00,0.0
1844505072,2016-04-13 07:00:00,0.0
1844505072,2016-04-13 08:00:00,0.0
1844505072,2016-04-13 09:00:00,0.0
1844505072,2016-04-13 10:00:00,744.0
1844505072,2016-04-13 11:00:00,281.0
1844505072,2016-04-13 12:00:00,347.0
1844505072,2016-04-13 13:00:00,43.0
1844505072,2016-04-13 14:00:00,175.0
1844505072,2016-04-13 15:00:00,139.0
1844505072,2016-04-13 16:00:00,452.0
1844505072,2016-04-13 17:00:00,234.0
1844505072,2016-04-13 18:00:00,608.0
1844505072,2016-04-13 19:00:00,401.0
1844505072,2016-04-13 20:00:00,323.0
1844505072,2016-04-13 21:00:00,561.0
1844505072,2016-04-13 22:00:00,168.0
1844505072,2016-04-13 23:00:00,453.0
1844505072,2016-04-14 00:00:00,189.0
1844505072,2016-04-14 01:00:00,87.0
1844505072,2016-04-14 02:00:00,0.0
1844505072,2016-04-14 03:00:00,0.0
1844505072,2016-04-14 04:00:00,0.0
1844505072,2016-04-14 05:00:00,0.0
1844505072,2016-04-14 06:00:00,0.0
1844505072,2016-04-14 07:00:00,48.0
1844505072,2016-04-14 08:00:00,638.0
1844505072,2016-04-14 09:00:00,613.0
1844505072,2016-04-14 10:00:00,836.0
1844505072,2016-04-14 11:00:00,555.0
1844505072,2016-04-14 12:00:00,288.0
1844505072,2016-04-14 13:00:00,505.0
1844505072,2016-04-14 14:00:00,284.0
1844505072,2016-04-14 15:00:00,188.0
1844505072,2016-04-14 16:00:00,222.0
1844505072,2016-04-14 17:00:00,688.0
1844505072,2016-04-14 18:00:00,315.0
1844505072,2016-04-14 19:00:00,1290.0
1844505072,2016-04-14 20:00:00,560.0
1844505072,2016-04-14 21:00:00,288.0
1844505072,2016-04-14 22:00:00,167.0
1844505072,2016-04-14 23:00:00,144.0
1844505072,2016-04-15 00:00:00,100.0
1844505072,2016-04-15 01:00:00,0.0
1844505072,2016-04-15 02:00:00,0.0
1844505072,2016-04-15 03:00:00,0.0
1844505072,2016-04-15 04:00:00,0.0
1844505072,2016-04-15 05:00:00,0.0
1844505072,2016-04-15 06:00:00,0.0
1844505072,2016-04-15 07:00:00,0.0
1844505072,2016-04-15 08:00:00,0.0
1844505072,2016-04-15 09:00:00,0.0
1844505072,2016-04-15 10:00:00,176.0
1844505072,2016-04-15 11:00:00,170.0
1844505072,2016-04-15 12:00:00,354.0
1844505072,2016-04-15 13:00:00,413.0
1844505072,2016-04-15 14:00:00,443.0
1844505072,2016-04-15 15:00:00,441.0
1844505072,2016-04-15 16:00:00,280.0
1844505072,2016-04-15 17:00:00,213.0
1844505072,2016-04-15 18:00:00,0.0
1844505072,2016-04-15 19:00:00,0.0
1844505072,2016-04-15 20:00:00,0.0
1844505072,2016-04-15 21:00:00,457.0
1844505072,2016-04-15 22:00:00,494.0
1844505072,2016-04-15 23:00:00,303.0
1844505072,2016-04-16 00:00:00,0.0
1844505072,2016-04-16 01:00:00,0.0
1844505072,2016-04-16 02:00:00,0.0
1844505072,2016-04-16 03:00:00,0.0
1844505072,2016-04-16 04:00:00,0.0
1844505072,2016-04-16 05:00:00,0.0
1844505072,2016-04-16 06:00:00,0.0
1844505072,2016-04-16 07:00:00,0.0
1844505072,2016-04-16 08:00:00,0.0
1844505072,2016-04-16 09:00:00,63.0
1844505072,2016-04-16 10:00:00,308.0
1844505072,2016-04-16 11:00:00,481.0
1844505072,2016-04-16 12:00:00,480.0
1844505072,2016-04-16 13:00:00,1150.0
1844505072,2016-04-16 14:00:00,787.0
1844505072,2016-04-16 15:00:00,134.0
1844505072,2016-04-16 16:00:00,11.0
1844505072,2016-04-16 17:00:00,0.0
1844505072,2016-04-16 18:00:00,0.0
1844505072,2016-04-16 19:00:00,0.0
1844505072,2016-04-16 20:00:00,0.0
1844505072,2016-04-16 21:00:00,0.0
1844505072,2016-04-16 22:00:00,0.0
1844505072,2016-04-16 23:00:00,0.0
1844505072,2016-04-17 00:00:00,0.0
1844505072,2016-04-17 01:00:00,0.0
1844505072,2016-04-17 02:00:00,0.0
1844505072,2016-04-17 03:00:00,0.0
1844505072,2016-04-17 04:00:00,0.0
1844505072,2016-04-17 05:00:00,0.0
1844505072,2016-04-17 06:00:00,0.0
1844505072,2016-04-17 07:00:00,0.0
1844505072,2016-04-17 08:00:00,0.0
1844505072,2016-04-17 09:00:00,0.0
1844505072,2016-04-17 10:00:00,0.0
1844505072,2016-04-17 11:00:00,0.0
1844505072,2016-04-17 12:00:00,0.0
1844505072,2016-04-17 13:00:00,0.0
1844505072,2016-04-17 14:00:00,391.0
1844505072,2016-04-17 15:00:00,815.0
1844505072,2016-04-17 16:00:00,1450.0
1844505072,2016-04-17 17:00:00,337.0
1844505072,2016-04-17 18:00:00,190.0
1844505072,2016-04-17 19:00:00,332.0
1844505072,2016-04-17 20:00:00,420.0
1844505072,2016-04-17 21:00:00,253.0
1844505072,2016-04-17 22:00:00,181.0
1844505072,2016-04-17 23:00:00,156.0
1844505072,2016-04-18 00:00:00,371.0
1844505072,2016-04-18 01:00:00,0.0
1844505072,2016-04-18 02:00:00,0.0
1844505072,2016-04-18 03:00:00,0.0
1844505072,2016-04-18 04:00:00,0.0
1844505072,2016-04-18 05:00:00,0.0
1844505072,2016-04-18 06:00:00,113.0
1844505072,2016-04-18 07:00:00,74.0
1844505072,2016-04-18 08:00:00,396.0
1844505072,2016-04-18 09:00:00,200.0
1844505072,2016-04-18 10:00:00,362.0
1844505072,2016-04-18 11:00:00,0.0
1844505072,2016-04-18 12:00:00,0.0
1844505072,2016-04-18 13:00:00,0.0
1844505072,2016-04-18 14:00:00,0.0
1844505072,2016-04-18 15:00:00,14.0
1844505072,2016-04-18 16:00:00,20.0
1844505072,2016-04-18 17:00:00,259.0
1844505072,2016-04-18 18:00:00,365.0
1844505072,2016-04-18 19:00:00,605.0
1844505072,2016-04-18 20:00:00,182.0
1844505072,2016-04-18 21:00:00,437.0
1844505072,2016-04-18 22:00:00,1104.0
1844505072,2016-04-18 23:00:00,95.0
1844505072,2016-04-19 00:00:00,138.0
1844505072,2016-04-19 01:00:00,0.0
1844505072,2016-04-19 02:00:00,0.0
1844505072,2016-04-19 03:00:00,0.0
1844505072,2016-04-19 04:00:00,0.0
1844505072,2016-04-19 05:00:00,0.0
1844505072,2016-04-19 06:00:00,0.0
1844505072,2016-04-19 07:00:00,0.0
1844505072,2016-04-19 08:00:00,0.0
1844505072,2016-04-19 09:00:00,0.0
1844505072,2016-04-19 10:00:00,59.0
1844505072,2016-04-19 11:00:00,0.0
1844505072,2016-04-19 12:00:00,0.0
1844505072,2016-04-19 13:00:00,0.0
1844505072,2016-04-19 14:00:00,0.0
1844505072,2016-04-19 15:00:00,0.0
1844505072,2016-04-19 16:00:00,0.0
1844505072,2016-04-19 17:00:00,0.0
1844505072,2016-04-19 18:00:00,0.0
1844505072,2016-04-19 19:00:00,0.0
1844505072,2016-04-19 20:00:00,0.0
1844505072,2016-04-19 21:00:00,0.0
1844505072,2016-04-19 22:00:00,0.0
1844505072,2016-04-19 23:00:00,0.0
1844505072,2016-04-20 00:00:00,0.0
1844505072,2016-04-20 01:00:00,0.0
1844505072,2016-04-20 02:00:00,0.0
1844505072,2016-04-20 03:00:00,0.0
1844505072,2016-04-20 04:00:00,0.0
1844505072,2016-04-20 05:00:00,0.0
1844505072,2016-04-20 06:00:00,0.0
1844505072,2016-04-20 07:00:00,0.0
1844505072,2016-04-20 08:00:00,0.0
1844505072,2016-04-20 09:00:00,0.0
1844505072,2016-04-20 10:00:00,0.0
1844505072,2016-04-20 11:00:00,0.0
1844505072,2016-04-20 12:00:00,0.0
1844505072,2016-04-20 13:00:00,0.0
1844505072,2016-04-20 14:00:00,0.0
1844505072,2016-04-20 15:00:00,0.0
1844505072,2016-04-20 16:00:00,0.0
1844505072,2016-04-20 17:00:00,0.0
1844505072,2016-04-20 18:00:00,0.0
1844505072,2016-04-20 19:00:00,0.0
1844505072,2016-04-20 20:00:00,0.0
1844505072,2016-04-20 21:00:00,0.0
1844505072,2016-04-20 22:00:00,8.0
1844505072,2016-04-20 23:00:00,0.0
1844505072,2016-04-21 00:00:00,0.0
1844505072,2016-04-21 01:00:00,0.0
1844505072,2016-04-21 02:00:00,0.0
1844505072,2016-04-21 03:00:00,0.0
1844505072,2016-04-21 04:00:00,0.0
1844505072,2016-04-21 05:00:00,0.0
1844505072,2016-04-21 06:00:00,0.0
1844505072,2016-04-21 07:00:00,0.0
1844505072,2016-04-21 08:00:00,325.0
1844505072,2016-04-21 09:00:00,817.0
1844505072,2016-04-21 10:00:00,622.0
1844505072,2016-04-21 11:00:00,482.0
1844505072,2016-04-21 12:00:00,252.0
1844505072,2016-04-21 13:00:00,298.0
1844505072,2016-04-21 14:00:00,452.0
1844505072,2016-04-21 15:00:00,263.0
1844505072,2016-04-21 16:00:00,396.0
1844505072,2016-04-21 17:00:00,850.0
1844505072,2016-04-21 18:00:00,192.0
1844505072,2016-04-21 19:00:00,547.0
1844505072,2016-04-21 20:00:00,2043.0
1844505072,2016-04-21 21:00:00,130.0
1844505072,2016-04-21 22:00:00,385.0
1844505072,2016-04-21 23:00:00,0.0
1844505072,2016-04-22 00:00:00,0.0
1844505072,2016-04-22 01:00:00,0.0
1844505072,2016-04-22 02:00:00,0.0
1844505072,2016-04-22 03:00:00,0.0
1844505072,2016-04-22 04:00:00,0.0
1844505072,2016-04-22 05:00:00,0.0
1844505072,2016-04-22 06:00:00,0.0
1844505072,2016-04-22 07:00:00,0.0
1844505072,2016-04-22 08:00:00,0.0
1844505072,2016-04-22 09:00:00,0.0
1844505072,2016-04-22 10:00:00,518.0
1844505072,2016-04-22 11:00:00,762.0
1844505072,2016-04-22 12:00:00,328.0
1844505072,2016-04-22 13:00:00,619.0
1844505072,2016-04-22 14:00:00,561.0
1844505072,2016-04-22 15:00:00,234.0
1844505072,2016-04-22 16:00:00,0.0
1844505072,2016-04-22 17:00:00,0.0
1844505072,2016-04-22 18:00:00,137.0
1844505072,2016-04-22 19:00:00,797.0
1844505072,2016-04-22 20:00:00,371.0
1844505072,2016-04-22 21:00:00,363.0
1844505072,2016-04-22 22:00:00,97.0
1844505072,2016-04-22 23:00:00,585.0
1844505072,2016-04-23 00:00:00,149.0
1844505072,2016-04-23 01:00:00,0.0
1844505072,2016-04-23 02:00:00,0.0
1844505072,2016-04-23 03:00:00,0.0
1844505072,2016-04-23 04:00:00,0.0
1844505072,2016-04-23 05:00:00,0.0
1844505072,2016-04-23 06:00:00,0.0
1844505072,2016-04-23 07:00:00,0.0
1844505072,2016-04-23 08:00:00,0.0
1844505072,2016-04-23 09:00:00,0.0
1844505072,2016-04-23 10:00:00,392.0
1844505072,2016-04-23 11:00:00,758.0
1844505072,2016-04-23 12:00:00,539.0
1844505072,2016-04-23 13:00:00,128.0
1844505072,2016-04-23 14:00:00,0.0
1844505072,2016-04-23 15:00:00,583.0
1844505072,2016-04-23 16:00:00,947.0
1844505072,2016-04-23 17:00:00,74.0
1844505072,2016-04-23 18:00:00,0.0
1844505072,2016-04-23 19:00:00,0.0
1844505072,2016-04-23 20:00:00,0.0
1844505072,2016-04-23 21:00:00,0.0
1844505072,2016-04-23 22:00:00,0.0
1844505072,2016-04-23 23:00:00,0.0
1844505072,2016-04-24 00:00:00,0.0
1844505072,2016-04-24 01:00:00,0.0
1844505072,2016-04-24 02:00:00,0.0
1844505072,2016-04-24 03:00:00,0.0
1844505072,2016-04-24 04:00:00,0.0
1844505072,2016-04-24 05:00:00,0.0
1844505072,2016-04-24 06:00:00,0.0
1844505072,2016-04-24 07:00:00,0.0
1844505072,2016-04-24 08:00:00,0.0
1844505072,2016-04-24 09:00:00,0.0
1844505072,2016-04-24 10:00:00,0.0
1844505072,2016-04-24 11:00:00,0.0
1844505072,2016-04-24 12:00:00,0.0
1844505072,2016-04-24 13:00:00,0.0
1844505072,2016-04-24 14:00:00,0.0
1844505072,2016-04-24 15:00:00,0.0
1844505072,2016-04-24 16:00:00,0.0
1844505072,2016-04-24 17:00:00,0.0
1844505072,2016-04-24 18:00:00,0.0
1844505072,2016-04-24 19:00:00,0.0
1844505072,2016-04-24 20:00:00,0.0
1844505072,2016-04-24 21:00:00,0.0
1844505072,2016-04-24 22:00:00,0.0
1844505072,2016-04-24 23:00:00,0.0
1844505072,2016-04-25 00:00:00,0.0
1844505072,2016-04-25 01:00:00,0.0
1844505072,2016-04-25 02:00:00,0.0
1844505072,2016-04-25 03:00:00,0.0
1844505072,2016-04-25 04:00:00,0.0
1844505072,2016-04-25 05:00:00,0.0
1844505072,2016-04-25 06:00:00,0.0
1844505072,2016-04-25 07:00:00,0.0
1844505072,2016-04-25 08:00:00,0.0
1844505072,2016-04-25 09:00:00,0.0
1844505072,2016-04-25 10:00:00,0.0
1844505072,2016-04-25 11:00:00,0.0
1844505072,2016-04-25 12:00:00,0.0
1844505072,2016-04-25 13:00:00,0.0
1844505072,2016-04-25 14:00:00,0.0
1844505072,2016-04-25 15:00:00,0.0
1844505072,2016-04-25 16:00:00,0.0
1844505072,2016-04-25 17:00:00,0.0
1844505072,2016-04-25 18:00:00,0.0
1844505072,2016-04-25 19:00:00,0.0
1844505072,2016-04-25 20:00:00,0.0
1844505072,2016-04-25 21:00:00,0.0
1844505072,2016-04-25 22:00:00,0.0
1844505072,2016-04-25 23:00:00,0.0
1844505072,2016-04-26 00:00:00,0.0
1844505072,2016-04-26 01:00:00,0.0
1844505072,2016-04-26 02:00:00,0.0
1844505072,2016-04-26 03:00:00,0.0
1844505072,2016-04-26 04:00:00,0.0
1844505072,2016-04-26 05:00:00,0.0
1844505072,2016-04-26 06:00:00,0.0
1844505072,2016-04-26 07:00:00,0.0
1844505072,2016-04-26 08:00:00,0.0
1844505072,2016-04-26 09:00:00,0.0
1844505072,2016-04-26 10:00:00,0.0
1844505072,2016-04-26 11:00:00,0.0
1844505072,2016-04-26 12:00:00,0.0
1844505072,2016-04-26 13:00:00,0.0
1844505072,2016-04-26 14:00:00,0.0
1844505072,2016-04-26 15:00:00,0.0
1844505072,2016-04-26 16:00:00,0.0
1844505072,2016-04-26 17:00:00,0.0
1844505072,2016-04-26 18:00:00,0.0
1844505072,2016-04-26 19:00:00,0.0
1844505072,2016-04-26 20:00:00,0.0
1844505072,2016-04-26 21:00:00,0.0
1844505072,2016-04-26 22:00:00,0.0
1844505072,2016-04-26 23:00:00,0.0
1844505072,2016-04-27 00:00:00,0.0
1844505072,2016-04-27 01:00:00,0.0
1844505072,2016-04-27 02:00:00,0.0
1844505072,2016-04-27 03:00:00,0.0
1844505072,2016-04-27 04:00:00,0.0
1844505072,2016-04-27 05:00:00,0.0
1844505072,2016-04-27 06:00:00,0.0
1844505072,2016-04-27 07:00:00,0.0
1844505072,2016-04-27 08:00:00,0.0
1844505072,2016-04-27 09:00:00,0.0
1844505072,2016-04-27 10:00:00,0.0
1844505072,2016-04-27 11:00:00,0.0
1844505072,2016-04-27 12:00:00,0.0
1844505072,2016-04-27 13:00:00,0.0
1844505072,2016-04-27 14:00:00,4.0
1844505072,2016-04-27 15:00:00,0.0
1844505072,2016-04-27 16:00:00,0.0
1844505072,2016-04-27 17:00:00,0.0
1844505072,2016-04-27 18:00:00,0.0
1844505072,2016-04-27 19:00:00,0.0
1844505072,2016-04-27 20:00:00,0.0
1844505072,2016-04-27 21:00:00,0.0
1844505072,2016-04-27 22:00:00,0.0
1844505072,2016-04-27 23:00:00,0.0
1844505072,2016-04-28 00:00:00,0.0
1844505072,2016-04-28 01:00:00,0.0
1844505072,2016-04-28 02:00:00,0.0
1844505072,2016-04-28 03:00:00,0.0
1844505072,2016-04-28 04:00:00,0.0
1844505072,2016-04-28 05:00:00,0.0
1844505072,2016-04-28 06:00:00,0.0
1844505072,2016-04-28 07:00:00,0.0
1844505072,2016-04-28 08:00:00,0.0
1844505072,2016-04-28 09:00:00,0.0
1844505072,2016-04-28 10:00:00,205.0
1844505072,2016-04-28 11:00:00,788.0
1844505072,2016-04-28 12:00:00,705.0
1844505072,2016-04-28 13:00:00,284.0
1844505072,2016-04-28 14:00:00,454.0
1844505072,2016-04-28 15:00:00,534.0
1844505072,2016-04-28 16:00:00,332.0
1844505072,2016-04-28 17:00:00,777.0
1844505072,2016-04-28 18:00:00,151.0
1844505072,2016-04-28 19:00:00,335.0
1844505072,2016-04-28 20:00:00,208.0
1844505072,2016-04-28 21:00:00,1001.0
1844505072,2016-04-28 22:00:00,861.0
1844505072,2016-04-28 23:00:00,264.0
1844505072,2016-04-29 00:00:00,68.0
1844505072,2016-04-29 01:00:00,184.0
1844505072,2016-04-29 02:00:00,0.0
1844505072,2016-04-29 03:00:00,0.0
1844505072,2016-04-29 04:00:00,0.0
1844505072,2016-04-29 05:00:00,0.0
1844505072,2016-04-29 06:00:00,0.0
1844505072,2016-04-29 07:00:00,0.0
1844505072,2016-04-29 08:00:00,0.0
1844505072,2016-04-29 09:00:00,232.0
1844505072,2016-04-29 10:00:00,431.0
1844505072,2016-04-29 11:00:00,845.0
1844505072,2016-04-29 12:00:00,53.0
1844505072,2016-04-29 13:00:00,0.0
1844505072,2016-04-29 14:00:00,542.0
1844505072,2016-04-29 15:00:00,57.0
1844505072,2016-04-29 16:00:00,114.0
1844505072,2016-04-29 17:00:00,196.0
1844505072,2016-04-29 18:00:00,405.0
1844505072,2016-04-29 19:00:00,322.0
1844505072,2016-04-29 20:00:00,665.0
1844505072,2016-04-29 21:00:00,133.0
1844505072,2016-04-29 22:00:00,538.0
1844505072,2016-04-29 23:00:00,135.0
1844505072,2016-04-30 00:00:00,0.0
1844505072,2016-04-30 01:00:00,0.0
1844505072,2016-04-30 02:00:00,0.0
1844505072,2016-04-30 03:00:00,0.0
1844505072,2016-04-30 04:00:00,0.0
1844505072,2016-04-30 05:00:00,0.0
1844505072,2016-04-30 06:00:00,0.0
1844505072,2016-04-30 07:00:00,0.0
1844505072,2016-04-30 08:00:00,0.0
1844505072,2016-04-30 09:00:00,0.0
1844505072,2016-04-30 10:00:00,612.0
1844505072,2016-04-30 11:00:00,517.0
1844505072,2016-04-30 12:00:00,551.0
1844505072,2016-04-30 13:00:00,0.0
1844505072,2016-04-30 14:00:00,166.0
1844505072,2016-04-30 15:00:00,314.0
1844505072,2016-04-30 16:00:00,191.0
1844505072,2016-04-30 17:00:00,217.0
1844505072,2016-04-30 18:00:00,276.0
1844505072,2016-04-30 19:00:00,107.0
1844505072,2016-04-30 20:00:00,154.0
1844505072,2016-04-30 21:00:00,203.0
1844505072,2016-04-30 22:00:00,258.0
1844505072,2016-04-30 23:00:00,448.0
1844505072,2016-05-01 00:00:00,1193.0
1844505072,2016-05-01 01:00:00,555.0
1844505072,2016-05-01 02:00:00,773.0
1844505072,2016-05-01 03:00:00,52.0
1844505072,2016-05-01 04:00:00,0.0
1844505072,2016-05-01 05:00:00,0.0
1844505072,2016-05-01 06:00:00,0.0
1844505072,2016-05-01 07:00:00,0.0
1844505072,2016-05-01 08:00:00,0.0
1844505072,2016-05-01 09:00:00,0.0
1844505072,2016-05-01 10:00:00,0.0
1844505072,2016-05-01 11:00:00,0.0
1844505072,2016-05-01 12:00:00,0.0
1844505072,2016-05-01 13:00:00,0.0
1844505072,2016-05-01 14:00:00,0.0
1844505072,2016-05-01 15:00:00,0.0
1844505072,2016-05-01 16:00:00,0.0
1844505072,2016-05-01 17:00:00,0.0
1844505072,2016-05-01 18:00:00,0.0
1844505072,2016-05-01 19:00:00,0.0
1844505072,2016-05-01 20:00:00,0.0
1844505072,2016-05-01 21:00:00,0.0
1844505072,2016-05-01 22:00:00,0.0
1844505072,2016-05-01 23:00:00,0.0
1844505072,2016-05-02 00:00:00,0.0
1844505072,2016-05-02 01:00:00,0.0
1844505072,2016-05-02 02:00:00,0.0
1844505072,2016-05-02 03:00:00,0.0
1844505072,2016-05-02 04:00:00,0.0
1844505072,2016-05-02 05:00:00,0.0
1844505072,2016-05-02 06:00:00,0.0
1844505072,2016-05-02 07:00:00,0.0
1844505072,2016-05-02 08:00:00,0.0
1844505072,2016-05-02 09:00:00,0.0
1844505072,2016-05-02 10:00:00,0.0
1844505072,2016-05-02 11:00:00,0.0
1844505072,2016-05-02 12:00:00,0.0
1844505072,2016-05-02 13:00:00,0.0
1844505072,2016-05-02 14:00:00,0.0
1844505072,2016-05-02 15:00:00,0.0
1844505072,2016-05-02 16:00:00,0.0
1844505072,2016-05-02 17:00:00,0.0
1844505072,2016-05-02 18:00:00,0.0
1844505072,2016-05-02 19:00:00,0.0
1844505072,2016-05-02 20:00:00,0.0
1844505072,2016-05-02 21:00:00,0.0
1844505072,2016-05-02 22:00:00,0.0
1844505072,2016-05-02 23:00:00,0.0
1844505072,2016-05-03 00:00:00,0.0
1844505072,2016-05-03 01:00:00,0.0
1844505072,2016-05-03 02:00:00,0.0
1844505072,2016-05-03 03:00:00,0.0
1844505072,2016-05-03 04:00:00,0.0
1844505072,2016-05-03 05:00:00,0.0
1844505072,2016-05-03 06:00:00,0.0
1844505072,2016-05-03 07:00:00,0.0
1844505072,2016-05-03 08:00:00,0.0
1844505072,2016-05-03 09:00:00,0.0
1844505072,2016-05-03 10:00:00,486.0
1844505072,2016-05-03 11:00:00,683.0
1844505072,2016-05-03 12:00:00,361.0
1844505072,2016-05-03 13:00:00,95.0
1844505072,2016-05-03 14:00:00,769.0
1844505072,2016-05-03 15:00:00,80.0
1844505072,2016-05-03 16:00:00,37.0
1844505072,2016-05-03 17:00:00,622.0
1844505072,2016-05-03 18:00:00,41.0
1844505072,2016-05-03 19:00:00,265.0
1844505072,2016-05-03 20:00:00,312.0
1844505072,2016-05-03 21:00:00,194.0
1844505072,2016-05-03 22:00:00,57.0
1844505072,2016-05-03 23:00:00,57.0
1844505072,2016-05-04 00:00:00,0.0
1844505072,2016-05-04 01:00:00,0.0
1844505072,2016-05-04 02:00:00,0.0
1844505072,2016-05-04 03:00:00,0.0
1844505072,2016-05-04 04:00:00,0.0
1844505072,2016-05-04 05:00:00,0.0
1844505072,2016-05-04 06:00:00,0.0
1844505072,2016-05-04 07:00:00,0.0
1844505072,2016-05-04 08:00:00,0.0
1844505072,2016-05-04 09:00:00,0.0
1844505072,2016-05-04 10:00:00,63.0
1844505072,2016-05-04 11:00:00,720.0
1844505072,2016-05-04 12:00:00,276.0
1844505072,2016-05-04 13:00:00,208.0
1844505072,2016-05-04 14:00:00,9.0
1844505072,2016-05-04 15:00:00,402.0
1844505072,2016-05-04 16:00:00,402.0
1844505072,2016-05-04 17:00:00,0.0
1844505072,2016-05-04 18:00:00,0.0
1844505072,2016-05-04 19:00:00,0.0
1844505072,2016-05-04 20:00:00,0.0
1844505072,2016-05-04 21:00:00,0.0
1844505072,2016-05-04 22:00:00,0.0
1844505072,2016-05-04 23:00:00,0.0
1844505072,2016-05-05 00:00:00,0.0
1844505072,2016-05-05 01:00:00,0.0
1844505072,2016-05-05 02:00:00,0.0
1844505072,2016-05-05 03:00:00,0.0
1844505072,2016-05-05 04:00:00,0.0
1844505072,2016-05-05 05:00:00,0.0
1844505072,2016-05-05 06:00:00,0.0
1844505072,2016-05-05 07:00:00,0.0
1844505072,2016-05-05 08:00:00,0.0
1844505072,2016-05-05 09:00:00,0.0
1844505072,2016-05-05 10:00:00,145.0
1844505072,2016-05-05 11:00:00,423.0
1844505072,2016-05-05 12:00:00,184.0
1844505072,2016-05-05 13:00:00,464.0
1844505072,2016-05-05 14:00:00,542.0
1844505072,2016-05-05 15:00:00,479.0
1844505072,2016-05-05 16:00:00,0.0
1844505072,2016-05-05 17:00:00,0.0
1844505072,2016-05-05 18:00:00,0.0
1844505072,2016-05-05 19:00:00,0.0
1844505072,2016-05-05 20:00:00,0.0
1844505072,2016-05-05 21:00:00,0.0
1844505072,2016-05-05 22:00:00,0.0
1844505072,2016-05-05 23:00:00,0.0
1844505072,2016-05-06 00:00:00,0.0
1844505072,2016-05-06 01:00:00,0.0
1844505072,2016-05-06 02:00:00,0.0
1844505072,2016-05-06 03:00:00,0.0
1844505072,2016-05-06 04:00:00,0.0
1844505072,2016-05-06 05:00:00,0.0
1844505072,2016-05-06 06:00:00,0.0
1844505072,2016-05-06 07:00:00,0.0
1844505072,2016-05-06 08:00:00,0.0
1844505072,2016-05-06 09:00:00,0.0
1844505072,2016-05-06 10:00:00,0.0
1844505072,2016-05-06 11:00:00,0.0
1844505072,2016-05-06 12:00:00,0.0
1844505072,2016-05-06 13:00:00,0.0
1844505072,2016-05-06 14:00:00,0.0
1844505072,2016-05-06 15:00:00,0.0
1844505072,2016-05-06 16:00:00,0.0
1844505072,2016-05-06 17:00:00,0.0
1844505072,2016-05-06 18:00:00,0.0
1844505072,2016-05-06 19:00:00,44.0
1844505072,2016-05-06 20:00:00,0.0
1844505072,2016-05-06 21:00:00,0.0
1844505072,2016-05-06 22:00:00,0.0
1844505072,2016-05-06 23:00:00,0.0
1844505072,2016-05-07 00:00:00,0.0
1844505072,2016-05-07 01:00:00,0.0
1844505072,2016-05-07 02:00:00,0.0
1844505072,2016-05-07 03:00:00,0.0
1844505072,2016-05-07 04:00:00,0.0
1844505072,2016-05-07 05:00:00,0.0
1844505072,2016-05-07 06:00:00,0.0
1844505072,2016-05-07 07:00:00,0.0
1844505072,2016-05-07 08:00:00,0.0
1844505072,2016-05-07 09:00:00,0.0
1844505072,2016-05-07 10:00:00,0.0
1844505072,2016-05-07 11:00:00,0.0
1844505072,2016-05-07 12:00:00,0.0
1844505072,2016-05-07 13:00:00,0.0
1844505072,2016-05-07 14:00:00,0.0
1844505072,2016-05-07 15:00:00,0.0
1844505072,2016-05-07 16:00:00,0.0
1844505072,2016-05-07 17:00:00,0.0
1844505072,2016-05-07 18:00:00,0.0
1844505072,2016-05-07 19:00:00,0.0
1844505072,2016-05-07 20:00:00,0.0
1844505072,2016-05-07 21:00:00,0.0
1844505072,2016-05-07 22:00:00,0.0
1844505072,2016-05-07 23:00:00,0.0
1844505072,2016-05-08 00:00:00,0.0
1844505072,2016-05-08 01:00:00,0.0
1844505072,2016-05-08 02:00:00,0.0
1844505072,2016-05-08 03:00:00,0.0
1844505072,2016-05-08 04:00:00,0.0
1844505072,2016-05-08 05:00:00,0.0
1844505072,2016-05-08 06:00:00,0.0
1844505072,2016-05-08 07:00:00,0.0
1844505072,2016-05-08 08:00:00,0.0
1844505072,2016-05-08 09:00:00,0.0
1844505072,2016-05-08 10:00:00,0.0
1844505072,2016-05-08 11:00:00,0.0
1844505072,2016-05-08 12:00:00,0.0
1844505072,2016-05-08 13:00:00,0.0
1844505072,2016-05-08 14:00:00,0.0
1844505072,2016-05-08 15:00:00,0.0
1844505072,2016-05-08 16:00:00,0.0
1844505072,2016-05-08 17:00:00,0.0
1844505072,2016-05-08 18:00:00,0.0
1844505072,2016-05-08 19:00:00,0.0
1844505072,2016-05-08 20:00:00,0.0
1844505072,2016-05-08 21:00:00,0.0
1844505072,2016-05-08 22:00:00,0.0
1844505072,2016-05-08 23:00:00,0.0
1844505072,2016-05-09 00:00:00,0.0
1844505072,2016-05-09 01:00:00,0.0
1844505072,2016-05-09 02:00:00,0.0
1844505072,2016-05-09 03:00:00,0.0
1844505072,2016-05-09 04:00:00,0.0
1844505072,2016-05-09 05:00:00,0.0
1844505072,2016-05-09 06:00:00,0.0
1844505072,2016-05-09 07:00:00,0.0
1844505072,2016-05-09 08:00:00,0.0
1844505072,2016-05-09 09:00:00,0.0
1844505072,2016-05-09 10:00:00,0.0
1844505072,2016-05-09 11:00:00,0.0
1844505072,2016-05-09 12:00:00,0.0
1844505072,2016-05-09 13:00:00,0.0
1844505072,2016-05-09 14:00:00,0.0
1844505072,2016-05-09 15:00:00,0.0
1844505072,2016-05-09 16:00:00,0.0
1844505072,2016-05-09 17:00:00,0.0
1844505072,2016-05-09 18:00:00,0.0
1844505072,2016-05-09 19:00:00,0.0
1844505072,2016-05-09 20:00:00,0.0
1844505072,2016-05-09 21:00:00,0.0
1844505072,2016-05-09 22:00:00,0.0
1844505072,2016-05-09 23:00:00,0.0
1844505072,2016-05-10 00:00:00,0.0
1844505072,2016-05-10 01:00:00,0.0
1844505072,2016-05-10 02:00:00,0.0
1844505072,2016-05-10 03:00:00,0.0
1844505072,2016-05-10 04:00:00,0.0
1844505072,2016-05-10 05:00:00,0.0
1844505072,2016-05-10 06:00:00,0.0
1844505072,2016-05-10 07:00:00,0.0
1844505072,2016-05-10 08:00:00,0.0
1844505072,2016-05-10 09:00:00,0.0
1844505072,2016-05-10 10:00:00,0.0
1844505072,2016-05-10 11:00:00,0.0
1844505072,2016-05-10 12:00:00,0.0
1844505072,2016-05-10 13:00:00,0.0
1844505072,2016-05-10 14:00:00,0.0
1844505072,2016-05-10 15:00:00,0.0
1844505072,2016-05-10 16:00:00,0.0
1844505072,2016-05-10 17:00:00,0.0
1844505072,2016-05-10 18:00:00,0.0
1844505072,2016-05-10 19:00:00,0.0
1844505072,2016-05-10 20:00:00,0.0
1844505072,2016-05-10 21:00:00,0.0
1844505072,2016-05-10 22:00:00,0.0
1844505072,2016-05-10 23:00:00,0.0
1844505072,2016-05-11 00:00:00,0.0
1844505072,2016-05-11 01:00:00,0.0
1844505072,2016-05-11 02:00:00,0.0
1844505072,2016-05-11 03:00:00,0.0
1844505072,2016-05-11 04:00:00,0.0
1844505072,2016-05-11 05:00:00,0.0
1844505072,2016-05-11 06:00:00,0.0
1844505072,2016-05-11 07:00:00,0.0
1844505072,2016-05-11 08:00:00,0.0
1844505072,2016-05-11 09:00:00,0.0
1844505072,2016-05-11 10:00:00,0.0
1844505072,2016-05-11 11:00:00,0.0
1844505072,2016-05-11 12:00:00,0.0
1844505072,2016-05-11 13:00:00,0.0
1844505072,2016-05-11 14:00:00,0.0
1844505072,2016-05-11 15:00:00,0.0
1844505072,2016-05-11 16:00:00,0.0
1844505072,2016-05-11 17:00:00,0.0
1844505072,2016-05-11 18:00:00,0.0
1844505072,2016-05-11 19:00:00,0.0
1844505072,2016-05-11 20:00:00,0.0
1844505072,2016-05-11 21:00:00,0.0
1844505072,2016-05-11 22:00:00,0.0
1844505072,2016-05-11 23:00:00,0.0
1844505072,2016-05-12 00:00:00,0.0
1844505072,2016-05-12 01:00:00,0.0
1844505072,2016-05-12 02:00:00,0.0
1844505072,2016-05-12 03:00:00,0.0
1844505072,2016-05-12 04:00:00,0.0
1844505072,2016-05-12 05:00:00,0.0
1844505072,2016-05-12 06:00:00,0.0
1844505072,2016-05-12 07:00:00,0.0
1844505072,2016-05-12 08:00:00,0.0
1844505072,2016-05-12 09:00:00,0.0
1844505072,2016-05-12 10:00:00,0.0
1927972279,2016-04-12 00:00:00,0.0
1927972279,2016-04-12 01:00:00,0.0
1927972279,2016-04-12 02:00:00,0.0
1927972279,2016-04-12 03:00:00,0.0
1927972279,2016-04-12 04:00:00,4.0
1927972279,2016-04-12 05:00:00,0.0
1927972279,2016-04-12 06:00:00,20.0
1927972279,2016-04-12 07:00:00,0.0
1927972279,2016-04-12 08:00:00,0.0
1927972279,2016-04-12 09:00:00,0.0
1927972279,2016-04-12 10:00:00,0.0
1927972279,2016-04-12 11:00:00,17.0
1927972279,2016-04-12 12:00:00,0.0
1927972279,2016-04-12 13:00:00,0.0
1927972279,2016-04-12 14:00:00,169.0
1927972279,2016-04-12 15:00:00,12.0
1927972279,2016-04-12 16:00:00,77.0
1927972279,2016-04-12 17:00:00,119.0
1927972279,2016-04-12 18:00:00,0.0
1927972279,2016-04-12 19:00:00,28.0
1927972279,2016-04-12 20:00:00,32.0
1927972279,2016-04-12 21:00:00,105.0
1927972279,2016-04-12 22:00:00,50.0
1927972279,2016-04-12 23:00:00,45.0
1927972279,2016-04-13 00:00:00,4.0
1927972279,2016-04-13 01:00:00,16.0
1927972279,2016-04-13 02:00:00,17.0
1927972279,2016-04-13 03:00:00,0.0
1927972279,2016-04-13 04:00:00,12.0
1927972279,2016-04-13 05:00:00,0.0
1927972279,2016-04-13 06:00:00,0.0
1927972279,2016-04-13 07:00:00,0.0
1927972279,2016-04-13 08:00:00,0.0
1927972279,2016-04-13 09:00:00,79.0
1927972279,2016-04-13 10:00:00,0.0
1927972279,2016-04-13 11:00:00,5.0
1927972279,2016-04-13 12:00:00,0.0
1927972279,2016-04-13 13:00:00,0.0
1927972279,2016-04-13 14:00:00,0.0
1927972279,2016-04-13 15:00:00,0.0
1927972279,2016-04-13 16:00:00,0.0
1927972279,2016-04-13 17:00:00,115.0
1927972279,2016-04-13 18:00:00,108.0
1927972279,2016-04-13 19:00:00,0.0
1927972279,2016-04-13 20:00:00,0.0
1927972279,2016-04-13 21:00:00,0.0
1927972279,2016-04-13 22:00:00,0.0
1927972279,2016-04-13 23:00:00,0.0
1927972279,2016-04-14 00:00:00,0.0
1927972279,2016-04-14 01:00:00,0.0
1927972279,2016-04-14 02:00:00,0.0
1927972279,2016-04-14 03:00:00,0.0
1927972279,2016-04-14 04:00:00,0.0
1927972279,2016-04-14 05:00:00,0.0
1927972279,2016-04-14 06:00:00,0.0
1927972279,2016-04-14 07:00:00,0.0
1927972279,2016-04-14 08:00:00,0.0
1927972279,2016-04-14 09:00:00,0.0
1927972279,2016-04-14 10:00:00,0.0
1927972279,2016-04-14 11:00:00,0.0
1927972279,2016-04-14 12:00:00,0.0
1927972279,2016-04-14 13:00:00,0.0
1927972279,2016-04-14 14:00:00,54.0
1927972279,2016-04-14 15:00:00,959.0
1927972279,2016-04-14 16:00:00,440.0
1927972279,2016-04-14 17:00:00,388.0
1927972279,2016-04-14 18:00:00,143.0
1927972279,2016-04-14 19:00:00,70.0
1927972279,2016-04-14 20:00:00,22.0
1927972279,2016-04-14 21:00:00,46.0
1927972279,2016-04-14 22:00:00,34.0
1927972279,2016-04-14 23:00:00,7.0
1927972279,2016-04-15 00:00:00,5.0
1927972279,2016-04-15 01:00:00,0.0
1927972279,2016-04-15 02:00:00,0.0
1927972279,2016-04-15 03:00:00,0.0
1927972279,2016-04-15 04:00:00,94.0
1927972279,2016-04-15 05:00:00,0.0
1927972279,2016-04-15 06:00:00,0.0
1927972279,2016-04-15 07:00:00,0.0
1927972279,2016-04-15 08:00:00,0.0
1927972279,2016-04-15 09:00:00,403.0
1927972279,2016-04-15 10:00:00,41.0
1927972279,2016-04-15 11:00:00,328.0
1927972279,2016-04-15 12:00:00,109.0
1927972279,2016-04-15 13:00:00,0.0
1927972279,2016-04-15 14:00:00,0.0
1927972279,2016-04-15 15:00:00,0.0
1927972279,2016-04-15 16:00:00,0.0
1927972279,2016-04-15 17:00:00,0.0
1927972279,2016-04-15 18:00:00,0.0
1927972279,2016-04-15 19:00:00,0.0
1927972279,2016-04-15 20:00:00,0.0
1927972279,2016-04-15 21:00:00,0.0
1927972279,2016-04-15 22:00:00,0.0
1927972279,2016-04-15 23:00:00,0.0
1927972279,2016-04-16 00:00:00,0.0
1927972279,2016-04-16 01:00:00,0.0
1927972279,2016-04-16 02:00:00,0.0
1927972279,2016-04-16 03:00:00,0.0
1927972279,2016-04-16 04:00:00,0.0
1927972279,2016-04-16 05:00:00,0.0
1927972279,2016-04-16 06:00:00,0.0
1927972279,2016-04-16 07:00:00,0.0
1927972279,2016-04-16 08:00:00,0.0
1927972279,2016-04-16 09:00:00,0.0
1927972279,2016-04-16 10:00:00,0.0
1927972279,2016-04-16 11:00:00,0.0
1927972279,2016-04-16 12:00:00,0.0
1927972279,2016-04-16 13:00:00,0.0
1927972279,2016-04-16 14:00:00,0.0
1927972279,2016-04-16 15:00:00,0.0
1927972279,2016-04-16 16:00:00,0.0
1927972279,2016-04-16 17:00:00,0.0
1927972279,2016-04-16 18:00:00,0.0
1927972279,2016-04-16 19:00:00,0.0
1927972279,2016-04-16 20:00:00,0.0
1927972279,2016-04-16 21:00:00,0.0
1927972279,2016-04-16 22:00:00,0.0
1927972279,2016-04-16 23:00:00,0.0
1927972279,2016-04-17 00:00:00,0.0
1927972279,2016-04-17 01:00:00,0.0
1927972279,2016-04-17 02:00:00,0.0
1927972279,2016-04-17 03:00:00,0.0
1927972279,2016-04-17 04:00:00,0.0
1927972279,2016-04-17 05:00:00,0.0
1927972279,2016-04-17 06:00:00,0.0
1927972279,2016-04-17 07:00:00,0.0
1927972279,2016-04-17 08:00:00,0.0
1927972279,2016-04-17 09:00:00,0.0
1927972279,2016-04-17 10:00:00,0.0
1927972279,2016-04-17 11:00:00,0.0
1927972279,2016-04-17 12:00:00,0.0
1927972279,2016-04-17 13:00:00,0.0
1927972279,2016-04-17 14:00:00,0.0
1927972279,2016-04-17 15:00:00,0.0
1927972279,2016-04-17 16:00:00,0.0
1927972279,2016-04-17 17:00:00,0.0
1927972279,2016-04-17 18:00:00,0.0
1927972279,2016-04-17 19:00:00,0.0
1927972279,2016-04-17 20:00:00,0.0
1927972279,2016-04-17 21:00:00,0.0
1927972279,2016-04-17 22:00:00,0.0
1927972279,2016-04-17 23:00:00,0.0
1927972279,2016-04-18 00:00:00,0.0
1927972279,2016-04-18 01:00:00,0.0
1927972279,2016-04-18 02:00:00,0.0
1927972279,2016-04-18 03:00:00,0.0
1927972279,2016-04-18 04:00:00,0.0
1927972279,2016-04-18 05:00:00,0.0
1927972279,2016-04-18 06:00:00,0.0
1927972279,2016-04-18 07:00:00,0.0
1927972279,2016-04-18 08:00:00,0.0
1927972279,2016-04-18 09:00:00,0.0
1927972279,2016-04-18 10:00:00,0.0
1927972279,2016-04-18 11:00:00,158.0
1927972279,2016-04-18 12:00:00,86.0
1927972279,2016-04-18 13:00:00,0.0
1927972279,2016-04-18 14:00:00,0.0
1927972279,2016-04-18 15:00:00,0.0
1927972279,2016-04-18 16:00:00,0.0
1927972279,2016-04-18 17:00:00,0.0
1927972279,2016-04-18 18:00:00,0.0
1927972279,2016-04-18 19:00:00,0.0
1927972279,2016-04-18 20:00:00,0.0
1927972279,2016-04-18 21:00:00,0.0
1927972279,2016-04-18 22:00:00,0.0
1927972279,2016-04-18 23:00:00,0.0
1927972279,2016-04-19 00:00:00,0.0
1927972279,2016-04-19 01:00:00,0.0
1927972279,2016-04-19 02:00:00,0.0
1927972279,2016-04-19 03:00:00,0.0
1927972279,2016-04-19 04:00:00,0.0
1927972279,2016-04-19 05:00:00,0.0
1927972279,2016-04-19 06:00:00,0.0
1927972279,2016-04-19 07:00:00,0.0
1927972279,2016-04-19 08:00:00,0.0
1927972279,2016-04-19 09:00:00,0.0
1927972279,2016-04-19 10:00:00,0.0
1927972279,2016-04-19 11:00:00,0.0
1927972279,2016-04-19 12:00:00,0.0
1927972279,2016-04-19 13:00:00,0.0
1927972279,2016-04-19 14:00:00,0.0
1927972279,2016-04-19 15:00:00,0.0
1927972279,2016-04-19 16:00:00,0.0
1927972279,2016-04-19 17:00:00,0.0
1927972279,2016-04-19 18:00:00,0.0
1927972279,2016-04-19 19:00:00,0.0
1927972279,2016-04-19 20:00:00,0.0
1927972279,2016-04-19 21:00:00,0.0
1927972279,2016-04-19 22:00:00,0.0
1927972279,2016-04-19 23:00:00,0.0
1927972279,2016-04-20 00:00:00,0.0
1927972279,2016-04-20 01:00:00,0.0
1927972279,2016-04-20 02:00:00,0.0
1927972279,2016-04-20 03:00:00,0.0
1927972279,2016-04-20 04:00:00,0.0
1927972279,2016-04-20 05:00:00,0.0
1927972279,2016-04-20 06:00:00,0.0
1927972279,2016-04-20 07:00:00,0.0
1927972279,2016-04-20 08:00:00,0.0
1927972279,2016-04-20 09:00:00,0.0
1927972279,2016-04-20 10:00:00,0.0
1927972279,2016-04-20 11:00:00,0.0
1927972279,2016-04-20 12:00:00,0.0
1927972279,2016-04-20 13:00:00,0.0
1927972279,2016-04-20 14:00:00,0.0
1927972279,2016-04-20 15:00:00,0.0
1927972279,2016-04-20 16:00:00,0.0
1927972279,2016-04-20 17:00:00,0.0
1927972279,2016-04-20 18:00:00,0.0
1927972279,2016-04-20 19:00:00,0.0
1927972279,2016-04-20 20:00:00,0.0
1927972279,2016-04-20 21:00:00,0.0
1927972279,2016-04-20 22:00:00,0.0
1927972279,2016-04-20 23:00:00,0.0
1927972279,2016-04-21 00:00:00,0.0
1927972279,2016-04-21 01:00:00,0.0
1927972279,2016-04-21 02:00:00,0.0
1927972279,2016-04-21 03:00:00,0.0
1927972279,2016-04-21 04:00:00,0.0
1927972279,2016-04-21 05:00:00,0.0
1927972279,2016-04-21 06:00:00,0.0
1927972279,2016-04-21 07:00:00,0.0
1927972279,2016-04-21 08:00:00,0.0
1927972279,2016-04-21 09:00:00,0.0
1927972279,2016-04-21 10:00:00,0.0
1927972279,2016-04-21 11:00:00,0.0
1927972279,2016-04-21 12:00:00,0.0
1927972279,2016-04-21 13:00:00,0.0
1927972279,2016-04-21 14:00:00,0.0
1927972279,2016-04-21 15:00:00,0.0
1927972279,2016-04-21 16:00:00,0.0
1927972279,2016-04-21 17:00:00,0.0
1927972279,2016-04-21 18:00:00,0.0
1927972279,2016-04-21 19:00:00,0.0
1927972279,2016-04-21 20:00:00,0.0
1927972279,2016-04-21 21:00:00,0.0
1927972279,2016-04-21 22:00:00,0.0
1927972279,2016-04-21 23:00:00,0.0
1927972279,2016-04-22 00:00:00,0.0
1927972279,2016-04-22 01:00:00,0.0
1927972279,2016-04-22 02:00:00,0.0
1927972279,2016-04-22 03:00:00,0.0
1927972279,2016-04-22 04:00:00,0.0
1927972279,2016-04-22 05:00:00,0.0
1927972279,2016-04-22 06:00:00,0.0
1927972279,2016-04-22 07:00:00,0.0
1927972279,2016-04-22 08:00:00,0.0
1927972279,2016-04-22 09:00:00,0.0
1927972279,2016-04-22 10:00:00,0.0
1927972279,2016-04-22 11:00:00,0.0
1927972279,2016-04-22 12:00:00,133.0
1927972279,2016-04-22 13:00:00,8.0
1927972279,2016-04-22 14:00:00,0.0
1927972279,2016-04-22 15:00:00,8.0
1927972279,2016-04-22 16:00:00,0.0
1927972279,2016-04-22 17:00:00,0.0
1927972279,2016-04-22 18:00:00,0.0
1927972279,2016-04-22 19:00:00,0.0
1927972279,2016-04-22 20:00:00,0.0
1927972279,2016-04-22 21:00:00,0.0
1927972279,2016-04-22 22:00:00,0.0
1927972279,2016-04-22 23:00:00,0.0
1927972279,2016-04-23 00:00:00,0.0
1927972279,2016-04-23 01:00:00,0.0
1927972279,2016-04-23 02:00:00,0.0
1927972279,2016-04-23 03:00:00,0.0
1927972279,2016-04-23 04:00:00,0.0
1927972279,2016-04-23 05:00:00,0.0
1927972279,2016-04-23 06:00:00,0.0
1927972279,2016-04-23 07:00:00,0.0
1927972279,2016-04-23 08:00:00,967.0
1927972279,2016-04-23 09:00:00,171.0
1927972279,2016-04-23 10:00:00,15.0
1927972279,2016-04-23 11:00:00,246.0
1927972279,2016-04-23 12:00:00,423.0
1927972279,2016-04-23 13:00:00,484.0
1927972279,2016-04-23 14:00:00,0.0
1927972279,2016-04-23 15:00:00,0.0
1927972279,2016-04-23 16:00:00,42.0
1927972279,2016-04-23 17:00:00,82.0
1927972279,2016-04-23 18:00:00,286.0
1927972279,2016-04-23 19:00:00,123.0
1927972279,2016-04-23 20:00:00,77.0
1927972279,2016-04-23 21:00:00,29.0
1927972279,2016-04-23 22:00:00,0.0
1927972279,2016-04-23 23:00:00,0.0
1927972279,2016-04-24 00:00:00,0.0
1927972279,2016-04-24 01:00:00,0.0
1927972279,2016-04-24 02:00:00,0.0
1927972279,2016-04-24 03:00:00,0.0
1927972279,2016-04-24 04:00:00,0.0
1927972279,2016-04-24 05:00:00,0.0
1927972279,2016-04-24 06:00:00,0.0
1927972279,2016-04-24 07:00:00,0.0
1927972279,2016-04-24 08:00:00,0.0
1927972279,2016-04-24 09:00:00,0.0
1927972279,2016-04-24 10:00:00,1038.0
1927972279,2016-04-24 11:00:00,422.0
1927972279,2016-04-24 12:00:00,259.0
1927972279,2016-04-24 13:00:00,371.0
1927972279,2016-04-24 14:00:00,0.0
1927972279,2016-04-24 15:00:00,0.0
1927972279,2016-04-24 16:00:00,0.0
1927972279,2016-04-24 17:00:00,0.0
1927972279,2016-04-24 18:00:00,0.0
1927972279,2016-04-24 19:00:00,0.0
1927972279,2016-04-24 20:00:00,0.0
1927972279,2016-04-24 21:00:00,0.0
1927972279,2016-04-24 22:00:00,0.0
1927972279,2016-04-24 23:00:00,0.0
1927972279,2016-04-25 00:00:00,0.0
1927972279,2016-04-25 01:00:00,0.0
1927972279,2016-04-25 02:00:00,0.0
1927972279,2016-04-25 03:00:00,0.0
1927972279,2016-04-25 04:00:00,0.0
1927972279,2016-04-25 05:00:00,0.0
1927972279,2016-04-25 06:00:00,0.0
1927972279,2016-04-25 07:00:00,0.0
1927972279,2016-04-25 08:00:00,0.0
1927972279,2016-04-25 09:00:00,0.0
1927972279,2016-04-25 10:00:00,0.0
1927972279,2016-04-25 11:00:00,0.0
1927972279,2016-04-25 12:00:00,0.0
1927972279,2016-04-25 13:00:00,0.0
1927972279,2016-04-25 14:00:00,0.0
1927972279,2016-04-25 15:00:00,0.0
1927972279,2016-04-25 16:00:00,0.0
1927972279,2016-04-25 17:00:00,0.0
1927972279,2016-04-25 18:00:00,0.0
1927972279,2016-04-25 19:00:00,0.0
1927972279,2016-04-25 20:00:00,29.0
1927972279,2016-04-25 21:00:00,123.0
1927972279,2016-04-25 22:00:00,0.0
1927972279,2016-04-25 23:00:00,0.0
1927972279,2016-04-26 00:00:00,11.0
1927972279,2016-04-26 01:00:00,7.0
1927972279,2016-04-26 02:00:00,0.0
1927972279,2016-04-26 03:00:00,22.0
1927972279,2016-04-26 04:00:00,0.0
1927972279,2016-04-26 05:00:00,0.0
1927972279,2016-04-26 06:00:00,8.0
1927972279,2016-04-26 07:00:00,0.0
1927972279,2016-04-26 08:00:00,0.0
1927972279,2016-04-26 09:00:00,0.0
1927972279,2016-04-26 10:00:00,65.0
1927972279,2016-04-26 11:00:00,378.0
1927972279,2016-04-26 12:00:00,60.0
1927972279,2016-04-26 13:00:00,370.0
1927972279,2016-04-26 14:00:00,205.0
1927972279,2016-04-26 15:00:00,202.0
1927972279,2016-04-26 16:00:00,977.0
1927972279,2016-04-26 17:00:00,307.0
1927972279,2016-04-26 18:00:00,516.0
1927972279,2016-04-26 19:00:00,346.0
1927972279,2016-04-26 20:00:00,100.0
1927972279,2016-04-26 21:00:00,69.0
1927972279,2016-04-26 22:00:00,74.0
1927972279,2016-04-26 23:00:00,44.0
1927972279,2016-04-27 00:00:00,0.0
1927972279,2016-04-27 01:00:00,0.0
1927972279,2016-04-27 02:00:00,0.0
1927972279,2016-04-27 03:00:00,0.0
1927972279,2016-04-27 04:00:00,0.0
1927972279,2016-04-27 05:00:00,0.0
1927972279,2016-04-27 06:00:00,0.0
1927972279,2016-04-27 07:00:00,0.0
1927972279,2016-04-27 08:00:00,0.0
1927972279,2016-04-27 09:00:00,0.0
1927972279,2016-04-27 10:00:00,0.0
1927972279,2016-04-27 11:00:00,0.0
1927972279,2016-04-27 12:00:00,0.0
1927972279,2016-04-27 13:00:00,0.0
1927972279,2016-04-27 14:00:00,0.0
1927972279,2016-04-27 15:00:00,0.0
1927972279,2016-04-27 16:00:00,0.0
1927972279,2016-04-27 17:00:00,0.0
1927972279,2016-04-27 18:00:00,0.0
1927972279,2016-04-27 19:00:00,0.0
1927972279,2016-04-27 20:00:00,0.0
1927972279,2016-04-27 21:00:00,0.0
1927972279,2016-04-27 22:00:00,0.0
1927972279,2016-04-27 23:00:00,0.0
1927972279,2016-04-28 00:00:00,0.0
1927972279,2016-04-28 01:00:00,0.0
1927972279,2016-04-28 02:00:00,0.0
1927972279,2016-04-28 03:00:00,0.0
1927972279,2016-04-28 04:00:00,0.0
1927972279,2016-04-28 05:00:00,0.0
1927972279,2016-04-28 06:00:00,0.0
1927972279,2016-04-28 07:00:00,0.0
1927972279,2016-04-28 08:00:00,437.0
1927972279,2016-04-28 09:00:00,99.0
1927972279,2016-04-28 10:00:00,273.0
1927972279,2016-04-28 11:00:00,133.0
1927972279,2016-04-28 12:00:00,4.0
1927972279,2016-04-28 13:00:00,13.0
1927972279,2016-04-28 14:00:00,74.0
1927972279,2016-04-28 15:00:00,39.0
1927972279,2016-04-28 16:00:00,100.0
1927972279,2016-04-28 17:00:00,78.0
1927972279,2016-04-28 18:00:00,362.0
1927972279,2016-04-28 19:00:00,24.0
1927972279,2016-04-28 20:00:00,39.0
1927972279,2016-04-28 21:00:00,0.0
1927972279,2016-04-28 22:00:00,0.0
1927972279,2016-04-28 23:00:00,0.0
1927972279,2016-04-29 00:00:00,0.0
1927972279,2016-04-29 01:00:00,0.0
1927972279,2016-04-29 02:00:00,0.0
1927972279,2016-04-29 03:00:00,0.0
1927972279,2016-04-29 04:00:00,0.0
1927972279,2016-04-29 05:00:00,0.0
1927972279,2016-04-29 06:00:00,0.0
1927972279,2016-04-29 07:00:00,0.0
1927972279,2016-04-29 08:00:00,0.0
1927972279,2016-04-29 09:00:00,0.0
1927972279,2016-04-29 10:00:00,0.0
1927972279,2016-04-29 11:00:00,0.0
1927972279,2016-04-29 12:00:00,0.0
1927972279,2016-04-29 13:00:00,0.0
1927972279,2016-04-29 14:00:00,0.0
1927972279,2016-04-29 15:00:00,0.0
1927972279,2016-04-29 16:00:00,0.0
1927972279,2016-04-29 17:00:00,0.0
1927972279,2016-04-29 18:00:00,0.0
1927972279,2016-04-29 19:00:00,0.0
1927972279,2016-04-29 20:00:00,0.0
1927972279,2016-04-29 21:00:00,0.0
1927972279,2016-04-29 22:00:00,0.0
1927972279,2016-04-29 23:00:00,0.0
1927972279,2016-04-30 00:00:00,0.0
1927972279,2016-04-30 01:00:00,0.0
1927972279,2016-04-30 02:00:00,0.0
1927972279,2016-04-30 03:00:00,0.0
1927972279,2016-04-30 04:00:00,0.0
1927972279,2016-04-30 05:00:00,0.0
1927972279,2016-04-30 06:00:00,0.0
1927972279,2016-04-30 07:00:00,0.0
1927972279,2016-04-30 08:00:00,0.0
1927972279,2016-04-30 09:00:00,0.0
1927972279,2016-04-30 10:00:00,0.0
1927972279,2016-04-30 11:00:00,0.0
1927972279,2016-04-30 12:00:00,0.0
1927972279,2016-04-30 13:00:00,0.0
1927972279,2016-04-30 14:00:00,0.0
1927972279,2016-04-30 15:00:00,0.0
1927972279,2016-04-30 16:00:00,0.0
1927972279,2016-04-30 17:00:00,0.0
1927972279,2016-04-30 18:00:00,0.0
1927972279,2016-04-30 19:00:00,0.0
1927972279,2016-04-30 20:00:00,0.0
1927972279,2016-04-30 21:00:00,0.0
1927972279,2016-04-30 22:00:00,0.0
1927972279,2016-04-30 23:00:00,0.0
1927972279,2016-05-01 00:00:00,0.0
1927972279,2016-05-01 01:00:00,0.0
1927972279,2016-05-01 02:00:00,0.0
1927972279,2016-05-01 03:00:00,0.0
1927972279,2016-05-01 04:00:00,0.0
1927972279,2016-05-01 05:00:00,0.0
1927972279,2016-05-01 06:00:00,0.0
1927972279,2016-05-01 07:00:00,0.0
1927972279,2016-05-01 08:00:00,27.0
1927972279,2016-05-01 09:00:00,0.0
1927972279,2016-05-01 10:00:00,79.0
1927972279,2016-05-01 11:00:00,151.0
1927972279,2016-05-01 12:00:00,84.0
1927972279,2016-05-01 13:00:00,1783.0
1927972279,2016-05-01 14:00:00,232.0
1927972279,2016-05-01 15:00:00,15.0
1927972279,2016-05-01 16:00:00,12.0
1927972279,2016-05-01 17:00:00,13.0
1927972279,2016-05-01 18:00:00,35.0
1927972279,2016-05-01 19:00:00,190.0
1927972279,2016-05-01 20:00:00,11.0
1927972279,2016-05-01 21:00:00,72.0
1927972279,2016-05-01 22:00:00,0.0
1927972279,2016-05-01 23:00:00,0.0
1927972279,2016-05-02 00:00:00,0.0
1927972279,2016-05-02 01:00:00,0.0
1927972279,2016-05-02 02:00:00,0.0
1927972279,2016-05-02 03:00:00,0.0
1927972279,2016-05-02 04:00:00,0.0
1927972279,2016-05-02 05:00:00,0.0
1927972279,2016-05-02 06:00:00,0.0
1927972279,2016-05-02 07:00:00,0.0
1927972279,2016-05-02 08:00:00,0.0
1927972279,2016-05-02 09:00:00,0.0
1927972279,2016-05-02 10:00:00,0.0
1927972279,2016-05-02 11:00:00,2109.0
1927972279,2016-05-02 12:00:00,78.0
1927972279,2016-05-02 13:00:00,25.0
1927972279,2016-05-02 14:00:00,147.0
1927972279,2016-05-02 15:00:00,132.0
1927972279,2016-05-02 16:00:00,190.0
1927972279,2016-05-02 17:00:00,249.0
1927972279,2016-05-02 18:00:00,207.0
1927972279,2016-05-02 19:00:00,653.0
1927972279,2016-05-02 20:00:00,0.0
1927972279,2016-05-02 21:00:00,0.0
1927972279,2016-05-02 22:00:00,0.0
1927972279,2016-05-02 23:00:00,0.0
1927972279,2016-05-03 00:00:00,0.0
1927972279,2016-05-03 01:00:00,0.0
1927972279,2016-05-03 02:00:00,0.0
1927972279,2016-05-03 03:00:00,0.0
1927972279,2016-05-03 04:00:00,0.0
1927972279,2016-05-03 05:00:00,0.0
1927972279,2016-05-03 06:00:00,0.0
1927972279,2016-05-03 07:00:00,0.0
1927972279,2016-05-03 08:00:00,1245.0
1927972279,2016-05-03 09:00:00,0.0
1927972279,2016-05-03 10:00:00,74.0
1927972279,2016-05-03 11:00:00,0.0
1927972279,2016-05-03 12:00:00,0.0
1927972279,2016-05-03 13:00:00,7.0
1927972279,2016-05-03 14:00:00,0.0
1927972279,2016-05-03 15:00:00,0.0
1927972279,2016-05-03 16:00:00,0.0
1927972279,2016-05-03 17:00:00,0.0
1927972279,2016-05-03 18:00:00,0.0
1927972279,2016-05-03 19:00:00,0.0
1927972279,2016-05-03 20:00:00,0.0
1927972279,2016-05-03 21:00:00,0.0
1927972279,2016-05-03 22:00:00,0.0
1927972279,2016-05-03 23:00:00,0.0
1927972279,2016-05-04 00:00:00,0.0
1927972279,2016-05-04 01:00:00,0.0
1927972279,2016-05-04 02:00:00,0.0
1927972279,2016-05-04 03:00:00,0.0
1927972279,2016-05-04 04:00:00,0.0
1927972279,2016-05-04 05:00:00,0.0
1927972279,2016-05-04 06:00:00,0.0
1927972279,2016-05-04 07:00:00,0.0
1927972279,2016-05-04 08:00:00,0.0
1927972279,2016-05-04 09:00:00,0.0
1927972279,2016-05-04 10:00:00,926.0
1927972279,2016-05-04 11:00:00,35.0
1927972279,2016-05-04 12:00:00,76.0
1927972279,2016-05-04 13:00:00,87.0
1927972279,2016-05-04 14:00:00,35.0
1927972279,2016-05-04 15:00:00,123.0
1927972279,2016-05-04 16:00:00,217.0
1927972279,2016-05-04 17:00:00,120.0
1927972279,2016-05-04 18:00:00,5.0
1927972279,2016-05-04 19:00:00,61.0
1927972279,2016-05-04 20:00:00,101.0
1927972279,2016-05-04 21:00:00,0.0
1927972279,2016-05-04 22:00:00,0.0
1927972279,2016-05-04 23:00:00,0.0
1927972279,2016-05-05 00:00:00,0.0
1927972279,2016-05-05 01:00:00,0.0
1927972279,2016-05-05 02:00:00,0.0
1927972279,2016-05-05 03:00:00,0.0
1927972279,2016-05-05 04:00:00,0.0
1927972279,2016-05-05 05:00:00,0.0
1927972279,2016-05-05 06:00:00,0.0
1927972279,2016-05-05 07:00:00,0.0
1927972279,2016-05-05 08:00:00,0.0
1927972279,2016-05-05 09:00:00,0.0
1927972279,2016-05-05 10:00:00,0.0
1927972279,2016-05-05 11:00:00,0.0
1927972279,2016-05-05 12:00:00,0.0
1927972279,2016-05-05 13:00:00,0.0
1927972279,2016-05-05 14:00:00,0.0
1927972279,2016-05-05 15:00:00,0.0
1927972279,2016-05-05 16:00:00,0.0
1927972279,2016-05-05 17:00:00,0.0
1927972279,2016-05-05 18:00:00,0.0
1927972279,2016-05-05 19:00:00,0.0
1927972279,2016-05-05 20:00:00,0.0
1927972279,2016-05-05 21:00:00,0.0
1927972279,2016-05-05 22:00:00,0.0
1927972279,2016-05-05 23:00:00,0.0
1927972279,2016-05-06 00:00:00,0.0
1927972279,2016-05-06 01:00:00,0.0
1927972279,2016-05-06 02:00:00,0.0
1927972279,2016-05-06 03:00:00,0.0
1927972279,2016-05-06 04:00:00,0.0
1927972279,2016-05-06 05:00:00,0.0
1927972279,2016-05-06 06:00:00,0.0
1927972279,2016-05-06 07:00:00,0.0
1927972279,2016-05-06 08:00:00,0.0
1927972279,2016-05-06 09:00:00,0.0
1927972279,2016-05-06 10:00:00,0.0
1927972279,2016-05-06 11:00:00,0.0
1927972279,2016-05-06 12:00:00,0.0
1927972279,2016-05-06 13:00:00,0.0
1927972279,2016-05-06 14:00:00,0.0
1927972279,2016-05-06 15:00:00,0.0
1927972279,2016-05-06 16:00:00,72.0
1927972279,2016-05-06 17:00:00,288.0
1927972279,2016-05-06 18:00:00,181.0
1927972279,2016-05-06 19:00:00,1215.0
1927972279,2016-05-06 20:00:00,187.0
1927972279,2016-05-06 21:00:00,98.0
1927972279,2016-05-06 22:00:00,50.0
1927972279,2016-05-06 23:00:00,0.0
1927972279,2016-05-07 00:00:00,0.0
1927972279,2016-05-07 01:00:00,0.0
1927972279,2016-05-07 02:00:00,0.0
1927972279,2016-05-07 03:00:00,0.0
1927972279,2016-05-07 04:00:00,0.0
1927972279,2016-05-07 05:00:00,0.0
1927972279,2016-05-07 06:00:00,0.0
1927972279,2016-05-07 07:00:00,0.0
1927972279,2016-05-07 08:00:00,0.0
1927972279,2016-05-07 09:00:00,0.0
1927972279,2016-05-07 10:00:00,1061.0
1927972279,2016-05-07 11:00:00,449.0
1927972279,2016-05-07 12:00:00,0.0
1927972279,2016-05-07 13:00:00,0.0
1927972279,2016-05-07 14:00:00,0.0
1927972279,2016-05-07 15:00:00,0.0
1927972279,2016-05-07 16:00:00,0.0
1927972279,2016-05-07 17:00:00,0.0
1927972279,2016-05-07 18:00:00,0.0
1927972279,2016-05-07 19:00:00,0.0
1927972279,2016-05-07 20:00:00,0.0
1927972279,2016-05-07 21:00:00,0.0
1927972279,2016-05-07 22:00:00,0.0
1927972279,2016-05-07 23:00:00,0.0
1927972279,2016-05-08 00:00:00,0.0
1927972279,2016-05-08 01:00:00,0.0
1927972279,2016-05-08 02:00:00,0.0
1927972279,2016-05-08 03:00:00,0.0
1927972279,2016-05-08 04:00:00,0.0
1927972279,2016-05-08 05:00:00,0.0
1927972279,2016-05-08 06:00:00,0.0
1927972279,2016-05-08 07:00:00,0.0
1927972279,2016-05-08 08:00:00,0.0
1927972279,2016-05-08 09:00:00,0.0
1927972279,2016-05-08 10:00:00,0.0
1927972279,2016-05-08 11:00:00,0.0
1927972279,2016-05-08 12:00:00,0.0
1927972279,2016-05-08 13:00:00,0.0
1927972279,2016-05-08 14:00:00,0.0
1927972279,2016-05-08 15:00:00,0.0
1927972279,2016-05-08 16:00:00,0.0
1927972279,2016-05-08 17:00:00,0.0
1927972279,2016-05-08 18:00:00,0.0
1927972279,2016-05-08 19:00:00,0.0
1927972279,2016-05-08 20:00:00,0.0
1927972279,2016-05-08 21:00:00,0.0
1927972279,2016-05-08 22:00:00,0.0
1927972279,2016-05-08 23:00:00,0.0
1927972279,2016-05-09 00:00:00,0.0
1927972279,2016-05-09 01:00:00,0.0
1927972279,2016-05-09 02:00:00,0.0
1927972279,2016-05-09 03:00:00,0.0
1927972279,2016-05-09 04:00:00,0.0
1927972279,2016-05-09 05:00:00,0.0
1927972279,2016-05-09 06:00:00,0.0
1927972279,2016-05-09 07:00:00,0.0
1927972279,2016-05-09 08:00:00,0.0
1927972279,2016-05-09 09:00:00,0.0
1927972279,2016-05-09 10:00:00,0.0
1927972279,2016-05-09 11:00:00,0.0
1927972279,2016-05-09 12:00:00,0.0
1927972279,2016-05-09 13:00:00,0.0
1927972279,2016-05-09 14:00:00,0.0
1927972279,2016-05-09 15:00:00,0.0
1927972279,2016-05-09 16:00:00,0.0
1927972279,2016-05-09 17:00:00,0.0
1927972279,2016-05-09 18:00:00,0.0
1927972279,2016-05-09 19:00:00,0.0
1927972279,2016-05-09 20:00:00,0.0
1927972279,2016-05-09 21:00:00,0.0
1927972279,2016-05-09 22:00:00,0.0
1927972279,2016-05-09 23:00:00,0.0
1927972279,2016-05-10 00:00:00,0.0
1927972279,2016-05-10 01:00:00,0.0
1927972279,2016-05-10 02:00:00,0.0
1927972279,2016-05-10 03:00:00,0.0
1927972279,2016-05-10 04:00:00,0.0
1927972279,2016-05-10 05:00:00,0.0
1927972279,2016-05-10 06:00:00,0.0
1927972279,2016-05-10 07:00:00,0.0
1927972279,2016-05-10 08:00:00,0.0
1927972279,2016-05-10 09:00:00,0.0
1927972279,2016-05-10 10:00:00,0.0
1927972279,2016-05-10 11:00:00,0.0
1927972279,2016-05-10 12:00:00,0.0
1927972279,2016-05-10 13:00:00,0.0
1927972279,2016-05-10 14:00:00,0.0
1927972279,2016-05-10 15:00:00,0.0
1927972279,2016-05-10 16:00:00,0.0
1927972279,2016-05-10 17:00:00,0.0
1927972279,2016-05-10 18:00:00,0.0
1927972279,2016-05-10 19:00:00,0.0
1927972279,2016-05-10 20:00:00,0.0
1927972279,2016-05-10 21:00:00,0.0
1927972279,2016-05-10 22:00:00,0.0
1927972279,2016-05-10 23:00:00,0.0
1927972279,2016-05-11 00:00:00,0.0
1927972279,2016-05-11 01:00:00,0.0
1927972279,2016-05-11 02:00:00,0.0
1927972279,2016-05-11 03:00:00,0.0
1927972279,2016-05-11 04:00:00,0.0
1927972279,2016-05-11 05:00:00,0.0
1927972279,2016-05-11 06:00:00,0.0
1927972279,2016-05-11 07:00:00,0.0
1927972279,2016-05-11 08:00:00,0.0
1927972279,2016-05-11 09:00:00,0.0
1927972279,2016-05-11 10:00:00,0.0
1927972279,2016-05-11 11:00:00,0.0
1927972279,2016-05-11 12:00:00,0.0
1927972279,2016-05-11 13:00:00,0.0
1927972279,2016-05-11 14:00:00,0.0
1927972279,2016-05-11 15:00:00,0.0
1927972279,2016-05-11 16:00:00,0.0
1927972279,2016-05-11 17:00:00,0.0
1927972279,2016-05-11 18:00:00,0.0
1927972279,2016-05-11 19:00:00,0.0
1927972279,2016-05-11 20:00:00,0.0
1927972279,2016-05-11 21:00:00,0.0
1927972279,2016-05-11 22:00:00,0.0
1927972279,2016-05-11 23:00:00,0.0
1927972279,2016-05-12 00:00:00,0.0
1927972279,2016-05-12 01:00:00,0.0
1927972279,2016-05-12 02:00:00,0.0
1927972279,2016-05-12 03:00:00,0.0
1927972279,2016-05-12 04:00:00,0.0
1927972279,2016-05-12 05:00:00,0.0
1927972279,2016-05-12 06:00:00,0.0
1927972279,2016-05-12 07:00:00,0.0
1927972279,2016-05-12 08:00:00,0.0
1927972279,2016-05-12 09:00:00,0.0
1927972279,2016-05-12 10:00:00,0.0
1927972279,2016-05-12 11:00:00,0.0
1927972279,2016-05-12 12:00:00,0.0
1927972279,2016-05-12 13:00:00,0.0
1927972279,2016-05-12 14:00:00,0.0
1927972279,2016-05-12 15:00:00,0.0
2022484408,2016-04-12 00:00:00,0.0
2022484408,2016-04-12 01:00:00,0.0
2022484408,2016-04-12 02:00:00,0.0
2022484408,2016-04-12 03:00:00,0.0
2022484408,2016-04-12 04:00:00,0.0
2022484408,2016-04-12 05:00:00,0.0
2022484408,2016-04-12 06:00:00,0.0
2022484408,2016-04-12 07:00:00,847.0
2022484408,2016-04-12 08:00:00,334.0
2022484408,2016-04-12 09:00:00,243.0
2022484408,2016-04-12 10:00:00,5243.0
2022484408,2016-04-12 11:00:00,323.0
2022484408,2016-04-12 12:00:00,184.0
2022484408,2016-04-12 13:00:00,658.0
2022484408,2016-04-12 14:00:00,2168.0
2022484408,2016-04-12 15:00:00,327.0
2022484408,2016-04-12 16:00:00,539.0
2022484408,2016-04-12 17:00:00,509.0
2022484408,2016-04-12 18:00:00,304.0
2022484408,2016-04-12 19:00:00,196.0
2022484408,2016-04-12 20:00:00,0.0
2022484408,2016-04-12 21:00:00,0.0
2022484408,2016-04-12 22:00:00,0.0
2022484408,2016-04-12 23:00:00,0.0
2022484408,2016-04-13 00:00:00,0.0
2022484408,2016-04-13 01:00:00,0.0
2022484408,2016-04-13 02:00:00,0.0
2022484408,2016-04-13 03:00:00,0.0
2022484408,2016-04-13 04:00:00,0.0
2022484408,2016-04-13 05:00:00,0.0
2022484408,2016-04-13 06:00:00,0.0
2022484408,2016-04-13 07:00:00,619.0
2022484408,2016-04-13 08:00:00,609.0
2022484408,2016-04-13 09:00:00,4453.0
2022484408,2016-04-13 10:00:00,198.0
2022484408,2016-04-13 11:00:00,399.0
2022484408,2016-04-13 12:00:00,687.0
2022484408,2016-04-13 13:00:00,247.0
2022484408,2016-04-13 14:00:00,1803.0
2022484408,2016-04-13 15:00:00,635.0
2022484408,2016-04-13 16:00:00,589.0
2022484408,2016-04-13 17:00:00,643.0
2022484408,2016-04-13 18:00:00,556.0
2022484408,2016-04-13 19:00:00,581.0
2022484408,2016-04-13 20:00:00,5.0
2022484408,2016-04-13 21:00:00,0.0
2022484408,2016-04-13 22:00:00,0.0
2022484408,2016-04-13 23:00:00,0.0
2022484408,2016-04-14 00:00:00,0.0
2022484408,2016-04-14 01:00:00,0.0
2022484408,2016-04-14 02:00:00,0.0
2022484408,2016-04-14 03:00:00,0.0
2022484408,2016-04-14 04:00:00,0.0
2022484408,2016-04-14 05:00:00,0.0
2022484408,2016-04-14 06:00:00,0.0
2022484408,2016-04-14 07:00:00,235.0
2022484408,2016-04-14 08:00:00,283.0
2022484408,2016-04-14 09:00:00,328.0
2022484408,2016-04-14 10:00:00,393.0
2022484408,2016-04-14 11:00:00,175.0
2022484408,2016-04-14 12:00:00,71.0
2022484408,2016-04-14 13:00:00,236.0
2022484408,2016-04-14 14:00:00,1913.0
2022484408,2016-04-14 15:00:00,399.0
2022484408,2016-04-14 16:00:00,767.0
2022484408,2016-04-14 17:00:00,893.0
2022484408,2016-04-14 18:00:00,3833.0
2022484408,2016-04-14 19:00:00,852.0
2022484408,2016-04-14 20:00:00,312.0
2022484408,2016-04-14 21:00:00,0.0
2022484408,2016-04-14 22:00:00,0.0
2022484408,2016-04-14 23:00:00,0.0
2022484408,2016-04-15 00:00:00,0.0
2022484408,2016-04-15 01:00:00,0.0
2022484408,2016-04-15 02:00:00,0.0
2022484408,2016-04-15 03:00:00,0.0
2022484408,2016-04-15 04:00:00,0.0
2022484408,2016-04-15 05:00:00,0.0
2022484408,2016-04-15 06:00:00,0.0
2022484408,2016-04-15 07:00:00,531.0
2022484408,2016-04-15 08:00:00,728.0
2022484408,2016-04-15 09:00:00,3853.0
2022484408,2016-04-15 10:00:00,643.0
2022484408,2016-04-15 11:00:00,486.0
2022484408,2016-04-15 12:00:00,103.0
2022484408,2016-04-15 13:00:00,1171.0
2022484408,2016-04-15 14:00:00,791.0
2022484408,2016-04-15 15:00:00,481.0
2022484408,2016-04-15 16:00:00,1233.0
2022484408,2016-04-15 17:00:00,582.0
2022484408,2016-04-15 18:00:00,227.0
2022484408,2016-04-15 19:00:00,205.0
2022484408,2016-04-15 20:00:00,0.0
2022484408,2016-04-15 21:00:00,0.0
2022484408,2016-04-15 22:00:00,0.0
2022484408,2016-04-15 23:00:00,0.0
2022484408,2016-04-16 00:00:00,0.0
2022484408,2016-04-16 01:00:00,0.0
2022484408,2016-04-16 02:00:00,0.0
2022484408,2016-04-16 03:00:00,0.0
2022484408,2016-04-16 04:00:00,0.0
2022484408,2016-04-16 05:00:00,0.0
2022484408,2016-04-16 06:00:00,0.0
2022484408,2016-04-16 07:00:00,126.0
2022484408,2016-04-16 08:00:00,904.0
2022484408,2016-04-16 09:00:00,4833.0
2022484408,2016-04-16 10:00:00,732.0
2022484408,2016-04-16 11:00:00,678.0
2022484408,2016-04-16 12:00:00,469.0
2022484408,2016-04-16 13:00:00,1229.0
2022484408,2016-04-16 14:00:00,623.0
2022484408,2016-04-16 15:00:00,506.0
2022484408,2016-04-16 16:00:00,0.0
2022484408,2016-04-16 17:00:00,0.0
2022484408,2016-04-16 18:00:00,0.0
2022484408,2016-04-16 19:00:00,0.0
2022484408,2016-04-16 20:00:00,0.0
2022484408,2016-04-16 21:00:00,0.0
2022484408,2016-04-16 22:00:00,0.0
2022484408,2016-04-16 23:00:00,0.0
2022484408,2016-04-17 00:00:00,0.0
2022484408,2016-04-17 01:00:00,0.0
2022484408,2016-04-17 02:00:00,0.0
2022484408,2016-04-17 03:00:00,0.0
2022484408,2016-04-17 04:00:00,0.0
2022484408,2016-04-17 05:00:00,0.0
2022484408,2016-04-17 06:00:00,0.0
2022484408,2016-04-17 07:00:00,0.0
2022484408,2016-04-17 08:00:00,567.0
2022484408,2016-04-17 09:00:00,5317.0
2022484408,2016-04-17 10:00:00,1567.0
2022484408,2016-04-17 11:00:00,1194.0
2022484408,2016-04-17 12:00:00,64.0
2022484408,2016-04-17 13:00:00,292.0
2022484408,2016-04-17 14:00:00,1404.0
2022484408,2016-04-17 15:00:00,1147.0
2022484408,2016-04-17 16:00:00,1151.0
2022484408,2016-04-17 17:00:00,1351.0
2022484408,2016-04-17 18:00:00,644.0
2022484408,2016-04-17 19:00:00,247.0
2022484408,2016-04-17 20:00:00,167.0
2022484408,2016-04-17 21:00:00,0.0
2022484408,2016-04-17 22:00:00,0.0
2022484408,2016-04-17 23:00:00,0.0
2022484408,2016-04-18 00:00:00,0.0
2022484408,2016-04-18 01:00:00,0.0
2022484408,2016-04-18 02:00:00,0.0
2022484408,2016-04-18 03:00:00,0.0
2022484408,2016-04-18 04:00:00,0.0
2022484408,2016-04-18 05:00:00,0.0
2022484408,2016-04-18 06:00:00,69.0
2022484408,2016-04-18 07:00:00,1073.0
2022484408,2016-04-18 08:00:00,712.0
2022484408,2016-04-18 09:00:00,5400.0
2022484408,2016-04-18 10:00:00,796.0
2022484408,2016-04-18 11:00:00,46.0
2022484408,2016-04-18 12:00:00,306.0
2022484408,2016-04-18 13:00:00,404.0
2022484408,2016-04-18 14:00:00,1706.0
2022484408,2016-04-18 15:00:00,658.0
2022484408,2016-04-18 16:00:00,570.0
2022484408,2016-04-18 17:00:00,849.0
2022484408,2016-04-18 18:00:00,899.0
2022484408,2016-04-18 19:00:00,567.0
2022484408,2016-04-18 20:00:00,76.0
2022484408,2016-04-18 21:00:00,0.0
2022484408,2016-04-18 22:00:00,0.0
2022484408,2016-04-18 23:00:00,0.0
2022484408,2016-04-19 00:00:00,0.0
2022484408,2016-04-19 01:00:00,0.0
2022484408,2016-04-19 02:00:00,0.0
2022484408,2016-04-19 03:00:00,0.0
2022484408,2016-04-19 04:00:00,0.0
2022484408,2016-04-19 05:00:00,0.0
2022484408,2016-04-19 06:00:00,0.0
2022484408,2016-04-19 07:00:00,0.0
2022484408,2016-04-19 08:00:00,0.0
2022484408,2016-04-19 09:00:00,671.0
2022484408,2016-04-19 10:00:00,466.0
2022484408,2016-04-19 11:00:00,621.0
2022484408,2016-04-19 12:00:00,479.0
2022484408,2016-04-19 13:00:00,794.0
2022484408,2016-04-19 14:00:00,1437.0
2022484408,2016-04-19 15:00:00,1081.0
2022484408,2016-04-19 16:00:00,4709.0
2022484408,2016-04-19 17:00:00,459.0
2022484408,2016-04-19 18:00:00,548.0
2022484408,2016-04-19 19:00:00,283.0
2022484408,2016-04-19 20:00:00,0.0
2022484408,2016-04-19 21:00:00,0.0
2022484408,2016-04-19 22:00:00,0.0
2022484408,2016-04-19 23:00:00,0.0
2022484408,2016-04-20 00:00:00,0.0
2022484408,2016-04-20 01:00:00,0.0
2022484408,2016-04-20 02:00:00,0.0
2022484408,2016-04-20 03:00:00,0.0
2022484408,2016-04-20 04:00:00,0.0
2022484408,2016-04-20 05:00:00,0.0
2022484408,2016-04-20 06:00:00,129.0
2022484408,2016-04-20 07:00:00,661.0
2022484408,2016-04-20 08:00:00,1272.0
2022484408,2016-04-20 09:00:00,4293.0
2022484408,2016-04-20 10:00:00,172.0
2022484408,2016-04-20 11:00:00,410.0
2022484408,2016-04-20 12:00:00,1314.0
2022484408,2016-04-20 13:00:00,664.0
2022484408,2016-04-20 14:00:00,1780.0
2022484408,2016-04-20 15:00:00,924.0
2022484408,2016-04-20 16:00:00,854.0
2022484408,2016-04-20 17:00:00,944.0
2022484408,2016-04-20 18:00:00,541.0
2022484408,2016-04-20 19:00:00,839.0
2022484408,2016-04-20 20:00:00,315.0
2022484408,2016-04-20 21:00:00,0.0
2022484408,2016-04-20 22:00:00,0.0
2022484408,2016-04-20 23:00:00,0.0
2022484408,2016-04-21 00:00:00,0.0
2022484408,2016-04-21 01:00:00,0.0
2022484408,2016-04-21 02:00:00,0.0
2022484408,2016-04-21 03:00:00,0.0
2022484408,2016-04-21 04:00:00,0.0
2022484408,2016-04-21 05:00:00,0.0
2022484408,2016-04-21 06:00:00,0.0
2022484408,2016-04-21 07:00:00,955.0
2022484408,2016-04-21 08:00:00,168.0
2022484408,2016-04-21 09:00:00,481.0
2022484408,2016-04-21 10:00:00,1272.0
2022484408,2016-04-21 11:00:00,968.0
2022484408,2016-04-21 12:00:00,3571.0
2022484408,2016-04-21 13:00:00,13.0
2022484408,2016-04-21 14:00:00,1357.0
2022484408,2016-04-21 15:00:00,1248.0
2022484408,2016-04-21 16:00:00,506.0
2022484408,2016-04-21 17:00:00,427.0
2022484408,2016-04-21 18:00:00,955.0
2022484408,2016-04-21 19:00:00,370.0
2022484408,2016-04-21 20:00:00,162.0
2022484408,2016-04-21 21:00:00,0.0
2022484408,2016-04-21 22:00:00,0.0
2022484408,2016-04-21 23:00:00,0.0
2022484408,2016-04-22 00:00:00,0.0
2022484408,2016-04-22 01:00:00,0.0
2022484408,2016-04-22 02:00:00,0.0
2022484408,2016-04-22 03:00:00,0.0
2022484408,2016-04-22 04:00:00,0.0
2022484408,2016-04-22 05:00:00,0.0
2022484408,2016-04-22 06:00:00,60.0
2022484408,2016-04-22 07:00:00,715.0
2022484408,2016-04-22 08:00:00,473.0
2022484408,2016-04-22 09:00:00,5596.0
2022484408,2016-04-22 10:00:00,1439.0
2022484408,2016-04-22 11:00:00,548.0
2022484408,2016-04-22 12:00:00,735.0
2022484408,2016-04-22 13:00:00,920.0
2022484408,2016-04-22 14:00:00,907.0
2022484408,2016-04-22 15:00:00,333.0
2022484408,2016-04-22 16:00:00,92.0
2022484408,2016-04-22 17:00:00,106.0
2022484408,2016-04-22 18:00:00,296.0
2022484408,2016-04-22 19:00:00,560.0
2022484408,2016-04-22 20:00:00,174.0
2022484408,2016-04-22 21:00:00,0.0
2022484408,2016-04-22 22:00:00,0.0
2022484408,2016-04-22 23:00:00,0.0
2022484408,2016-04-23 00:00:00,0.0
2022484408,2016-04-23 01:00:00,0.0
2022484408,2016-04-23 02:00:00,0.0
2022484408,2016-04-23 03:00:00,0.0
2022484408,2016-04-23 04:00:00,0.0
2022484408,2016-04-23 05:00:00,0.0
2022484408,2016-04-23 06:00:00,0.0
2022484408,2016-04-23 07:00:00,0.0
2022484408,2016-04-23 08:00:00,0.0
2022484408,2016-04-23 09:00:00,0.0
2022484408,2016-04-23 10:00:00,0.0
2022484408,2016-04-23 11:00:00,0.0
2022484408,2016-04-23 12:00:00,289.0
2022484408,2016-04-23 13:00:00,1008.0
2022484408,2016-04-23 14:00:00,595.0
2022484408,2016-04-23 15:00:00,1232.0
2022484408,2016-04-23 16:00:00,729.0
2022484408,2016-04-23 17:00:00,459.0
2022484408,2016-04-23 18:00:00,618.0
2022484408,2016-04-23 19:00:00,483.0
2022484408,2016-04-23 20:00:00,267.0
2022484408,2016-04-23 21:00:00,139.0
2022484408,2016-04-23 22:00:00,182.0
2022484408,2016-04-23 23:00:00,0.0
2022484408,2016-04-24 00:00:00,0.0
2022484408,2016-04-24 01:00:00,0.0
2022484408,2016-04-24 02:00:00,0.0
2022484408,2016-04-24 03:00:00,0.0
2022484408,2016-04-24 04:00:00,0.0
2022484408,2016-04-24 05:00:00,0.0
2022484408,2016-04-24 06:00:00,0.0
2022484408,2016-04-24 07:00:00,0.0
2022484408,2016-04-24 08:00:00,3056.0
2022484408,2016-04-24 09:00:00,3130.0
2022484408,2016-04-24 10:00:00,496.0
2022484408,2016-04-24 11:00:00,708.0
2022484408,2016-04-24 12:00:00,699.0
2022484408,2016-04-24 13:00:00,1305.0
2022484408,2016-04-24 14:00:00,519.0
2022484408,2016-04-24 15:00:00,1963.0
2022484408,2016-04-24 16:00:00,85.0
2022484408,2016-04-24 17:00:00,573.0
2022484408,2016-04-24 18:00:00,947.0
2022484408,2016-04-24 19:00:00,0.0
2022484408,2016-04-24 20:00:00,0.0
2022484408,2016-04-24 21:00:00,0.0
2022484408,2016-04-24 22:00:00,0.0
2022484408,2016-04-24 23:00:00,0.0
2022484408,2016-04-25 00:00:00,0.0
2022484408,2016-04-25 01:00:00,0.0
2022484408,2016-04-25 02:00:00,0.0
2022484408,2016-04-25 03:00:00,0.0
2022484408,2016-04-25 04:00:00,0.0
2022484408,2016-04-25 05:00:00,0.0
2022484408,2016-04-25 06:00:00,0.0
2022484408,2016-04-25 07:00:00,718.0
2022484408,2016-04-25 08:00:00,380.0
2022484408,2016-04-25 09:00:00,5257.0
2022484408,2016-04-25 10:00:00,289.0
2022484408,2016-04-25 11:00:00,0.0
2022484408,2016-04-25 12:00:00,0.0
2022484408,2016-04-25 13:00:00,157.0
2022484408,2016-04-25 14:00:00,1507.0
2022484408,2016-04-25 15:00:00,281.0
2022484408,2016-04-25 16:00:00,696.0
2022484408,2016-04-25 17:00:00,645.0
2022484408,2016-04-25 18:00:00,250.0
2022484408,2016-04-25 19:00:00,1122.0
2022484408,2016-04-25 20:00:00,67.0
2022484408,2016-04-25 21:00:00,0.0
2022484408,2016-04-25 22:00:00,0.0
2022484408,2016-04-25 23:00:00,0.0
2022484408,2016-04-26 00:00:00,0.0
2022484408,2016-04-26 01:00:00,0.0
2022484408,2016-04-26 02:00:00,0.0
2022484408,2016-04-26 03:00:00,0.0
2022484408,2016-04-26 04:00:00,0.0
2022484408,2016-04-26 05:00:00,0.0
2022484408,2016-04-26 06:00:00,0.0
2022484408,2016-04-26 07:00:00,908.0
2022484408,2016-04-26 08:00:00,67.0
2022484408,2016-04-26 09:00:00,977.0
2022484408,2016-04-26 10:00:00,1967.0
2022484408,2016-04-26 11:00:00,1005.0
2022484408,2016-04-26 12:00:00,1040.0
2022484408,2016-04-26 13:00:00,31.0
2022484408,2016-04-26 14:00:00,965.0
2022484408,2016-04-26 15:00:00,1112.0
2022484408,2016-04-26 16:00:00,675.0
2022484408,2016-04-26 17:00:00,531.0
2022484408,2016-04-26 18:00:00,357.0
2022484408,2016-04-26 19:00:00,425.0
2022484408,2016-04-26 20:00:00,59.0
2022484408,2016-04-26 21:00:00,0.0
2022484408,2016-04-26 22:00:00,0.0
2022484408,2016-04-26 23:00:00,0.0
2022484408,2016-04-27 00:00:00,0.0
2022484408,2016-04-27 01:00:00,0.0
2022484408,2016-04-27 02:00:00,0.0
2022484408,2016-04-27 03:00:00,0.0
2022484408,2016-04-27 04:00:00,0.0
2022484408,2016-04-27 05:00:00,0.0
2022484408,2016-04-27 06:00:00,0.0
2022484408,2016-04-27 07:00:00,0.0
2022484408,2016-04-27 08:00:00,0.0
2022484408,2016-04-27 09:00:00,1388.0
2022484408,2016-04-27 10:00:00,967.0
2022484408,2016-04-27 11:00:00,149.0
2022484408,2016-04-27 12:00:00,973.0
2022484408,2016-04-27 13:00:00,1313.0
2022484408,2016-04-27 14:00:00,688.0
2022484408,2016-04-27 15:00:00,303.0
2022484408,2016-04-27 16:00:00,702.0
2022484408,2016-04-27 17:00:00,600.0
2022484408,2016-04-27 18:00:00,2917.0
2022484408,2016-04-27 19:00:00,159.0
2022484408,2016-04-27 20:00:00,0.0
2022484408,2016-04-27 21:00:00,0.0
2022484408,2016-04-27 22:00:00,0.0
2022484408,2016-04-27 23:00:00,0.0
2022484408,2016-04-28 00:00:00,0.0
2022484408,2016-04-28 01:00:00,0.0
2022484408,2016-04-28 02:00:00,0.0
2022484408,2016-04-28 03:00:00,0.0
2022484408,2016-04-28 04:00:00,0.0
2022484408,2016-04-28 05:00:00,0.0
2022484408,2016-04-28 06:00:00,0.0
2022484408,2016-04-28 07:00:00,368.0
2022484408,2016-04-28 08:00:00,912.0
2022484408,2016-04-28 09:00:00,787.0
2022484408,2016-04-28 10:00:00,1567.0
2022484408,2016-04-28 11:00:00,858.0
2022484408,2016-04-28 12:00:00,2735.0
2022484408,2016-04-28 13:00:00,197.0
2022484408,2016-04-28 14:00:00,1198.0
2022484408,2016-04-28 15:00:00,101.0
2022484408,2016-04-28 16:00:00,487.0
2022484408,2016-04-28 17:00:00,516.0
2022484408,2016-04-28 18:00:00,166.0
2022484408,2016-04-28 19:00:00,64.0
2022484408,2016-04-28 20:00:00,184.0
2022484408,2016-04-28 21:00:00,0.0
2022484408,2016-04-28 22:00:00,0.0
2022484408,2016-04-28 23:00:00,0.0
2022484408,2016-04-29 00:00:00,0.0
2022484408,2016-04-29 01:00:00,0.0
2022484408,2016-04-29 02:00:00,0.0
2022484408,2016-04-29 03:00:00,0.0
2022484408,2016-04-29 04:00:00,0.0
2022484408,2016-04-29 05:00:00,0.0
2022484408,2016-04-29 06:00:00,0.0
2022484408,2016-04-29 07:00:00,0.0
2022484408,2016-04-29 08:00:00,662.0
2022484408,2016-04-29 09:00:00,1457.0
2022484408,2016-04-29 10:00:00,1012.0
2022484408,2016-04-29 11:00:00,1452.0
2022484408,2016-04-29 12:00:00,530.0
2022484408,2016-04-29 13:00:00,1163.0
2022484408,2016-04-29 14:00:00,1655.0
2022484408,2016-04-29 15:00:00,175.0
2022484408,2016-04-29 16:00:00,1035.0
2022484408,2016-04-29 17:00:00,437.0
2022484408,2016-04-29 18:00:00,315.0
2022484408,2016-04-29 19:00:00,352.0
2022484408,2016-04-29 20:00:00,0.0
2022484408,2016-04-29 21:00:00,0.0
2022484408,2016-04-29 22:00:00,0.0
2022484408,2016-04-29 23:00:00,0.0
2022484408,2016-04-30 00:00:00,0.0
2022484408,2016-04-30 01:00:00,0.0
2022484408,2016-04-30 02:00:00,0.0
2022484408,2016-04-30 03:00:00,0.0
2022484408,2016-04-30 04:00:00,0.0
2022484408,2016-04-30 05:00:00,0.0
2022484408,2016-04-30 06:00:00,437.0
2022484408,2016-04-30 07:00:00,347.0
2022484408,2016-04-30 08:00:00,52.0
2022484408,2016-04-30 09:00:00,127.0
2022484408,2016-04-30 10:00:00,2094.0
2022484408,2016-04-30 11:00:00,1112.0
2022484408,2016-04-30 12:00:00,1372.0
2022484408,2016-04-30 13:00:00,2418.0
2022484408,2016-04-30 14:00:00,1564.0
2022484408,2016-04-30 15:00:00,2742.0
2022484408,2016-04-30 16:00:00,3286.0
2022484408,2016-04-30 17:00:00,1288.0
2022484408,2016-04-30 18:00:00,869.0
2022484408,2016-04-30 19:00:00,577.0
2022484408,2016-04-30 20:00:00,102.0
2022484408,2016-04-30 21:00:00,0.0
2022484408,2016-04-30 22:00:00,0.0
2022484408,2016-04-30 23:00:00,0.0
2022484408,2016-05-01 00:00:00,0.0
2022484408,2016-05-01 01:00:00,0.0
2022484408,2016-05-01 02:00:00,0.0
2022484408,2016-05-01 03:00:00,0.0
2022484408,2016-05-01 04:00:00,0.0
2022484408,2016-05-01 05:00:00,0.0
2022484408,2016-05-01 06:00:00,660.0
2022484408,2016-05-01 07:00:00,360.0
2022484408,2016-05-01 08:00:00,28.0
2022484408,2016-05-01 09:00:00,305.0
2022484408,2016-05-01 10:00:00,3757.0
2022484408,2016-05-01 11:00:00,716.0
2022484408,2016-05-01 12:00:00,132.0
2022484408,2016-05-01 13:00:00,61.0
2022484408,2016-05-01 14:00:00,314.0
2022484408,2016-05-01 15:00:00,882.0
2022484408,2016-05-01 16:00:00,555.0
2022484408,2016-05-01 17:00:00,1088.0
2022484408,2016-05-01 18:00:00,866.0
2022484408,2016-05-01 19:00:00,814.0
2022484408,2016-05-01 20:00:00,0.0
2022484408,2016-05-01 21:00:00,0.0
2022484408,2016-05-01 22:00:00,0.0
2022484408,2016-05-01 23:00:00,0.0
2022484408,2016-05-02 00:00:00,0.0
2022484408,2016-05-02 01:00:00,0.0
2022484408,2016-05-02 02:00:00,0.0
2022484408,2016-05-02 03:00:00,0.0
2022484408,2016-05-02 04:00:00,0.0
2022484408,2016-05-02 05:00:00,0.0
2022484408,2016-05-02 06:00:00,0.0
2022484408,2016-05-02 07:00:00,590.0
2022484408,2016-05-02 08:00:00,385.0
2022484408,2016-05-02 09:00:00,1116.0
2022484408,2016-05-02 10:00:00,737.0
2022484408,2016-05-02 11:00:00,153.0
2022484408,2016-05-02 12:00:00,805.0
2022484408,2016-05-02 13:00:00,610.0
2022484408,2016-05-02 14:00:00,4178.0
2022484408,2016-05-02 15:00:00,255.0
2022484408,2016-05-02 16:00:00,864.0
2022484408,2016-05-02 17:00:00,182.0
2022484408,2016-05-02 18:00:00,271.0
2022484408,2016-05-02 19:00:00,233.0
2022484408,2016-05-02 20:00:00,0.0
2022484408,2016-05-02 21:00:00,0.0
2022484408,2016-05-02 22:00:00,0.0
2022484408,2016-05-02 23:00:00,0.0
2022484408,2016-05-03 00:00:00,0.0
2022484408,2016-05-03 01:00:00,0.0
2022484408,2016-05-03 02:00:00,0.0
2022484408,2016-05-03 03:00:00,0.0
2022484408,2016-05-03 04:00:00,0.0
2022484408,2016-05-03 05:00:00,0.0
2022484408,2016-05-03 06:00:00,0.0
2022484408,2016-05-03 07:00:00,218.0
2022484408,2016-05-03 08:00:00,442.0
2022484408,2016-05-03 09:00:00,412.0
2022484408,2016-05-03 10:00:00,2451.0
2022484408,2016-05-03 11:00:00,526.0
2022484408,2016-05-03 12:00:00,287.0
2022484408,2016-05-03 13:00:00,337.0
2022484408,2016-05-03 14:00:00,2179.0
2022484408,2016-05-03 15:00:00,495.0
2022484408,2016-05-03 16:00:00,3398.0
2022484408,2016-05-03 17:00:00,557.0
2022484408,2016-05-03 18:00:00,105.0
2022484408,2016-05-03 19:00:00,211.0
2022484408,2016-05-03 20:00:00,497.0
2022484408,2016-05-03 21:00:00,68.0
2022484408,2016-05-03 22:00:00,0.0
2022484408,2016-05-03 23:00:00,0.0
2022484408,2016-05-04 00:00:00,0.0
2022484408,2016-05-04 01:00:00,0.0
2022484408,2016-05-04 02:00:00,0.0
2022484408,2016-05-04 03:00:00,0.0
2022484408,2016-05-04 04:00:00,0.0
2022484408,2016-05-04 05:00:00,0.0
2022484408,2016-05-04 06:00:00,112.0
2022484408,2016-05-04 07:00:00,719.0
2022484408,2016-05-04 08:00:00,385.0
2022484408,2016-05-04 09:00:00,1634.0
2022484408,2016-05-04 10:00:00,944.0
2022484408,2016-05-04 11:00:00,602.0
2022484408,2016-05-04 12:00:00,499.0
2022484408,2016-05-04 13:00:00,683.0
2022484408,2016-05-04 14:00:00,3647.0
2022484408,2016-05-04 15:00:00,175.0
2022484408,2016-05-04 16:00:00,701.0
2022484408,2016-05-04 17:00:00,214.0
2022484408,2016-05-04 18:00:00,698.0
2022484408,2016-05-04 19:00:00,630.0
2022484408,2016-05-04 20:00:00,125.0
2022484408,2016-05-04 21:00:00,0.0
2022484408,2016-05-04 22:00:00,0.0
2022484408,2016-05-04 23:00:00,0.0
2022484408,2016-05-05 00:00:00,0.0
2022484408,2016-05-05 01:00:00,0.0
2022484408,2016-05-05 02:00:00,0.0
2022484408,2016-05-05 03:00:00,0.0
2022484408,2016-05-05 04:00:00,0.0
2022484408,2016-05-05 05:00:00,0.0
2022484408,2016-05-05 06:00:00,0.0
2022484408,2016-05-05 07:00:00,0.0
2022484408,2016-05-05 08:00:00,309.0
2022484408,2016-05-05 09:00:00,2327.0
2022484408,2016-05-05 10:00:00,1305.0
2022484408,2016-05-05 11:00:00,666.0
2022484408,2016-05-05 12:00:00,255.0
2022484408,2016-05-05 13:00:00,190.0
2022484408,2016-05-05 14:00:00,1723.0
2022484408,2016-05-05 15:00:00,2384.0
2022484408,2016-05-05 16:00:00,1175.0
2022484408,2016-05-05 17:00:00,414.0
2022484408,2016-05-05 18:00:00,375.0
2022484408,2016-05-05 19:00:00,322.0
2022484408,2016-05-05 20:00:00,450.0
2022484408,2016-05-05 21:00:00,0.0
2022484408,2016-05-05 22:00:00,0.0
2022484408,2016-05-05 23:00:00,0.0
2022484408,2016-05-06 00:00:00,0.0
2022484408,2016-05-06 01:00:00,0.0
2022484408,2016-05-06 02:00:00,0.0
2022484408,2016-05-06 03:00:00,0.0
2022484408,2016-05-06 04:00:00,0.0
2022484408,2016-05-06 05:00:00,0.0
2022484408,2016-05-06 06:00:00,0.0
2022484408,2016-05-06 07:00:00,0.0
2022484408,2016-05-06 08:00:00,0.0
2022484408,2016-05-06 09:00:00,809.0
2022484408,2016-05-06 10:00:00,1107.0
2022484408,2016-05-06 11:00:00,1025.0
2022484408,2016-05-06 12:00:00,226.0
2022484408,2016-05-06 13:00:00,455.0
2022484408,2016-05-06 14:00:00,4084.0
2022484408,2016-05-06 15:00:00,487.0
2022484408,2016-05-06 16:00:00,445.0
2022484408,2016-05-06 17:00:00,374.0
2022484408,2016-05-06 18:00:00,355.0
2022484408,2016-05-06 19:00:00,271.0
2022484408,2016-05-06 20:00:00,164.0
2022484408,2016-05-06 21:00:00,425.0
2022484408,2016-05-06 22:00:00,0.0
2022484408,2016-05-06 23:00:00,0.0
2022484408,2016-05-07 00:00:00,0.0
2022484408,2016-05-07 01:00:00,0.0
2022484408,2016-05-07 02:00:00,0.0
2022484408,2016-05-07 03:00:00,0.0
2022484408,2016-05-07 04:00:00,0.0
2022484408,2016-05-07 05:00:00,0.0
2022484408,2016-05-07 06:00:00,0.0
2022484408,2016-05-07 07:00:00,0.0
2022484408,2016-05-07 08:00:00,7.0
2022484408,2016-05-07 09:00:00,1132.0
2022484408,2016-05-07 10:00:00,2617.0
2022484408,2016-05-07 11:00:00,873.0
2022484408,2016-05-07 12:00:00,412.0
2022484408,2016-05-07 13:00:00,545.0
2022484408,2016-05-07 14:00:00,0.0
2022484408,2016-05-07 15:00:00,0.0
2022484408,2016-05-07 16:00:00,0.0
2022484408,2016-05-07 17:00:00,0.0
2022484408,2016-05-07 18:00:00,0.0
2022484408,2016-05-07 19:00:00,740.0
2022484408,2016-05-07 20:00:00,382.0
2022484408,2016-05-07 21:00:00,0.0
2022484408,2016-05-07 22:00:00,0.0
2022484408,2016-05-07 23:00:00,0.0
2022484408,2016-05-08 00:00:00,0.0
2022484408,2016-05-08 01:00:00,0.0
2022484408,2016-05-08 02:00:00,0.0
2022484408,2016-05-08 03:00:00,0.0
2022484408,2016-05-08 04:00:00,0.0
2022484408,2016-05-08 05:00:00,0.0
2022484408,2016-05-08 06:00:00,0.0
2022484408,2016-05-08 07:00:00,0.0
2022484408,2016-05-08 08:00:00,14.0
2022484408,2016-05-08 09:00:00,187.0
2022484408,2016-05-08 10:00:00,729.0
2022484408,2016-05-08 11:00:00,1127.0
2022484408,2016-05-08 12:00:00,584.0
2022484408,2016-05-08 13:00:00,457.0
2022484408,2016-05-08 14:00:00,194.0
2022484408,2016-05-08 15:00:00,0.0
2022484408,2016-05-08 16:00:00,0.0
2022484408,2016-05-08 17:00:00,0.0
2022484408,2016-05-08 18:00:00,0.0
2022484408,2016-05-08 19:00:00,0.0
2022484408,2016-05-08 20:00:00,0.0
2022484408,2016-05-08 21:00:00,0.0
2022484408,2016-05-08 22:00:00,0.0
2022484408,2016-05-08 23:00:00,0.0
2022484408,2016-05-09 00:00:00,0.0
2022484408,2016-05-09 01:00:00,0.0
2022484408,2016-05-09 02:00:00,0.0
2022484408,2016-05-09 03:00:00,0.0
2022484408,2016-05-09 04:00:00,0.0
2022484408,2016-05-09 05:00:00,0.0
2022484408,2016-05-09 06:00:00,250.0
2022484408,2016-05-09 07:00:00,661.0
2022484408,2016-05-09 08:00:00,1225.0
2022484408,2016-05-09 09:00:00,1516.0
2022484408,2016-05-09 10:00:00,2174.0
2022484408,2016-05-09 11:00:00,164.0
2022484408,2016-05-09 12:00:00,325.0
2022484408,2016-05-09 13:00:00,165.0
2022484408,2016-05-09 14:00:00,3804.0
2022484408,2016-05-09 15:00:00,946.0
2022484408,2016-05-09 16:00:00,595.0
2022484408,2016-05-09 17:00:00,564.0
2022484408,2016-05-09 18:00:00,436.0
2022484408,2016-05-09 19:00:00,343.0
2022484408,2016-05-09 20:00:00,211.0
2022484408,2016-05-09 21:00:00,0.0
2022484408,2016-05-09 22:00:00,0.0
2022484408,2016-05-09 23:00:00,0.0
2022484408,2016-05-10 00:00:00,0.0
2022484408,2016-05-10 01:00:00,0.0
2022484408,2016-05-10 02:00:00,0.0
2022484408,2016-05-10 03:00:00,0.0
2022484408,2016-05-10 04:00:00,0.0
2022484408,2016-05-10 05:00:00,0.0
2022484408,2016-05-10 06:00:00,0.0
2022484408,2016-05-10 07:00:00,0.0
2022484408,2016-05-10 08:00:00,163.0
2022484408,2016-05-10 09:00:00,522.0
2022484408,2016-05-10 10:00:00,1910.0
2022484408,2016-05-10 11:00:00,1536.0
2022484408,2016-05-10 12:00:00,589.0
2022484408,2016-05-10 13:00:00,1164.0
2022484408,2016-05-10 14:00:00,3553.0
2022484408,2016-05-10 15:00:00,699.0
2022484408,2016-05-10 16:00:00,386.0
2022484408,2016-05-10 17:00:00,1264.0
2022484408,2016-05-10 18:00:00,424.0
2022484408,2016-05-10 19:00:00,588.0
2022484408,2016-05-10 20:00:00,0.0
2022484408,2016-05-10 21:00:00,0.0
2022484408,2016-05-10 22:00:00,0.0
2022484408,2016-05-10 23:00:00,0.0
2022484408,2016-05-11 00:00:00,0.0
2022484408,2016-05-11 01:00:00,0.0
2022484408,2016-05-11 02:00:00,0.0
2022484408,2016-05-11 03:00:00,0.0
2022484408,2016-05-11 04:00:00,0.0
2022484408,2016-05-11 05:00:00,0.0
2022484408,2016-05-11 06:00:00,0.0
2022484408,2016-05-11 07:00:00,0.0
2022484408,2016-05-11 08:00:00,0.0
2022484408,2016-05-11 09:00:00,38.0
2022484408,2016-05-11 10:00:00,329.0
2022484408,2016-05-11 11:00:00,4838.0
2022484408,2016-05-11 12:00:00,607.0
2022484408,2016-05-11 13:00:00,225.0
2022484408,2016-05-11 14:00:00,3294.0
2022484408,2016-05-11 15:00:00,698.0
2022484408,2016-05-11 16:00:00,1116.0
2022484408,2016-05-11 17:00:00,1045.0
2022484408,2016-05-11 18:00:00,673.0
2022484408,2016-05-11 19:00:00,409.0
2022484408,2016-05-11 20:00:00,0.0
2022484408,2016-05-11 21:00:00,0.0
2022484408,2016-05-11 22:00:00,0.0
2022484408,2016-05-11 23:00:00,0.0
2022484408,2016-05-12 00:00:00,0.0
2022484408,2016-05-12 01:00:00,0.0
2022484408,2016-05-12 02:00:00,0.0
2022484408,2016-05-12 03:00:00,0.0
2022484408,2016-05-12 04:00:00,0.0
2022484408,2016-05-12 05:00:00,0.0
2022484408,2016-05-12 06:00:00,0.0
2022484408,2016-05-12 07:00:00,490.0
2022484408,2016-05-12 08:00:00,418.0
2022484408,2016-05-12 09:00:00,812.0
2022484408,2016-05-12 10:00:00,2689.0
2022484408,2016-05-12 11:00:00,378.0
2022484408,2016-05-12 12:00:00,507.0
2022484408,2016-05-12 13:00:00,997.0
2022484408,2016-05-12 14:00:00,1383.0
2022484408,2016-05-12 15:00:00,665.0
2026352035,2016-04-12 00:00:00,29.0
2026352035,2016-04-12 01:00:00,0.0
2026352035,2016-04-12 02:00:00,0.0
2026352035,2016-04-12 03:00:00,0.0
2026352035,2016-04-12 04:00:00,0.0
2026352035,2016-04-12 05:00:00,0.0
2026352035,2016-04-12 06:00:00,319.0
2026352035,2016-04-12 07:00:00,225.0
2026352035,2016-04-12 08:00:00,154.0
2026352035,2016-04-12 09:00:00,230.0
2026352035,2016-04-12 10:00:00,73.0
2026352035,2016-04-12 11:00:00,1174.0
2026352035,2016-04-12 12:00:00,977.0
2026352035,2016-04-12 13:00:00,38.0
2026352035,2016-04-12 14:00:00,27.0
2026352035,2016-04-12 15:00:00,231.0
2026352035,2016-04-12 16:00:00,20.0
2026352035,2016-04-12 17:00:00,288.0
2026352035,2016-04-12 18:00:00,242.0
2026352035,2016-04-12 19:00:00,144.0
2026352035,2016-04-12 20:00:00,237.0
2026352035,2016-04-12 21:00:00,0.0
2026352035,2016-04-12 22:00:00,0.0
2026352035,2016-04-12 23:00:00,6.0
2026352035,2016-04-13 00:00:00,0.0
2026352035,2016-04-13 01:00:00,12.0
2026352035,2016-04-13 02:00:00,0.0
2026352035,2016-04-13 03:00:00,6.0
2026352035,2016-04-13 04:00:00,0.0
2026352035,2016-04-13 05:00:00,8.0
2026352035,2016-04-13 06:00:00,355.0
2026352035,2016-04-13 07:00:00,319.0
2026352035,2016-04-13 08:00:00,160.0
2026352035,2016-04-13 09:00:00,302.0
2026352035,2016-04-13 10:00:00,14.0
2026352035,2016-04-13 11:00:00,178.0
2026352035,2016-04-13 12:00:00,185.0
2026352035,2016-04-13 13:00:00,93.0
2026352035,2016-04-13 14:00:00,125.0
2026352035,2016-04-13 15:00:00,861.0
2026352035,2016-04-13 16:00:00,531.0
2026352035,2016-04-13 17:00:00,585.0
2026352035,2016-04-13 18:00:00,48.0
2026352035,2016-04-13 19:00:00,507.0
2026352035,2016-04-13 20:00:00,431.0
2026352035,2016-04-13 21:00:00,247.0
2026352035,2016-04-13 22:00:00,26.0
2026352035,2016-04-13 23:00:00,0.0
2026352035,2016-04-14 00:00:00,0.0
2026352035,2016-04-14 01:00:00,0.0
2026352035,2016-04-14 02:00:00,0.0
2026352035,2016-04-14 03:00:00,0.0
2026352035,2016-04-14 04:00:00,0.0
2026352035,2016-04-14 05:00:00,0.0
2026352035,2016-04-14 06:00:00,290.0
2026352035,2016-04-14 07:00:00,717.0
2026352035,2016-04-14 08:00:00,268.0
2026352035,2016-04-14 09:00:00,48.0
2026352035,2016-04-14 10:00:00,36.0
2026352035,2016-04-14 11:00:00,135.0
2026352035,2016-04-14 12:00:00,106.0
2026352035,2016-04-14 13:00:00,74.0
2026352035,2016-04-14 14:00:00,235.0
2026352035,2016-04-14 15:00:00,91.0
2026352035,2016-04-14 16:00:00,104.0
2026352035,2016-04-14 17:00:00,426.0
2026352035,2016-04-14 18:00:00,282.0
2026352035,2016-04-14 19:00:00,227.0
2026352035,2016-04-14 20:00:00,236.0
2026352035,2016-04-14 21:00:00,4.0
2026352035,2016-04-14 22:00:00,26.0
2026352035,2016-04-14 23:00:00,0.0
2026352035,2016-04-15 00:00:00,5.0
2026352035,2016-04-15 01:00:00,0.0
2026352035,2016-04-15 02:00:00,0.0
2026352035,2016-04-15 03:00:00,43.0
2026352035,2016-04-15 04:00:00,8.0
2026352035,2016-04-15 05:00:00,0.0
2026352035,2016-04-15 06:00:00,529.0
2026352035,2016-04-15 07:00:00,272.0
2026352035,2016-04-15 08:00:00,173.0
2026352035,2016-04-15 09:00:00,95.0
2026352035,2016-04-15 10:00:00,291.0
2026352035,2016-04-15 11:00:00,40.0
2026352035,2016-04-15 12:00:00,146.0
2026352035,2016-04-15 13:00:00,50.0
2026352035,2016-04-15 14:00:00,250.0
2026352035,2016-04-15 15:00:00,758.0
2026352035,2016-04-15 16:00:00,142.0
2026352035,2016-04-15 17:00:00,218.0
2026352035,2016-04-15 18:00:00,351.0
2026352035,2016-04-15 19:00:00,153.0
2026352035,2016-04-15 20:00:00,246.0
2026352035,2016-04-15 21:00:00,34.0
2026352035,2016-04-15 22:00:00,12.0
2026352035,2016-04-15 23:00:00,5.0
2026352035,2016-04-16 00:00:00,0.0
2026352035,2016-04-16 01:00:00,20.0
2026352035,2016-04-16 02:00:00,7.0
2026352035,2016-04-16 03:00:00,0.0
2026352035,2016-04-16 04:00:00,23.0
2026352035,2016-04-16 05:00:00,0.0
2026352035,2016-04-16 06:00:00,499.0
2026352035,2016-04-16 07:00:00,90.0
2026352035,2016-04-16 08:00:00,184.0
2026352035,2016-04-16 09:00:00,235.0
2026352035,2016-04-16 10:00:00,60.0
2026352035,2016-04-16 11:00:00,47.0
2026352035,2016-04-16 12:00:00,128.0
2026352035,2016-04-16 13:00:00,60.0
2026352035,2016-04-16 14:00:00,224.0
2026352035,2016-04-16 15:00:00,19.0
2026352035,2016-04-16 16:00:00,131.0
2026352035,2016-04-16 17:00:00,271.0
2026352035,2016-04-16 18:00:00,82.0
2026352035,2016-04-16 19:00:00,181.0
2026352035,2016-04-16 20:00:00,175.0
2026352035,2016-04-16 21:00:00,56.0
2026352035,2016-04-16 22:00:00,45.0
2026352035,2016-04-16 23:00:00,10.0
2026352035,2016-04-17 00:00:00,0.0
2026352035,2016-04-17 01:00:00,0.0
2026352035,2016-04-17 02:00:00,0.0
2026352035,2016-04-17 03:00:00,0.0
2026352035,2016-04-17 04:00:00,0.0
2026352035,2016-04-17 05:00:00,36.0
2026352035,2016-04-17 06:00:00,214.0
2026352035,2016-04-17 07:00:00,116.0
2026352035,2016-04-17 08:00:00,130.0
2026352035,2016-04-17 09:00:00,119.0
2026352035,2016-04-17 10:00:00,72.0
2026352035,2016-04-17 11:00:00,144.0
2026352035,2016-04-17 12:00:00,7.0
2026352035,2016-04-17 13:00:00,0.0
2026352035,2016-04-17 14:00:00,0.0
2026352035,2016-04-17 15:00:00,0.0
2026352035,2016-04-17 16:00:00,0.0
2026352035,2016-04-17 17:00:00,0.0
2026352035,2016-04-17 18:00:00,0.0
2026352035,2016-04-17 19:00:00,0.0
2026352035,2016-04-17 20:00:00,0.0
2026352035,2016-04-17 21:00:00,0.0
2026352035,2016-04-17 22:00:00,0.0
2026352035,2016-04-17 23:00:00,0.0
2026352035,2016-04-18 00:00:00,0.0
2026352035,2016-04-18 01:00:00,0.0
2026352035,2016-04-18 02:00:00,0.0
2026352035,2016-04-18 03:00:00,0.0
2026352035,2016-04-18 04:00:00,0.0
2026352035,2016-04-18 05:00:00,0.0
2026352035,2016-04-18 06:00:00,404.0
2026352035,2016-04-18 07:00:00,109.0
2026352035,2016-04-18 08:00:00,29.0
2026352035,2016-04-18 09:00:00,41.0
2026352035,2016-04-18 10:00:00,569.0
2026352035,2016-04-18 11:00:00,96.0
2026352035,2016-04-18 12:00:00,18.0
2026352035,2016-04-18 13:00:00,256.0
2026352035,2016-04-18 14:00:00,245.0
2026352035,2016-04-18 15:00:00,204.0
2026352035,2016-04-18 16:00:00,150.0
2026352035,2016-04-18 17:00:00,277.0
2026352035,2016-04-18 18:00:00,305.0
2026352035,2016-04-18 19:00:00,291.0
2026352035,2016-04-18 20:00:00,259.0
2026352035,2016-04-18 21:00:00,15.0
2026352035,2016-04-18 22:00:00,34.0
2026352035,2016-04-18 23:00:00,23.0
2026352035,2016-04-19 00:00:00,0.0
2026352035,2016-04-19 01:00:00,0.0
2026352035,2016-04-19 02:00:00,0.0
2026352035,2016-04-19 03:00:00,0.0
2026352035,2016-04-19 04:00:00,0.0
2026352035,2016-04-19 05:00:00,0.0
2026352035,2016-04-19 06:00:00,247.0
2026352035,2016-04-19 07:00:00,136.0
2026352035,2016-04-19 08:00:00,216.0
2026352035,2016-04-19 09:00:00,108.0
2026352035,2016-04-19 10:00:00,130.0
2026352035,2016-04-19 11:00:00,116.0
2026352035,2016-04-19 12:00:00,113.0
2026352035,2016-04-19 13:00:00,20.0
2026352035,2016-04-19 14:00:00,252.0
2026352035,2016-04-19 15:00:00,13.0
2026352035,2016-04-19 16:00:00,94.0
2026352035,2016-04-19 17:00:00,76.0
2026352035,2016-04-19 18:00:00,477.0
2026352035,2016-04-19 19:00:00,107.0
2026352035,2016-04-19 20:00:00,135.0
2026352035,2016-04-19 21:00:00,136.0
2026352035,2016-04-19 22:00:00,14.0
2026352035,2016-04-19 23:00:00,34.0
2026352035,2016-04-20 00:00:00,23.0
2026352035,2016-04-20 01:00:00,0.0
2026352035,2016-04-20 02:00:00,4.0
2026352035,2016-04-20 03:00:00,0.0
2026352035,2016-04-20 04:00:00,0.0
2026352035,2016-04-20 05:00:00,203.0
2026352035,2016-04-20 06:00:00,311.0
2026352035,2016-04-20 07:00:00,105.0
2026352035,2016-04-20 08:00:00,218.0
2026352035,2016-04-20 09:00:00,197.0
2026352035,2016-04-20 10:00:00,410.0
2026352035,2016-04-20 11:00:00,794.0
2026352035,2016-04-20 12:00:00,293.0
2026352035,2016-04-20 13:00:00,1001.0
2026352035,2016-04-20 14:00:00,617.0
2026352035,2016-04-20 15:00:00,533.0
2026352035,2016-04-20 16:00:00,713.0
2026352035,2016-04-20 17:00:00,260.0
2026352035,2016-04-20 18:00:00,892.0
2026352035,2016-04-20 19:00:00,222.0
2026352035,2016-04-20 20:00:00,138.0
2026352035,2016-04-20 21:00:00,256.0
2026352035,2016-04-20 22:00:00,16.0
2026352035,2016-04-20 23:00:00,16.0
2026352035,2016-04-21 00:00:00,0.0
2026352035,2016-04-21 01:00:00,12.0
2026352035,2016-04-21 02:00:00,0.0
2026352035,2016-04-21 03:00:00,0.0
2026352035,2016-04-21 04:00:00,0.0
2026352035,2016-04-21 05:00:00,0.0
2026352035,2016-04-21 06:00:00,363.0
2026352035,2016-04-21 07:00:00,115.0
2026352035,2016-04-21 08:00:00,15.0
2026352035,2016-04-21 09:00:00,175.0
2026352035,2016-04-21 10:00:00,6.0
2026352035,2016-04-21 11:00:00,117.0
2026352035,2016-04-21 12:00:00,154.0
2026352035,2016-04-21 13:00:00,89.0
2026352035,2016-04-21 14:00:00,115.0
2026352035,2016-04-21 15:00:00,154.0
2026352035,2016-04-21 16:00:00,138.0
2026352035,2016-04-21 17:00:00,440.0
2026352035,2016-04-21 18:00:00,133.0
2026352035,2016-04-21 19:00:00,102.0
2026352035,2016-04-21 20:00:00,295.0
2026352035,2016-04-21 21:00:00,16.0
2026352035,2016-04-21 22:00:00,9.0
2026352035,2016-04-21 23:00:00,19.0
2026352035,2016-04-22 00:00:00,0.0
2026352035,2016-04-22 01:00:00,0.0
2026352035,2016-04-22 02:00:00,0.0
2026352035,2016-04-22 03:00:00,0.0
2026352035,2016-04-22 04:00:00,0.0
2026352035,2016-04-22 05:00:00,0.0
2026352035,2016-04-22 06:00:00,335.0
2026352035,2016-04-22 07:00:00,14.0
2026352035,2016-04-22 08:00:00,117.0
2026352035,2016-04-22 09:00:00,108.0
2026352035,2016-04-22 10:00:00,220.0
2026352035,2016-04-22 11:00:00,274.0
2026352035,2016-04-22 12:00:00,109.0
2026352035,2016-04-22 13:00:00,75.0
2026352035,2016-04-22 14:00:00,10.0
2026352035,2016-04-22 15:00:00,838.0
2026352035,2016-04-22 16:00:00,88.0
2026352035,2016-04-22 17:00:00,216.0
2026352035,2016-04-22 18:00:00,170.0
2026352035,2016-04-22 19:00:00,115.0
2026352035,2016-04-22 20:00:00,186.0
2026352035,2016-04-22 21:00:00,0.0
2026352035,2016-04-22 22:00:00,18.0
2026352035,2016-04-22 23:00:00,22.0
2026352035,2016-04-23 00:00:00,5.0
2026352035,2016-04-23 01:00:00,0.0
2026352035,2016-04-23 02:00:00,0.0
2026352035,2016-04-23 03:00:00,0.0
2026352035,2016-04-23 04:00:00,0.0
2026352035,2016-04-23 05:00:00,0.0
2026352035,2016-04-23 06:00:00,521.0
2026352035,2016-04-23 07:00:00,154.0
2026352035,2016-04-23 08:00:00,957.0
2026352035,2016-04-23 09:00:00,602.0
2026352035,2016-04-23 10:00:00,1049.0
2026352035,2016-04-23 11:00:00,2315.0
2026352035,2016-04-23 12:00:00,1236.0
2026352035,2016-04-23 13:00:00,692.0
2026352035,2016-04-23 14:00:00,1742.0
2026352035,2016-04-23 15:00:00,1153.0
2026352035,2016-04-23 16:00:00,308.0
2026352035,2016-04-23 17:00:00,785.0
2026352035,2016-04-23 18:00:00,367.0
2026352035,2016-04-23 19:00:00,243.0
2026352035,2016-04-23 20:00:00,198.0
2026352035,2016-04-23 21:00:00,0.0
2026352035,2016-04-23 22:00:00,9.0
2026352035,2016-04-23 23:00:00,21.0
2026352035,2016-04-24 00:00:00,0.0
2026352035,2016-04-24 01:00:00,0.0
2026352035,2016-04-24 02:00:00,0.0
2026352035,2016-04-24 03:00:00,0.0
2026352035,2016-04-24 04:00:00,0.0
2026352035,2016-04-24 05:00:00,0.0
2026352035,2016-04-24 06:00:00,320.0
2026352035,2016-04-24 07:00:00,227.0
2026352035,2016-04-24 08:00:00,101.0
2026352035,2016-04-24 09:00:00,416.0
2026352035,2016-04-24 10:00:00,63.0
2026352035,2016-04-24 11:00:00,236.0
2026352035,2016-04-24 12:00:00,17.0
2026352035,2016-04-24 13:00:00,178.0
2026352035,2016-04-24 14:00:00,196.0
2026352035,2016-04-24 15:00:00,169.0
2026352035,2016-04-24 16:00:00,187.0
2026352035,2016-04-24 17:00:00,432.0
2026352035,2016-04-24 18:00:00,287.0
2026352035,2016-04-24 19:00:00,170.0
2026352035,2016-04-24 20:00:00,334.0
2026352035,2016-04-24 21:00:00,129.0
2026352035,2016-04-24 22:00:00,12.0
2026352035,2016-04-24 23:00:00,16.0
2026352035,2016-04-25 00:00:00,0.0
2026352035,2016-04-25 01:00:00,0.0
2026352035,2016-04-25 02:00:00,0.0
2026352035,2016-04-25 03:00:00,0.0
2026352035,2016-04-25 04:00:00,0.0
2026352035,2016-04-25 05:00:00,0.0
2026352035,2016-04-25 06:00:00,523.0
2026352035,2016-04-25 07:00:00,562.0
2026352035,2016-04-25 08:00:00,643.0
2026352035,2016-04-25 09:00:00,672.0
2026352035,2016-04-25 10:00:00,120.0
2026352035,2016-04-25 11:00:00,484.0
2026352035,2016-04-25 12:00:00,636.0
2026352035,2016-04-25 13:00:00,305.0
2026352035,2016-04-25 14:00:00,962.0
2026352035,2016-04-25 15:00:00,559.0
2026352035,2016-04-25 16:00:00,551.0
2026352035,2016-04-25 17:00:00,0.0
2026352035,2016-04-25 18:00:00,0.0
2026352035,2016-04-25 19:00:00,0.0
2026352035,2016-04-25 20:00:00,0.0
2026352035,2016-04-25 21:00:00,0.0
2026352035,2016-04-25 22:00:00,0.0
2026352035,2016-04-25 23:00:00,0.0
2026352035,2016-04-26 00:00:00,0.0
2026352035,2016-04-26 01:00:00,0.0
2026352035,2016-04-26 02:00:00,0.0
2026352035,2016-04-26 03:00:00,0.0
2026352035,2016-04-26 04:00:00,0.0
2026352035,2016-04-26 05:00:00,0.0
2026352035,2016-04-26 06:00:00,37.0
2026352035,2016-04-26 07:00:00,198.0
2026352035,2016-04-26 08:00:00,170.0
2026352035,2016-04-26 09:00:00,159.0
2026352035,2016-04-26 10:00:00,383.0
2026352035,2016-04-26 11:00:00,194.0
2026352035,2016-04-26 12:00:00,639.0
2026352035,2016-04-26 13:00:00,1224.0
2026352035,2016-04-26 14:00:00,611.0
2026352035,2016-04-26 15:00:00,319.0
2026352035,2016-04-26 16:00:00,311.0
2026352035,2016-04-26 17:00:00,255.0
2026352035,2016-04-26 18:00:00,303.0
2026352035,2016-04-26 19:00:00,482.0
2026352035,2016-04-26 20:00:00,350.0
2026352035,2016-04-26 21:00:00,263.0
2026352035,2016-04-26 22:00:00,25.0
2026352035,2016-04-26 23:00:00,10.0
2026352035,2016-04-27 00:00:00,5.0
2026352035,2016-04-27 01:00:00,52.0
2026352035,2016-04-27 02:00:00,0.0
2026352035,2016-04-27 03:00:00,4.0
2026352035,2016-04-27 04:00:00,0.0
2026352035,2016-04-27 05:00:00,0.0
2026352035,2016-04-27 06:00:00,166.0
2026352035,2016-04-27 07:00:00,179.0
2026352035,2016-04-27 08:00:00,54.0
2026352035,2016-04-27 09:00:00,70.0
2026352035,2016-04-27 10:00:00,100.0
2026352035,2016-04-27 11:00:00,133.0
2026352035,2016-04-27 12:00:00,106.0
2026352035,2016-04-27 13:00:00,807.0
2026352035,2016-04-27 14:00:00,652.0
2026352035,2016-04-27 15:00:00,469.0
2026352035,2016-04-27 16:00:00,604.0
2026352035,2016-04-27 17:00:00,895.0
2026352035,2016-04-27 18:00:00,419.0
2026352035,2016-04-27 19:00:00,799.0
2026352035,2016-04-27 20:00:00,313.0
2026352035,2016-04-27 21:00:00,229.0
2026352035,2016-04-27 22:00:00,16.0
2026352035,2016-04-27 23:00:00,16.0
2026352035,2016-04-28 00:00:00,9.0
2026352035,2016-04-28 01:00:00,0.0
2026352035,2016-04-28 02:00:00,0.0
2026352035,2016-04-28 03:00:00,5.0
2026352035,2016-04-28 04:00:00,0.0
2026352035,2016-04-28 05:00:00,0.0
2026352035,2016-04-28 06:00:00,330.0
2026352035,2016-04-28 07:00:00,180.0
2026352035,2016-04-28 08:00:00,36.0
2026352035,2016-04-28 09:00:00,65.0
2026352035,2016-04-28 10:00:00,201.0
2026352035,2016-04-28 11:00:00,230.0
2026352035,2016-04-28 12:00:00,67.0
2026352035,2016-04-28 13:00:00,710.0
2026352035,2016-04-28 14:00:00,221.0
2026352035,2016-04-28 15:00:00,1049.0
2026352035,2016-04-28 16:00:00,960.0
2026352035,2016-04-28 17:00:00,633.0
2026352035,2016-04-28 18:00:00,150.0
2026352035,2016-04-28 19:00:00,342.0
2026352035,2016-04-28 20:00:00,476.0
2026352035,2016-04-28 21:00:00,469.0
2026352035,2016-04-28 22:00:00,219.0
2026352035,2016-04-28 23:00:00,23.0
2026352035,2016-04-29 00:00:00,6.0
2026352035,2016-04-29 01:00:00,0.0
2026352035,2016-04-29 02:00:00,0.0
2026352035,2016-04-29 03:00:00,0.0
2026352035,2016-04-29 04:00:00,0.0
2026352035,2016-04-29 05:00:00,6.0
2026352035,2016-04-29 06:00:00,4.0
2026352035,2016-04-29 07:00:00,587.0
2026352035,2016-04-29 08:00:00,289.0
2026352035,2016-04-29 09:00:00,182.0
2026352035,2016-04-29 10:00:00,531.0
2026352035,2016-04-29 11:00:00,718.0
2026352035,2016-04-29 12:00:00,472.0
2026352035,2016-04-29 13:00:00,912.0
2026352035,2016-04-29 14:00:00,602.0
2026352035,2016-04-29 15:00:00,1052.0
2026352035,2016-04-29 16:00:00,466.0
2026352035,2016-04-29 17:00:00,489.0
2026352035,2016-04-29 18:00:00,799.0
2026352035,2016-04-29 19:00:00,170.0
2026352035,2016-04-29 20:00:00,240.0
2026352035,2016-04-29 21:00:00,64.0
2026352035,2016-04-29 22:00:00,15.0
2026352035,2016-04-29 23:00:00,0.0
2026352035,2016-04-30 00:00:00,0.0
2026352035,2016-04-30 01:00:00,0.0
2026352035,2016-04-30 02:00:00,0.0
2026352035,2016-04-30 03:00:00,0.0
2026352035,2016-04-30 04:00:00,0.0
2026352035,2016-04-30 05:00:00,0.0
2026352035,2016-04-30 06:00:00,0.0
2026352035,2016-04-30 07:00:00,689.0
2026352035,2016-04-30 08:00:00,239.0
2026352035,2016-04-30 09:00:00,59.0
2026352035,2016-04-30 10:00:00,296.0
2026352035,2016-04-30 11:00:00,63.0
2026352035,2016-04-30 12:00:00,1102.0
2026352035,2016-04-30 13:00:00,815.0
2026352035,2016-04-30 14:00:00,373.0
2026352035,2016-04-30 15:00:00,116.0
2026352035,2016-04-30 16:00:00,139.0
2026352035,2016-04-30 17:00:00,233.0
2026352035,2016-04-30 18:00:00,153.0
2026352035,2016-04-30 19:00:00,199.0
2026352035,2016-04-30 20:00:00,226.0
2026352035,2016-04-30 21:00:00,0.0
2026352035,2016-04-30 22:00:00,27.0
2026352035,2016-04-30 23:00:00,0.0
2026352035,2016-05-01 00:00:00,0.0
2026352035,2016-05-01 01:00:00,0.0
2026352035,2016-05-01 02:00:00,0.0
2026352035,2016-05-01 03:00:00,0.0
2026352035,2016-05-01 04:00:00,0.0
2026352035,2016-05-01 05:00:00,0.0
2026352035,2016-05-01 06:00:00,391.0
2026352035,2016-05-01 07:00:00,234.0
2026352035,2016-05-01 08:00:00,166.0
2026352035,2016-05-01 09:00:00,94.0
2026352035,2016-05-01 10:00:00,1116.0
2026352035,2016-05-01 11:00:00,121.0
2026352035,2016-05-01 12:00:00,128.0
2026352035,2016-05-01 13:00:00,125.0
2026352035,2016-05-01 14:00:00,190.0
2026352035,2016-05-01 15:00:00,67.0
2026352035,2016-05-01 16:00:00,166.0
2026352035,2016-05-01 17:00:00,234.0
2026352035,2016-05-01 18:00:00,139.0
2026352035,2016-05-01 19:00:00,138.0
2026352035,2016-05-01 20:00:00,149.0
2026352035,2016-05-01 21:00:00,128.0
2026352035,2016-05-01 22:00:00,4.0
2026352035,2016-05-01 23:00:00,19.0
2026352035,2016-05-02 00:00:00,0.0
2026352035,2016-05-02 01:00:00,0.0
2026352035,2016-05-02 02:00:00,0.0
2026352035,2016-05-02 03:00:00,0.0
2026352035,2016-05-02 04:00:00,5.0
2026352035,2016-05-02 05:00:00,0.0
2026352035,2016-05-02 06:00:00,370.0
2026352035,2016-05-02 07:00:00,74.0
2026352035,2016-05-02 08:00:00,65.0
2026352035,2016-05-02 09:00:00,199.0
2026352035,2016-05-02 10:00:00,136.0
2026352035,2016-05-02 11:00:00,293.0
2026352035,2016-05-02 12:00:00,322.0
2026352035,2016-05-02 13:00:00,866.0
2026352035,2016-05-02 14:00:00,569.0
2026352035,2016-05-02 15:00:00,250.0
2026352035,2016-05-02 16:00:00,690.0
2026352035,2016-05-02 17:00:00,779.0
2026352035,2016-05-02 18:00:00,1038.0
2026352035,2016-05-02 19:00:00,121.0
2026352035,2016-05-02 20:00:00,448.0
2026352035,2016-05-02 21:00:00,611.0
2026352035,2016-05-02 22:00:00,182.0
2026352035,2016-05-02 23:00:00,0.0
2026352035,2016-05-03 00:00:00,0.0
2026352035,2016-05-03 01:00:00,0.0
2026352035,2016-05-03 02:00:00,0.0
2026352035,2016-05-03 03:00:00,0.0
2026352035,2016-05-03 04:00:00,0.0
2026352035,2016-05-03 05:00:00,0.0
2026352035,2016-05-03 06:00:00,0.0
2026352035,2016-05-03 07:00:00,251.0
2026352035,2016-05-03 08:00:00,201.0
2026352035,2016-05-03 09:00:00,167.0
2026352035,2016-05-03 10:00:00,167.0
2026352035,2016-05-03 11:00:00,381.0
2026352035,2016-05-03 12:00:00,55.0
2026352035,2016-05-03 13:00:00,623.0
2026352035,2016-05-03 14:00:00,758.0
2026352035,2016-05-03 15:00:00,815.0
2026352035,2016-05-03 16:00:00,544.0
2026352035,2016-05-03 17:00:00,344.0
2026352035,2016-05-03 18:00:00,647.0
2026352035,2016-05-03 19:00:00,617.0
2026352035,2016-05-03 20:00:00,244.0
2026352035,2016-05-03 21:00:00,162.0
2026352035,2016-05-03 22:00:00,0.0
2026352035,2016-05-03 23:00:00,16.0
2026352035,2016-05-04 00:00:00,0.0
2026352035,2016-05-04 01:00:00,0.0
2026352035,2016-05-04 02:00:00,0.0
2026352035,2016-05-04 03:00:00,0.0
2026352035,2016-05-04 04:00:00,6.0
2026352035,2016-05-04 05:00:00,9.0
2026352035,2016-05-04 06:00:00,86.0
2026352035,2016-05-04 07:00:00,420.0
2026352035,2016-05-04 08:00:00,223.0
2026352035,2016-05-04 09:00:00,395.0
2026352035,2016-05-04 10:00:00,127.0
2026352035,2016-05-04 11:00:00,214.0
2026352035,2016-05-04 12:00:00,47.0
2026352035,2016-05-04 13:00:00,396.0
2026352035,2016-05-04 14:00:00,762.0
2026352035,2016-05-04 15:00:00,681.0
2026352035,2016-05-04 16:00:00,575.0
2026352035,2016-05-04 17:00:00,572.0
2026352035,2016-05-04 18:00:00,623.0
2026352035,2016-05-04 19:00:00,421.0
2026352035,2016-05-04 20:00:00,860.0
2026352035,2016-05-04 21:00:00,117.0
2026352035,2016-05-04 22:00:00,9.0
2026352035,2016-05-04 23:00:00,21.0
2026352035,2016-05-05 00:00:00,0.0
2026352035,2016-05-05 01:00:00,0.0
2026352035,2016-05-05 02:00:00,0.0
2026352035,2016-05-05 03:00:00,0.0
2026352035,2016-05-05 04:00:00,0.0
2026352035,2016-05-05 05:00:00,651.0
2026352035,2016-05-05 06:00:00,669.0
2026352035,2016-05-05 07:00:00,580.0
2026352035,2016-05-05 08:00:00,709.0
2026352035,2016-05-05 09:00:00,857.0
2026352035,2016-05-05 10:00:00,578.0
2026352035,2016-05-05 11:00:00,468.0
2026352035,2016-05-05 12:00:00,1196.0
2026352035,2016-05-05 13:00:00,1494.0
2026352035,2016-05-05 14:00:00,379.0
2026352035,2016-05-05 15:00:00,936.0
2026352035,2016-05-05 16:00:00,1472.0
2026352035,2016-05-05 17:00:00,299.0
2026352035,2016-05-05 18:00:00,815.0
2026352035,2016-05-05 19:00:00,347.0
2026352035,2016-05-05 20:00:00,377.0
2026352035,2016-05-05 21:00:00,314.0
2026352035,2016-05-05 22:00:00,22.0
2026352035,2016-05-05 23:00:00,4.0
2026352035,2016-05-06 00:00:00,0.0
2026352035,2016-05-06 01:00:00,0.0
2026352035,2016-05-06 02:00:00,0.0
2026352035,2016-05-06 03:00:00,4.0
2026352035,2016-05-06 04:00:00,0.0
2026352035,2016-05-06 05:00:00,0.0
2026352035,2016-05-06 06:00:00,279.0
2026352035,2016-05-06 07:00:00,282.0
2026352035,2016-05-06 08:00:00,427.0
2026352035,2016-05-06 09:00:00,287.0
2026352035,2016-05-06 10:00:00,772.0
2026352035,2016-05-06 11:00:00,547.0
2026352035,2016-05-06 12:00:00,626.0
2026352035,2016-05-06 13:00:00,673.0
2026352035,2016-05-06 14:00:00,438.0
2026352035,2016-05-06 15:00:00,698.0
2026352035,2016-05-06 16:00:00,669.0
2026352035,2016-05-06 17:00:00,568.0
2026352035,2016-05-06 18:00:00,1008.0
2026352035,2016-05-06 19:00:00,243.0
2026352035,2016-05-06 20:00:00,383.0
2026352035,2016-05-06 21:00:00,279.0
2026352035,2016-05-06 22:00:00,15.0
2026352035,2016-05-06 23:00:00,0.0
2026352035,2016-05-07 00:00:00,0.0
2026352035,2016-05-07 01:00:00,0.0
2026352035,2016-05-07 02:00:00,0.0
2026352035,2016-05-07 03:00:00,0.0
2026352035,2016-05-07 04:00:00,0.0
2026352035,2016-05-07 05:00:00,0.0
2026352035,2016-05-07 06:00:00,632.0
2026352035,2016-05-07 07:00:00,362.0
2026352035,2016-05-07 08:00:00,238.0
2026352035,2016-05-07 09:00:00,237.0
2026352035,2016-05-07 10:00:00,326.0
2026352035,2016-05-07 11:00:00,216.0
2026352035,2016-05-07 12:00:00,503.0
2026352035,2016-05-07 13:00:00,88.0
2026352035,2016-05-07 14:00:00,187.0
2026352035,2016-05-07 15:00:00,77.0
2026352035,2016-05-07 16:00:00,147.0
2026352035,2016-05-07 17:00:00,284.0
2026352035,2016-05-07 18:00:00,226.0
2026352035,2016-05-07 19:00:00,189.0
2026352035,2016-05-07 20:00:00,424.0
2026352035,2016-05-07 21:00:00,19.0
2026352035,2016-05-07 22:00:00,14.0
2026352035,2016-05-07 23:00:00,24.0
2026352035,2016-05-08 00:00:00,9.0
2026352035,2016-05-08 01:00:00,0.0
2026352035,2016-05-08 02:00:00,0.0
2026352035,2016-05-08 03:00:00,0.0
2026352035,2016-05-08 04:00:00,0.0
2026352035,2016-05-08 05:00:00,0.0
2026352035,2016-05-08 06:00:00,441.0
2026352035,2016-05-08 07:00:00,211.0
2026352035,2016-05-08 08:00:00,649.0
2026352035,2016-05-08 09:00:00,1338.0
2026352035,2016-05-08 10:00:00,415.0
2026352035,2016-05-08 11:00:00,508.0
2026352035,2016-05-08 12:00:00,261.0
2026352035,2016-05-08 13:00:00,170.0
2026352035,2016-05-08 14:00:00,117.0
2026352035,2016-05-08 15:00:00,117.0
2026352035,2016-05-08 16:00:00,12.0
2026352035,2016-05-08 17:00:00,251.0
2026352035,2016-05-08 18:00:00,322.0
2026352035,2016-05-08 19:00:00,217.0
2026352035,2016-05-08 20:00:00,475.0
2026352035,2016-05-08 21:00:00,0.0
2026352035,2016-05-08 22:00:00,9.0
2026352035,2016-05-08 23:00:00,6.0
2026352035,2016-05-09 00:00:00,0.0
2026352035,2016-05-09 01:00:00,9.0
2026352035,2016-05-09 02:00:00,0.0
2026352035,2016-05-09 03:00:00,0.0
2026352035,2016-05-09 04:00:00,0.0
2026352035,2016-05-09 05:00:00,0.0
2026352035,2016-05-09 06:00:00,527.0
2026352035,2016-05-09 07:00:00,707.0
2026352035,2016-05-09 08:00:00,460.0
2026352035,2016-05-09 09:00:00,147.0
2026352035,2016-05-09 10:00:00,130.0
2026352035,2016-05-09 11:00:00,179.0
2026352035,2016-05-09 12:00:00,109.0
2026352035,2016-05-09 13:00:00,658.0
2026352035,2016-05-09 14:00:00,505.0
2026352035,2016-05-09 15:00:00,1058.0
2026352035,2016-05-09 16:00:00,1960.0
2026352035,2016-05-09 17:00:00,1848.0
2026352035,2016-05-09 18:00:00,606.0
2026352035,2016-05-09 19:00:00,754.0
2026352035,2016-05-09 20:00:00,666.0
2026352035,2016-05-09 21:00:00,323.0
2026352035,2016-05-09 22:00:00,0.0
2026352035,2016-05-09 23:00:00,6.0
2026352035,2016-05-10 00:00:00,50.0
2026352035,2016-05-10 01:00:00,0.0
2026352035,2016-05-10 02:00:00,0.0
2026352035,2016-05-10 03:00:00,0.0
2026352035,2016-05-10 04:00:00,0.0
2026352035,2016-05-10 05:00:00,0.0
2026352035,2016-05-10 06:00:00,0.0
2026352035,2016-05-10 07:00:00,0.0
2026352035,2016-05-10 08:00:00,0.0
2026352035,2016-05-10 09:00:00,0.0
2026352035,2016-05-10 10:00:00,0.0
2026352035,2016-05-10 11:00:00,0.0
2026352035,2016-05-10 12:00:00,0.0
2026352035,2016-05-10 13:00:00,0.0
2026352035,2016-05-10 14:00:00,0.0
2026352035,2016-05-10 15:00:00,0.0
2026352035,2016-05-10 16:00:00,0.0
2026352035,2016-05-10 17:00:00,0.0
2026352035,2016-05-10 18:00:00,0.0
2026352035,2016-05-10 19:00:00,0.0
2026352035,2016-05-10 20:00:00,33.0
2026352035,2016-05-10 21:00:00,118.0
2026352035,2016-05-10 22:00:00,23.0
2026352035,2016-05-10 23:00:00,30.0
2026352035,2016-05-11 00:00:00,9.0
2026352035,2016-05-11 01:00:00,0.0
2026352035,2016-05-11 02:00:00,0.0
2026352035,2016-05-11 03:00:00,8.0
2026352035,2016-05-11 04:00:00,0.0
2026352035,2016-05-11 05:00:00,0.0
2026352035,2016-05-11 06:00:00,364.0
2026352035,2016-05-11 07:00:00,322.0
2026352035,2016-05-11 08:00:00,216.0
2026352035,2016-05-11 09:00:00,102.0
2026352035,2016-05-11 10:00:00,342.0
2026352035,2016-05-11 11:00:00,163.0
2026352035,2016-05-11 12:00:00,53.0
2026352035,2016-05-11 13:00:00,536.0
2026352035,2016-05-11 14:00:00,582.0
2026352035,2016-05-11 15:00:00,883.0
2026352035,2016-05-11 16:00:00,2375.0
2026352035,2016-05-11 17:00:00,820.0
2026352035,2016-05-11 18:00:00,331.0
2026352035,2016-05-11 19:00:00,552.0
2026352035,2016-05-11 20:00:00,759.0
2026352035,2016-05-11 21:00:00,150.0
2026352035,2016-05-11 22:00:00,8.0
2026352035,2016-05-11 23:00:00,5.0
2026352035,2016-05-12 00:00:00,0.0
2026352035,2016-05-12 01:00:00,0.0
2026352035,2016-05-12 02:00:00,8.0
2026352035,2016-05-12 03:00:00,0.0
2026352035,2016-05-12 04:00:00,0.0
2026352035,2016-05-12 05:00:00,370.0
2026352035,2016-05-12 06:00:00,652.0
2026352035,2016-05-12 07:00:00,598.0
2026352035,2016-05-12 08:00:00,724.0
2026352035,2016-05-12 09:00:00,493.0
2026352035,2016-05-12 10:00:00,1261.0
2026352035,2016-05-12 11:00:00,744.0
2026352035,2016-05-12 12:00:00,976.0
2026352035,2016-05-12 13:00:00,882.0
2026352035,2016-05-12 14:00:00,618.0
2026352035,2016-05-12 15:00:00,1123.0
2320127002,2016-04-12 00:00:00,0.0
2320127002,2016-04-12 01:00:00,0.0
2320127002,2016-04-12 02:00:00,0.0
2320127002,2016-04-12 03:00:00,0.0
2320127002,2016-04-12 04:00:00,0.0
2320127002,2016-04-12 05:00:00,0.0
2320127002,2016-04-12 06:00:00,0.0
2320127002,2016-04-12 07:00:00,497.0
2320127002,2016-04-12 08:00:00,461.0
2320127002,2016-04-12 09:00:00,470.0
2320127002,2016-04-12 10:00:00,164.0
2320127002,2016-04-12 11:00:00,654.0
2320127002,2016-04-12 12:00:00,1140.0
2320127002,2016-04-12 13:00:00,408.0
2320127002,2016-04-12 14:00:00,1372.0
2320127002,2016-04-12 15:00:00,2208.0
2320127002,2016-04-12 16:00:00,771.0
2320127002,2016-04-12 17:00:00,557.0
2320127002,2016-04-12 18:00:00,415.0
2320127002,2016-04-12 19:00:00,459.0
2320127002,2016-04-12 20:00:00,348.0
2320127002,2016-04-12 21:00:00,197.0
2320127002,2016-04-12 22:00:00,296.0
2320127002,2016-04-12 23:00:00,308.0
2320127002,2016-04-13 00:00:00,178.0
2320127002,2016-04-13 01:00:00,421.0
2320127002,2016-04-13 02:00:00,218.0
2320127002,2016-04-13 03:00:00,45.0
2320127002,2016-04-13 04:00:00,234.0
2320127002,2016-04-13 05:00:00,83.0
2320127002,2016-04-13 06:00:00,370.0
2320127002,2016-04-13 07:00:00,959.0
2320127002,2016-04-13 08:00:00,541.0
2320127002,2016-04-13 09:00:00,198.0
2320127002,2016-04-13 10:00:00,166.0
2320127002,2016-04-13 11:00:00,350.0
2320127002,2016-04-13 12:00:00,414.0
2320127002,2016-04-13 13:00:00,148.0
2320127002,2016-04-13 14:00:00,365.0
2320127002,2016-04-13 15:00:00,283.0
2320127002,2016-04-13 16:00:00,396.0
2320127002,2016-04-13 17:00:00,456.0
2320127002,2016-04-13 18:00:00,117.0
2320127002,2016-04-13 19:00:00,168.0
2320127002,2016-04-13 20:00:00,284.0
2320127002,2016-04-13 21:00:00,305.0
2320127002,2016-04-13 22:00:00,422.0
2320127002,2016-04-13 23:00:00,154.0
2320127002,2016-04-14 00:00:00,191.0
2320127002,2016-04-14 01:00:00,0.0
2320127002,2016-04-14 02:00:00,0.0
2320127002,2016-04-14 03:00:00,0.0
2320127002,2016-04-14 04:00:00,0.0
2320127002,2016-04-14 05:00:00,0.0
2320127002,2016-04-14 06:00:00,168.0
2320127002,2016-04-14 07:00:00,368.0
2320127002,2016-04-14 08:00:00,189.0
2320127002,2016-04-14 09:00:00,525.0
2320127002,2016-04-14 10:00:00,300.0
2320127002,2016-04-14 11:00:00,19.0
2320127002,2016-04-14 12:00:00,0.0
2320127002,2016-04-14 13:00:00,0.0
2320127002,2016-04-14 14:00:00,35.0
2320127002,2016-04-14 15:00:00,243.0
2320127002,2016-04-14 16:00:00,638.0
2320127002,2016-04-14 17:00:00,465.0
2320127002,2016-04-14 18:00:00,355.0
2320127002,2016-04-14 19:00:00,338.0
2320127002,2016-04-14 20:00:00,139.0
2320127002,2016-04-14 21:00:00,0.0
2320127002,2016-04-14 22:00:00,0.0
2320127002,2016-04-14 23:00:00,0.0
2320127002,2016-04-15 00:00:00,0.0
2320127002,2016-04-15 01:00:00,0.0
2320127002,2016-04-15 02:00:00,0.0
2320127002,2016-04-15 03:00:00,0.0
2320127002,2016-04-15 04:00:00,0.0
2320127002,2016-04-15 05:00:00,0.0
2320127002,2016-04-15 06:00:00,0.0
2320127002,2016-04-15 07:00:00,569.0
2320127002,2016-04-15 08:00:00,234.0
2320127002,2016-04-15 09:00:00,405.0
2320127002,2016-04-15 10:00:00,177.0
2320127002,2016-04-15 11:00:00,223.0
2320127002,2016-04-15 12:00:00,564.0
2320127002,2016-04-15 13:00:00,126.0
2320127002,2016-04-15 14:00:00,0.0
2320127002,2016-04-15 15:00:00,275.0
2320127002,2016-04-15 16:00:00,258.0
2320127002,2016-04-15 17:00:00,498.0
2320127002,2016-04-15 18:00:00,312.0
2320127002,2016-04-15 19:00:00,570.0
2320127002,2016-04-15 20:00:00,571.0
2320127002,2016-04-15 21:00:00,306.0
2320127002,2016-04-15 22:00:00,117.0
2320127002,2016-04-15 23:00:00,0.0
2320127002,2016-04-16 00:00:00,0.0
2320127002,2016-04-16 01:00:00,0.0
2320127002,2016-04-16 02:00:00,0.0
2320127002,2016-04-16 03:00:00,0.0
2320127002,2016-04-16 04:00:00,0.0
2320127002,2016-04-16 05:00:00,0.0
2320127002,2016-04-16 06:00:00,0.0
2320127002,2016-04-16 07:00:00,0.0
2320127002,2016-04-16 08:00:00,0.0
2320127002,2016-04-16 09:00:00,0.0
2320127002,2016-04-16 10:00:00,317.0
2320127002,2016-04-16 11:00:00,513.0
2320127002,2016-04-16 12:00:00,520.0
2320127002,2016-04-16 13:00:00,203.0
2320127002,2016-04-16 14:00:00,219.0
2320127002,2016-04-16 15:00:00,398.0
2320127002,2016-04-16 16:00:00,306.0
2320127002,2016-04-16 17:00:00,0.0
2320127002,2016-04-16 18:00:00,0.0
2320127002,2016-04-16 19:00:00,220.0
2320127002,2016-04-16 20:00:00,490.0
2320127002,2016-04-16 21:00:00,634.0
2320127002,2016-04-16 22:00:00,510.0
2320127002,2016-04-16 23:00:00,714.0
2320127002,2016-04-17 00:00:00,330.0
2320127002,2016-04-17 01:00:00,94.0
2320127002,2016-04-17 02:00:00,0.0
2320127002,2016-04-17 03:00:00,0.0
2320127002,2016-04-17 04:00:00,0.0
2320127002,2016-04-17 05:00:00,0.0
2320127002,2016-04-17 06:00:00,0.0
2320127002,2016-04-17 07:00:00,0.0
2320127002,2016-04-17 08:00:00,0.0
2320127002,2016-04-17 09:00:00,232.0
2320127002,2016-04-17 10:00:00,256.0
2320127002,2016-04-17 11:00:00,484.0
2320127002,2016-04-17 12:00:00,507.0
2320127002,2016-04-17 13:00:00,567.0
2320127002,2016-04-17 14:00:00,661.0
2320127002,2016-04-17 15:00:00,242.0
2320127002,2016-04-17 16:00:00,286.0
2320127002,2016-04-17 17:00:00,431.0
2320127002,2016-04-17 18:00:00,749.0
2320127002,2016-04-17 19:00:00,579.0
2320127002,2016-04-17 20:00:00,474.0
2320127002,2016-04-17 21:00:00,220.0
2320127002,2016-04-17 22:00:00,86.0
2320127002,2016-04-17 23:00:00,0.0
2320127002,2016-04-18 00:00:00,0.0
2320127002,2016-04-18 01:00:00,0.0
2320127002,2016-04-18 02:00:00,0.0
2320127002,2016-04-18 03:00:00,0.0
2320127002,2016-04-18 04:00:00,0.0
2320127002,2016-04-18 05:00:00,0.0
2320127002,2016-04-18 06:00:00,183.0
2320127002,2016-04-18 07:00:00,589.0
2320127002,2016-04-18 08:00:00,287.0
2320127002,2016-04-18 09:00:00,486.0
2320127002,2016-04-18 10:00:00,103.0
2320127002,2016-04-18 11:00:00,347.0
2320127002,2016-04-18 12:00:00,479.0
2320127002,2016-04-18 13:00:00,852.0
2320127002,2016-04-18 14:00:00,633.0
2320127002,2016-04-18 15:00:00,228.0
2320127002,2016-04-18 16:00:00,332.0
2320127002,2016-04-18 17:00:00,324.0
2320127002,2016-04-18 18:00:00,260.0
2320127002,2016-04-18 19:00:00,427.0
2320127002,2016-04-18 20:00:00,306.0
2320127002,2016-04-18 21:00:00,377.0
2320127002,2016-04-18 22:00:00,82.0
2320127002,2016-04-18 23:00:00,243.0
2320127002,2016-04-19 00:00:00,62.0
2320127002,2016-04-19 01:00:00,0.0
2320127002,2016-04-19 02:00:00,0.0
2320127002,2016-04-19 03:00:00,0.0
2320127002,2016-04-19 04:00:00,0.0
2320127002,2016-04-19 05:00:00,0.0
2320127002,2016-04-19 06:00:00,0.0
2320127002,2016-04-19 07:00:00,0.0
2320127002,2016-04-19 08:00:00,0.0
2320127002,2016-04-19 09:00:00,0.0
2320127002,2016-04-19 10:00:00,0.0
2320127002,2016-04-19 11:00:00,0.0
2320127002,2016-04-19 12:00:00,821.0
2320127002,2016-04-19 13:00:00,272.0
2320127002,2016-04-19 14:00:00,244.0
2320127002,2016-04-19 15:00:00,332.0
2320127002,2016-04-19 16:00:00,413.0
2320127002,2016-04-19 17:00:00,328.0
2320127002,2016-04-19 18:00:00,0.0
2320127002,2016-04-19 19:00:00,76.0
2320127002,2016-04-19 20:00:00,645.0
2320127002,2016-04-19 21:00:00,625.0
2320127002,2016-04-19 22:00:00,1025.0
2320127002,2016-04-19 23:00:00,1154.0
2320127002,2016-04-20 00:00:00,220.0
2320127002,2016-04-20 01:00:00,0.0
2320127002,2016-04-20 02:00:00,0.0
2320127002,2016-04-20 03:00:00,0.0
2320127002,2016-04-20 04:00:00,0.0
2320127002,2016-04-20 05:00:00,0.0
2320127002,2016-04-20 06:00:00,0.0
2320127002,2016-04-20 07:00:00,0.0
2320127002,2016-04-20 08:00:00,0.0
2320127002,2016-04-20 09:00:00,0.0
2320127002,2016-04-20 10:00:00,0.0
2320127002,2016-04-20 11:00:00,0.0
2320127002,2016-04-20 12:00:00,420.0
2320127002,2016-04-20 13:00:00,338.0
2320127002,2016-04-20 14:00:00,842.0
2320127002,2016-04-20 15:00:00,1813.0
2320127002,2016-04-20 16:00:00,624.0
2320127002,2016-04-20 17:00:00,541.0
2320127002,2016-04-20 18:00:00,411.0
2320127002,2016-04-20 19:00:00,485.0
2320127002,2016-04-20 20:00:00,411.0
2320127002,2016-04-20 21:00:00,294.0
2320127002,2016-04-20 22:00:00,434.0
2320127002,2016-04-20 23:00:00,329.0
2320127002,2016-04-21 00:00:00,30.0
2320127002,2016-04-21 01:00:00,0.0
2320127002,2016-04-21 02:00:00,0.0
2320127002,2016-04-21 03:00:00,0.0
2320127002,2016-04-21 04:00:00,0.0
2320127002,2016-04-21 05:00:00,0.0
2320127002,2016-04-21 06:00:00,0.0
2320127002,2016-04-21 07:00:00,0.0
2320127002,2016-04-21 08:00:00,0.0
2320127002,2016-04-21 09:00:00,0.0
2320127002,2016-04-21 10:00:00,0.0
2320127002,2016-04-21 11:00:00,0.0
2320127002,2016-04-21 12:00:00,0.0
2320127002,2016-04-21 13:00:00,0.0
2320127002,2016-04-21 14:00:00,0.0
2320127002,2016-04-21 15:00:00,185.0
2320127002,2016-04-21 16:00:00,511.0
2320127002,2016-04-21 17:00:00,446.0
2320127002,2016-04-21 18:00:00,349.0
2320127002,2016-04-21 19:00:00,61.0
2320127002,2016-04-21 20:00:00,0.0
2320127002,2016-04-21 21:00:00,974.0
2320127002,2016-04-21 22:00:00,526.0
2320127002,2016-04-21 23:00:00,322.0
2320127002,2016-04-22 00:00:00,210.0
2320127002,2016-04-22 01:00:00,429.0
2320127002,2016-04-22 02:00:00,164.0
2320127002,2016-04-22 03:00:00,253.0
2320127002,2016-04-22 04:00:00,70.0
2320127002,2016-04-22 05:00:00,249.0
2320127002,2016-04-22 06:00:00,529.0
2320127002,2016-04-22 07:00:00,230.0
2320127002,2016-04-22 08:00:00,0.0
2320127002,2016-04-22 09:00:00,0.0
2320127002,2016-04-22 10:00:00,0.0
2320127002,2016-04-22 11:00:00,0.0
2320127002,2016-04-22 12:00:00,0.0
2320127002,2016-04-22 13:00:00,0.0
2320127002,2016-04-22 14:00:00,272.0
2320127002,2016-04-22 15:00:00,1128.0
2320127002,2016-04-22 16:00:00,270.0
2320127002,2016-04-22 17:00:00,315.0
2320127002,2016-04-22 18:00:00,0.0
2320127002,2016-04-22 19:00:00,249.0
2320127002,2016-04-22 20:00:00,384.0
2320127002,2016-04-22 21:00:00,453.0
2320127002,2016-04-22 22:00:00,218.0
2320127002,2016-04-22 23:00:00,160.0
2320127002,2016-04-23 00:00:00,152.0
2320127002,2016-04-23 01:00:00,205.0
2320127002,2016-04-23 02:00:00,264.0
2320127002,2016-04-23 03:00:00,202.0
2320127002,2016-04-23 04:00:00,72.0
2320127002,2016-04-23 05:00:00,0.0
2320127002,2016-04-23 06:00:00,0.0
2320127002,2016-04-23 07:00:00,0.0
2320127002,2016-04-23 08:00:00,0.0
2320127002,2016-04-23 09:00:00,0.0
2320127002,2016-04-23 10:00:00,0.0
2320127002,2016-04-23 11:00:00,0.0
2320127002,2016-04-23 12:00:00,0.0
2320127002,2016-04-23 13:00:00,591.0
2320127002,2016-04-23 14:00:00,436.0
2320127002,2016-04-23 15:00:00,591.0
2320127002,2016-04-23 16:00:00,399.0
2320127002,2016-04-23 17:00:00,594.0
2320127002,2016-04-23 18:00:00,578.0
2320127002,2016-04-23 19:00:00,351.0
2320127002,2016-04-23 20:00:00,41.0
2320127002,2016-04-23 21:00:00,261.0
2320127002,2016-04-23 22:00:00,205.0
2320127002,2016-04-23 23:00:00,137.0
2320127002,2016-04-24 00:00:00,204.0
2320127002,2016-04-24 01:00:00,295.0
2320127002,2016-04-24 02:00:00,192.0
2320127002,2016-04-24 03:00:00,0.0
2320127002,2016-04-24 04:00:00,0.0
2320127002,2016-04-24 05:00:00,0.0
2320127002,2016-04-24 06:00:00,0.0
2320127002,2016-04-24 07:00:00,0.0
2320127002,2016-04-24 08:00:00,0.0
2320127002,2016-04-24 09:00:00,0.0
2320127002,2016-04-24 10:00:00,0.0
2320127002,2016-04-24 11:00:00,0.0
2320127002,2016-04-24 12:00:00,0.0
2320127002,2016-04-24 13:00:00,0.0
2320127002,2016-04-24 14:00:00,0.0
2320127002,2016-04-24 15:00:00,69.0
2320127002,2016-04-24 16:00:00,784.0
2320127002,2016-04-24 17:00:00,360.0
2320127002,2016-04-24 18:00:00,711.0
2320127002,2016-04-24 19:00:00,140.0
2320127002,2016-04-24 20:00:00,434.0
2320127002,2016-04-24 21:00:00,487.0
2320127002,2016-04-24 22:00:00,194.0
2320127002,2016-04-24 23:00:00,289.0
2320127002,2016-04-25 00:00:00,506.0
2320127002,2016-04-25 01:00:00,195.0
2320127002,2016-04-25 02:00:00,0.0
2320127002,2016-04-25 03:00:00,0.0
2320127002,2016-04-25 04:00:00,0.0
2320127002,2016-04-25 05:00:00,0.0
2320127002,2016-04-25 06:00:00,0.0
2320127002,2016-04-25 07:00:00,0.0
2320127002,2016-04-25 08:00:00,0.0
2320127002,2016-04-25 09:00:00,0.0
2320127002,2016-04-25 10:00:00,0.0
2320127002,2016-04-25 11:00:00,0.0
2320127002,2016-04-25 12:00:00,0.0
2320127002,2016-04-25 13:00:00,0.0
2320127002,2016-04-25 14:00:00,0.0
2320127002,2016-04-25 15:00:00,24.0
2320127002,2016-04-25 16:00:00,409.0
2320127002,2016-04-25 17:00:00,1013.0
2320127002,2016-04-25 18:00:00,368.0
2320127002,2016-04-25 19:00:00,53.0
2320127002,2016-04-25 20:00:00,284.0
2320127002,2016-04-25 21:00:00,298.0
2320127002,2016-04-25 22:00:00,380.0
2320127002,2016-04-25 23:00:00,58.0
2320127002,2016-04-26 00:00:00,0.0
2320127002,2016-04-26 01:00:00,20.0
2320127002,2016-04-26 02:00:00,71.0
2320127002,2016-04-26 03:00:00,0.0
2320127002,2016-04-26 04:00:00,0.0
2320127002,2016-04-26 05:00:00,0.0
2320127002,2016-04-26 06:00:00,0.0
2320127002,2016-04-26 07:00:00,0.0
2320127002,2016-04-26 08:00:00,0.0
2320127002,2016-04-26 09:00:00,0.0
2320127002,2016-04-26 10:00:00,0.0
2320127002,2016-04-26 11:00:00,0.0
2320127002,2016-04-26 12:00:00,0.0
2320127002,2016-04-26 13:00:00,0.0
2320127002,2016-04-26 14:00:00,0.0
2320127002,2016-04-26 15:00:00,0.0
2320127002,2016-04-26 16:00:00,244.0
2320127002,2016-04-26 17:00:00,401.0
2320127002,2016-04-26 18:00:00,345.0
2320127002,2016-04-26 19:00:00,390.0
2320127002,2016-04-26 20:00:00,412.0
2320127002,2016-04-26 21:00:00,522.0
2320127002,2016-04-26 22:00:00,758.0
2320127002,2016-04-26 23:00:00,246.0
2320127002,2016-04-27 00:00:00,0.0
2320127002,2016-04-27 01:00:00,0.0
2320127002,2016-04-27 02:00:00,0.0
2320127002,2016-04-27 03:00:00,0.0
2320127002,2016-04-27 04:00:00,152.0
2320127002,2016-04-27 05:00:00,79.0
2320127002,2016-04-27 06:00:00,4.0
2320127002,2016-04-27 07:00:00,500.0
2320127002,2016-04-27 08:00:00,829.0
2320127002,2016-04-27 09:00:00,151.0
2320127002,2016-04-27 10:00:00,0.0
2320127002,2016-04-27 11:00:00,0.0
2320127002,2016-04-27 12:00:00,0.0
2320127002,2016-04-27 13:00:00,0.0
2320127002,2016-04-27 14:00:00,0.0
2320127002,2016-04-27 15:00:00,0.0
2320127002,2016-04-27 16:00:00,0.0
2320127002,2016-04-27 17:00:00,0.0
2320127002,2016-04-27 18:00:00,0.0
2320127002,2016-04-27 19:00:00,0.0
2320127002,2016-04-27 20:00:00,0.0
2320127002,2016-04-27 21:00:00,0.0
2320127002,2016-04-27 22:00:00,0.0
2320127002,2016-04-27 23:00:00,0.0
2320127002,2016-04-28 00:00:00,138.0
2320127002,2016-04-28 01:00:00,357.0
2320127002,2016-04-28 02:00:00,374.0
2320127002,2016-04-28 03:00:00,412.0
2320127002,2016-04-28 04:00:00,0.0
2320127002,2016-04-28 05:00:00,0.0
2320127002,2016-04-28 06:00:00,0.0
2320127002,2016-04-28 07:00:00,251.0
2320127002,2016-04-28 08:00:00,0.0
2320127002,2016-04-28 09:00:00,0.0
2320127002,2016-04-28 10:00:00,0.0
2320127002,2016-04-28 11:00:00,0.0
2320127002,2016-04-28 12:00:00,0.0
2320127002,2016-04-28 13:00:00,0.0
2320127002,2016-04-28 14:00:00,0.0
2320127002,2016-04-28 15:00:00,0.0
2320127002,2016-04-28 16:00:00,0.0
2320127002,2016-04-28 17:00:00,0.0
2320127002,2016-04-28 18:00:00,0.0
2320127002,2016-04-28 19:00:00,0.0
2320127002,2016-04-28 20:00:00,0.0
2320127002,2016-04-28 21:00:00,0.0
2320127002,2016-04-28 22:00:00,0.0
2320127002,2016-04-28 23:00:00,0.0
2320127002,2016-04-29 00:00:00,0.0
2320127002,2016-04-29 01:00:00,0.0
2320127002,2016-04-29 02:00:00,0.0
2320127002,2016-04-29 03:00:00,0.0
2320127002,2016-04-29 04:00:00,0.0
2320127002,2016-04-29 05:00:00,0.0
2320127002,2016-04-29 06:00:00,241.0
2320127002,2016-04-29 07:00:00,577.0
2320127002,2016-04-29 08:00:00,106.0
2320127002,2016-04-29 09:00:00,0.0
2320127002,2016-04-29 10:00:00,0.0
2320127002,2016-04-29 11:00:00,0.0
2320127002,2016-04-29 12:00:00,0.0
2320127002,2016-04-29 13:00:00,0.0
2320127002,2016-04-29 14:00:00,0.0
2320127002,2016-04-29 15:00:00,0.0
2320127002,2016-04-29 16:00:00,0.0
2320127002,2016-04-29 17:00:00,0.0
2320127002,2016-04-29 18:00:00,0.0
2320127002,2016-04-29 19:00:00,0.0
2320127002,2016-04-29 20:00:00,0.0
2320127002,2016-04-29 21:00:00,0.0
2320127002,2016-04-29 22:00:00,0.0
2320127002,2016-04-29 23:00:00,0.0
2320127002,2016-04-30 00:00:00,0.0
2320127002,2016-04-30 01:00:00,65.0
2320127002,2016-04-30 02:00:00,249.0
2320127002,2016-04-30 03:00:00,378.0
2320127002,2016-04-30 04:00:00,582.0
2320127002,2016-04-30 05:00:00,336.0
2320127002,2016-04-30 06:00:00,219.0
2320127002,2016-04-30 07:00:00,353.0
2320127002,2016-04-30 08:00:00,388.0
2320127002,2016-04-30 09:00:00,267.0
2320127002,2016-04-30 10:00:00,552.0
2320127002,2016-04-30 11:00:00,303.0
2320127002,2016-04-30 12:00:00,0.0
2320127002,2016-04-30 13:00:00,0.0
2320127002,2016-04-30 14:00:00,0.0
2320127002,2016-04-30 15:00:00,0.0
2320127002,2016-04-30 16:00:00,0.0
2320127002,2016-04-30 17:00:00,0.0
2320127002,2016-04-30 18:00:00,0.0
2320127002,2016-04-30 19:00:00,0.0
2320127002,2016-04-30 20:00:00,210.0
2320127002,2016-04-30 21:00:00,331.0
2320127002,2016-04-30 22:00:00,185.0
2320127002,2016-04-30 23:00:00,140.0
2320127002,2016-05-01 00:00:00,267.0
2320127002,2016-05-01 01:00:00,179.0
2320127002,2016-05-01 02:00:00,326.0
2320127002,2016-05-01 03:00:00,0.0
2320127002,2016-05-01 04:00:00,0.0
2320127002,2016-05-01 05:00:00,0.0
2320127002,2016-05-01 06:00:00,0.0
2320127002,2016-05-01 07:00:00,0.0
2320127002,2016-05-01 08:00:00,0.0
2320127002,2016-05-01 09:00:00,0.0
2320127002,2016-05-01 10:00:00,0.0
2320127002,2016-05-01 11:00:00,0.0
2320127002,2016-05-01 12:00:00,0.0
2320127002,2016-05-01 13:00:00,0.0
2320127002,2016-05-01 14:00:00,0.0
2320127002,2016-05-01 15:00:00,0.0
2320127002,2016-05-01 16:00:00,0.0
2320127002,2016-05-01 17:00:00,0.0
2320127002,2016-05-01 18:00:00,0.0
2320127002,2016-05-01 19:00:00,0.0
2320127002,2016-05-01 20:00:00,0.0
2320127002,2016-05-01 21:00:00,0.0
2320127002,2016-05-01 22:00:00,0.0
2320127002,2016-05-01 23:00:00,0.0
2320127002,2016-05-02 00:00:00,0.0
2320127002,2016-05-02 01:00:00,285.0
2320127002,2016-05-02 02:00:00,322.0
2320127002,2016-05-02 03:00:00,564.0
2320127002,2016-05-02 04:00:00,203.0
2320127002,2016-05-02 05:00:00,0.0
2320127002,2016-05-02 06:00:00,0.0
2320127002,2016-05-02 07:00:00,0.0
2320127002,2016-05-02 08:00:00,0.0
2320127002,2016-05-02 09:00:00,0.0
2320127002,2016-05-02 10:00:00,0.0
2320127002,2016-05-02 11:00:00,0.0
2320127002,2016-05-02 12:00:00,0.0
2320127002,2016-05-02 13:00:00,0.0
2320127002,2016-05-02 14:00:00,0.0
2320127002,2016-05-02 15:00:00,0.0
2320127002,2016-05-02 16:00:00,0.0
2320127002,2016-05-02 17:00:00,0.0
2320127002,2016-05-02 18:00:00,0.0
2320127002,2016-05-02 19:00:00,151.0
2320127002,2016-05-02 20:00:00,860.0
2320127002,2016-05-02 21:00:00,1054.0
2320127002,2016-05-02 22:00:00,195.0
2320127002,2016-05-02 23:00:00,0.0
2320127002,2016-05-03 00:00:00,0.0
2320127002,2016-05-03 01:00:00,0.0
2320127002,2016-05-03 02:00:00,0.0
2320127002,2016-05-03 03:00:00,0.0
2320127002,2016-05-03 04:00:00,0.0
2320127002,2016-05-03 05:00:00,453.0
2320127002,2016-05-03 06:00:00,451.0
2320127002,2016-05-03 07:00:00,1053.0
2320127002,2016-05-03 08:00:00,473.0
2320127002,2016-05-03 09:00:00,0.0
2320127002,2016-05-03 10:00:00,0.0
2320127002,2016-05-03 11:00:00,0.0
2320127002,2016-05-03 12:00:00,0.0
2320127002,2016-05-03 13:00:00,0.0
2320127002,2016-05-03 14:00:00,0.0
2320127002,2016-05-03 15:00:00,0.0
2320127002,2016-05-03 16:00:00,0.0
2320127002,2016-05-03 17:00:00,49.0
2320127002,2016-05-03 18:00:00,261.0
2320127002,2016-05-03 19:00:00,720.0
2320127002,2016-05-03 20:00:00,1940.0
2320127002,2016-05-03 21:00:00,656.0
2320127002,2016-05-03 22:00:00,1364.0
2320127002,2016-05-03 23:00:00,23.0
2320127002,2016-05-04 00:00:00,0.0
2320127002,2016-05-04 01:00:00,0.0
2320127002,2016-05-04 02:00:00,0.0
2320127002,2016-05-04 03:00:00,0.0
2320127002,2016-05-04 04:00:00,58.0
2320127002,2016-05-04 05:00:00,0.0
2320127002,2016-05-04 06:00:00,269.0
2320127002,2016-05-04 07:00:00,874.0
2320127002,2016-05-04 08:00:00,0.0
2320127002,2016-05-04 09:00:00,0.0
2320127002,2016-05-04 10:00:00,0.0
2320127002,2016-05-04 11:00:00,0.0
2320127002,2016-05-04 12:00:00,0.0
2320127002,2016-05-04 13:00:00,0.0
2320127002,2016-05-04 14:00:00,0.0
2320127002,2016-05-04 15:00:00,0.0
2320127002,2016-05-04 16:00:00,0.0
2320127002,2016-05-04 17:00:00,0.0
2320127002,2016-05-04 18:00:00,0.0
2320127002,2016-05-04 19:00:00,0.0
2320127002,2016-05-04 20:00:00,0.0
2320127002,2016-05-04 21:00:00,0.0
2320127002,2016-05-04 22:00:00,0.0
2320127002,2016-05-04 23:00:00,0.0
2320127002,2016-05-05 00:00:00,0.0
2320127002,2016-05-05 01:00:00,0.0
2320127002,2016-05-05 02:00:00,0.0
2320127002,2016-05-05 03:00:00,0.0
2320127002,2016-05-05 04:00:00,0.0
2320127002,2016-05-05 05:00:00,0.0
2320127002,2016-05-05 06:00:00,383.0
2320127002,2016-05-05 07:00:00,687.0
2320127002,2016-05-05 08:00:00,604.0
2320127002,2016-05-05 09:00:00,782.0
2320127002,2016-05-05 10:00:00,601.0
2320127002,2016-05-05 11:00:00,427.0
2320127002,2016-05-05 12:00:00,456.0
2320127002,2016-05-05 13:00:00,98.0
2320127002,2016-05-05 14:00:00,0.0
2320127002,2016-05-05 15:00:00,0.0
2320127002,2016-05-05 16:00:00,0.0
2320127002,2016-05-05 17:00:00,68.0
2320127002,2016-05-05 18:00:00,111.0
2320127002,2016-05-05 19:00:00,441.0
2320127002,2016-05-05 20:00:00,267.0
2320127002,2016-05-05 21:00:00,219.0
2320127002,2016-05-05 22:00:00,58.0
2320127002,2016-05-05 23:00:00,0.0
2320127002,2016-05-06 00:00:00,0.0
2320127002,2016-05-06 01:00:00,0.0
2320127002,2016-05-06 02:00:00,0.0
2320127002,2016-05-06 03:00:00,0.0
2320127002,2016-05-06 04:00:00,0.0
2320127002,2016-05-06 05:00:00,178.0
2320127002,2016-05-06 06:00:00,575.0
2320127002,2016-05-06 07:00:00,478.0
2320127002,2016-05-06 08:00:00,267.0
2320127002,2016-05-06 09:00:00,600.0
2320127002,2016-05-06 10:00:00,843.0
2320127002,2016-05-06 11:00:00,676.0
2320127002,2016-05-06 12:00:00,378.0
2320127002,2016-05-06 13:00:00,0.0
2320127002,2016-05-06 14:00:00,0.0
2320127002,2016-05-06 15:00:00,0.0
2320127002,2016-05-06 16:00:00,0.0
2320127002,2016-05-06 17:00:00,0.0
2320127002,2016-05-06 18:00:00,0.0
2320127002,2016-05-06 19:00:00,0.0
2320127002,2016-05-06 20:00:00,210.0
2320127002,2016-05-06 21:00:00,227.0
2320127002,2016-05-06 22:00:00,315.0
2320127002,2016-05-06 23:00:00,131.0
2320127002,2016-05-07 00:00:00,0.0
2320127002,2016-05-07 01:00:00,0.0
2320127002,2016-05-07 02:00:00,0.0
2320127002,2016-05-07 03:00:00,0.0
2320127002,2016-05-07 04:00:00,0.0
2320127002,2016-05-07 05:00:00,277.0
2320127002,2016-05-07 06:00:00,322.0
2320127002,2016-05-07 07:00:00,277.0
2320127002,2016-05-07 08:00:00,708.0
2320127002,2016-05-07 09:00:00,954.0
2320127002,2016-05-07 10:00:00,388.0
2320127002,2016-05-07 11:00:00,322.0
2320127002,2016-05-07 12:00:00,460.0
2320127002,2016-05-07 13:00:00,464.0
2320127002,2016-05-07 14:00:00,688.0
2320127002,2016-05-07 15:00:00,753.0
2320127002,2016-05-07 16:00:00,488.0
2320127002,2016-05-07 17:00:00,303.0
2320127002,2016-05-07 18:00:00,0.0
2320127002,2016-05-07 19:00:00,0.0
2320127002,2016-05-07 20:00:00,86.0
2320127002,2016-05-07 21:00:00,245.0
2320127002,2016-05-07 22:00:00,410.0
2320127002,2016-05-07 23:00:00,234.0
2320127002,2016-05-08 00:00:00,0.0
2320127002,2016-05-08 01:00:00,0.0
2320127002,2016-05-08 02:00:00,0.0
2320127002,2016-05-08 03:00:00,0.0
2320127002,2016-05-08 04:00:00,0.0
2320127002,2016-05-08 05:00:00,0.0
2320127002,2016-05-08 06:00:00,0.0
2320127002,2016-05-08 07:00:00,0.0
2320127002,2016-05-08 08:00:00,156.0
2320127002,2016-05-08 09:00:00,248.0
2320127002,2016-05-08 10:00:00,444.0
2320127002,2016-05-08 11:00:00,520.0
2320127002,2016-05-08 12:00:00,633.0
2320127002,2016-05-08 13:00:00,621.0
2320127002,2016-05-08 14:00:00,36.0
2320127002,2016-05-08 15:00:00,0.0
2320127002,2016-05-08 16:00:00,148.0
2320127002,2016-05-08 17:00:00,475.0
2320127002,2016-05-08 18:00:00,376.0
2320127002,2016-05-08 19:00:00,381.0
2320127002,2016-05-08 20:00:00,164.0
2320127002,2016-05-08 21:00:00,327.0
2320127002,2016-05-08 22:00:00,231.0
2320127002,2016-05-08 23:00:00,393.0
2320127002,2016-05-09 00:00:00,317.0
2320127002,2016-05-09 01:00:00,390.0
2320127002,2016-05-09 02:00:00,0.0
2320127002,2016-05-09 03:00:00,0.0
2320127002,2016-05-09 04:00:00,0.0
2320127002,2016-05-09 05:00:00,95.0
2320127002,2016-05-09 06:00:00,224.0
2320127002,2016-05-09 07:00:00,713.0
2320127002,2016-05-09 08:00:00,162.0
2320127002,2016-05-09 09:00:00,184.0
2320127002,2016-05-09 10:00:00,165.0
2320127002,2016-05-09 11:00:00,0.0
2320127002,2016-05-09 12:00:00,0.0
2320127002,2016-05-09 13:00:00,0.0
2320127002,2016-05-09 14:00:00,0.0
2320127002,2016-05-09 15:00:00,524.0
2320127002,2016-05-09 16:00:00,177.0
2320127002,2016-05-09 17:00:00,139.0
2320127002,2016-05-09 18:00:00,0.0
2320127002,2016-05-09 19:00:00,0.0
2320127002,2016-05-09 20:00:00,0.0
2320127002,2016-05-09 21:00:00,0.0
2320127002,2016-05-09 22:00:00,0.0
2320127002,2016-05-09 23:00:00,0.0
2320127002,2016-05-10 00:00:00,0.0
2320127002,2016-05-10 01:00:00,0.0
2320127002,2016-05-10 02:00:00,0.0
2320127002,2016-05-10 03:00:00,0.0
2320127002,2016-05-10 04:00:00,0.0
2320127002,2016-05-10 05:00:00,0.0
2320127002,2016-05-10 06:00:00,71.0
2320127002,2016-05-10 07:00:00,364.0
2320127002,2016-05-10 08:00:00,182.0
2320127002,2016-05-10 09:00:00,362.0
2320127002,2016-05-10 10:00:00,493.0
2320127002,2016-05-10 11:00:00,1122.0
2320127002,2016-05-10 12:00:00,947.0
2320127002,2016-05-10 13:00:00,327.0
2320127002,2016-05-10 14:00:00,283.0
2320127002,2016-05-10 15:00:00,485.0
2320127002,2016-05-10 16:00:00,483.0
2320127002,2016-05-10 17:00:00,172.0
2320127002,2016-05-10 18:00:00,427.0
2320127002,2016-05-10 19:00:00,194.0
2320127002,2016-05-10 20:00:00,300.0
2320127002,2016-05-10 21:00:00,15.0
2320127002,2016-05-10 22:00:00,0.0
2320127002,2016-05-10 23:00:00,0.0
2320127002,2016-05-11 00:00:00,0.0
2320127002,2016-05-11 01:00:00,0.0
2320127002,2016-05-11 02:00:00,0.0
2320127002,2016-05-11 03:00:00,0.0
2320127002,2016-05-11 04:00:00,0.0
2320127002,2016-05-11 05:00:00,0.0
2320127002,2016-05-11 06:00:00,0.0
2320127002,2016-05-11 07:00:00,0.0
2320127002,2016-05-11 08:00:00,0.0
2320127002,2016-05-11 09:00:00,4.0
2320127002,2016-05-11 10:00:00,472.0
2320127002,2016-05-11 11:00:00,348.0
2320127002,2016-05-11 12:00:00,446.0
2320127002,2016-05-11 13:00:00,283.0
2320127002,2016-05-11 14:00:00,241.0
2320127002,2016-05-11 15:00:00,364.0
2320127002,2016-05-11 16:00:00,493.0
2320127002,2016-05-11 17:00:00,999.0
2320127002,2016-05-11 18:00:00,172.0
2320127002,2016-05-11 19:00:00,324.0
2320127002,2016-05-11 20:00:00,723.0
2320127002,2016-05-11 21:00:00,522.0
2320127002,2016-05-11 22:00:00,605.0
2320127002,2016-05-11 23:00:00,428.0
2320127002,2016-05-12 00:00:00,0.0
2320127002,2016-05-12 01:00:00,0.0
2320127002,2016-05-12 02:00:00,0.0
2320127002,2016-05-12 03:00:00,0.0
2320127002,2016-05-12 04:00:00,0.0
2320127002,2016-05-12 05:00:00,0.0
2320127002,2016-05-12 06:00:00,0.0
2320127002,2016-05-12 07:00:00,0.0
2320127002,2016-05-12 08:00:00,0.0
2320127002,2016-05-12 09:00:00,119.0
2320127002,2016-05-12 10:00:00,817.0
2320127002,2016-05-12 11:00:00,426.0
2320127002,2016-05-12 12:00:00,535.0
2320127002,2016-05-12 13:00:00,402.0
2320127002,2016-05-12 14:00:00,265.0
2347167796,2016-04-12 00:00:00,0.0
2347167796,2016-04-12 01:00:00,0.0
2347167796,2016-04-12 02:00:00,0.0
2347167796,2016-04-12 03:00:00,0.0
2347167796,2016-04-12 04:00:00,0.0
2347167796,2016-04-12 05:00:00,0.0
2347167796,2016-04-12 06:00:00,0.0
2347167796,2016-04-12 07:00:00,397.0
2347167796,2016-04-12 08:00:00,1195.0
2347167796,2016-04-12 09:00:00,193.0
2347167796,2016-04-12 10:00:00,111.0
2347167796,2016-04-12 11:00:00,169.0
2347167796,2016-04-12 12:00:00,179.0
2347167796,2016-04-12 13:00:00,371.0
2347167796,2016-04-12 14:00:00,47.0
2347167796,2016-04-12 15:00:00,337.0
2347167796,2016-04-12 16:00:00,135.0
2347167796,2016-04-12 17:00:00,433.0
2347167796,2016-04-12 18:00:00,1546.0
2347167796,2016-04-12 19:00:00,355.0
2347167796,2016-04-12 20:00:00,1391.0
2347167796,2016-04-12 21:00:00,3229.0
2347167796,2016-04-12 22:00:00,25.0
2347167796,2016-04-12 23:00:00,0.0
2347167796,2016-04-13 00:00:00,0.0
2347167796,2016-04-13 01:00:00,0.0
2347167796,2016-04-13 02:00:00,0.0
2347167796,2016-04-13 03:00:00,0.0
2347167796,2016-04-13 04:00:00,0.0
2347167796,2016-04-13 05:00:00,0.0
2347167796,2016-04-13 06:00:00,6.0
2347167796,2016-04-13 07:00:00,2581.0
2347167796,2016-04-13 08:00:00,1175.0
2347167796,2016-04-13 09:00:00,12.0
2347167796,2016-04-13 10:00:00,158.0
2347167796,2016-04-13 11:00:00,59.0
2347167796,2016-04-13 12:00:00,366.0
2347167796,2016-04-13 13:00:00,1200.0
2347167796,2016-04-13 14:00:00,112.0
2347167796,2016-04-13 15:00:00,154.0
2347167796,2016-04-13 16:00:00,311.0
2347167796,2016-04-13 17:00:00,122.0
2347167796,2016-04-13 18:00:00,1280.0
2347167796,2016-04-13 19:00:00,14.0
2347167796,2016-04-13 20:00:00,489.0
2347167796,2016-04-13 21:00:00,2197.0
2347167796,2016-04-13 22:00:00,116.0
2347167796,2016-04-13 23:00:00,0.0
2347167796,2016-04-14 00:00:00,8.0
2347167796,2016-04-14 01:00:00,0.0
2347167796,2016-04-14 02:00:00,0.0
2347167796,2016-04-14 03:00:00,0.0
2347167796,2016-04-14 04:00:00,0.0
2347167796,2016-04-14 05:00:00,0.0
2347167796,2016-04-14 06:00:00,12.0
2347167796,2016-04-14 07:00:00,2706.0
2347167796,2016-04-14 08:00:00,1041.0
2347167796,2016-04-14 09:00:00,264.0
2347167796,2016-04-14 10:00:00,370.0
2347167796,2016-04-14 11:00:00,283.0
2347167796,2016-04-14 12:00:00,382.0
2347167796,2016-04-14 13:00:00,2423.0
2347167796,2016-04-14 14:00:00,275.0
2347167796,2016-04-14 15:00:00,170.0
2347167796,2016-04-14 16:00:00,117.0
2347167796,2016-04-14 17:00:00,99.0
2347167796,2016-04-14 18:00:00,1364.0
2347167796,2016-04-14 19:00:00,137.0
2347167796,2016-04-14 20:00:00,53.0
2347167796,2016-04-14 21:00:00,305.0
2347167796,2016-04-14 22:00:00,120.0
2347167796,2016-04-14 23:00:00,0.0
2347167796,2016-04-15 00:00:00,0.0
2347167796,2016-04-15 01:00:00,0.0
2347167796,2016-04-15 02:00:00,12.0
2347167796,2016-04-15 03:00:00,0.0
2347167796,2016-04-15 04:00:00,0.0
2347167796,2016-04-15 05:00:00,0.0
2347167796,2016-04-15 06:00:00,9.0
2347167796,2016-04-15 07:00:00,2813.0
2347167796,2016-04-15 08:00:00,1077.0
2347167796,2016-04-15 09:00:00,291.0
2347167796,2016-04-15 10:00:00,51.0
2347167796,2016-04-15 11:00:00,146.0
2347167796,2016-04-15 12:00:00,259.0
2347167796,2016-04-15 13:00:00,359.0
2347167796,2016-04-15 14:00:00,131.0
2347167796,2016-04-15 15:00:00,15.0
2347167796,2016-04-15 16:00:00,323.0
2347167796,2016-04-15 17:00:00,73.0
2347167796,2016-04-15 18:00:00,2499.0
2347167796,2016-04-15 19:00:00,1137.0
2347167796,2016-04-15 20:00:00,732.0
2347167796,2016-04-15 21:00:00,294.0
2347167796,2016-04-15 22:00:00,244.0
2347167796,2016-04-15 23:00:00,0.0
2347167796,2016-04-16 00:00:00,0.0
2347167796,2016-04-16 01:00:00,0.0
2347167796,2016-04-16 02:00:00,0.0
2347167796,2016-04-16 03:00:00,0.0
2347167796,2016-04-16 04:00:00,0.0
2347167796,2016-04-16 05:00:00,0.0
2347167796,2016-04-16 06:00:00,0.0
2347167796,2016-04-16 07:00:00,1446.0
2347167796,2016-04-16 08:00:00,5291.0
2347167796,2016-04-16 09:00:00,5249.0
2347167796,2016-04-16 10:00:00,468.0
2347167796,2016-04-16 11:00:00,869.0
2347167796,2016-04-16 12:00:00,529.0
2347167796,2016-04-16 13:00:00,352.0
2347167796,2016-04-16 14:00:00,0.0
2347167796,2016-04-16 15:00:00,0.0
2347167796,2016-04-16 16:00:00,0.0
2347167796,2016-04-16 17:00:00,1344.0
2347167796,2016-04-16 18:00:00,2139.0
2347167796,2016-04-16 19:00:00,943.0
2347167796,2016-04-16 20:00:00,1496.0
2347167796,2016-04-16 21:00:00,1571.0
2347167796,2016-04-16 22:00:00,547.0
2347167796,2016-04-16 23:00:00,0.0
2347167796,2016-04-17 00:00:00,0.0
2347167796,2016-04-17 01:00:00,0.0
2347167796,2016-04-17 02:00:00,0.0
2347167796,2016-04-17 03:00:00,0.0
2347167796,2016-04-17 04:00:00,8.0
2347167796,2016-04-17 05:00:00,0.0
2347167796,2016-04-17 06:00:00,0.0
2347167796,2016-04-17 07:00:00,20.0
2347167796,2016-04-17 08:00:00,22.0
2347167796,2016-04-17 09:00:00,161.0
2347167796,2016-04-17 10:00:00,541.0
2347167796,2016-04-17 11:00:00,1489.0
2347167796,2016-04-17 12:00:00,21.0
2347167796,2016-04-17 13:00:00,872.0
2347167796,2016-04-17 14:00:00,578.0
2347167796,2016-04-17 15:00:00,219.0
2347167796,2016-04-17 16:00:00,57.0
2347167796,2016-04-17 17:00:00,256.0
2347167796,2016-04-17 18:00:00,495.0
2347167796,2016-04-17 19:00:00,334.0
2347167796,2016-04-17 20:00:00,217.0
2347167796,2016-04-17 21:00:00,182.0
2347167796,2016-04-17 22:00:00,0.0
2347167796,2016-04-17 23:00:00,0.0
2347167796,2016-04-18 00:00:00,6.0
2347167796,2016-04-18 01:00:00,0.0
2347167796,2016-04-18 02:00:00,0.0
2347167796,2016-04-18 03:00:00,0.0
2347167796,2016-04-18 04:00:00,0.0
2347167796,2016-04-18 05:00:00,0.0
2347167796,2016-04-18 06:00:00,15.0
2347167796,2016-04-18 07:00:00,418.0
2347167796,2016-04-18 08:00:00,1158.0
2347167796,2016-04-18 09:00:00,23.0
2347167796,2016-04-18 10:00:00,178.0
2347167796,2016-04-18 11:00:00,120.0
2347167796,2016-04-18 12:00:00,83.0
2347167796,2016-04-18 13:00:00,1439.0
2347167796,2016-04-18 14:00:00,606.0
2347167796,2016-04-18 15:00:00,147.0
2347167796,2016-04-18 16:00:00,175.0
2347167796,2016-04-18 17:00:00,92.0
2347167796,2016-04-18 18:00:00,1070.0
2347167796,2016-04-18 19:00:00,101.0
2347167796,2016-04-18 20:00:00,2497.0
2347167796,2016-04-18 21:00:00,104.0
2347167796,2016-04-18 22:00:00,15.0
2347167796,2016-04-18 23:00:00,0.0
2347167796,2016-04-19 00:00:00,0.0
2347167796,2016-04-19 01:00:00,0.0
2347167796,2016-04-19 02:00:00,0.0
2347167796,2016-04-19 03:00:00,0.0
2347167796,2016-04-19 04:00:00,0.0
2347167796,2016-04-19 05:00:00,20.0
2347167796,2016-04-19 06:00:00,148.0
2347167796,2016-04-19 07:00:00,291.0
2347167796,2016-04-19 08:00:00,1033.0
2347167796,2016-04-19 09:00:00,72.0
2347167796,2016-04-19 10:00:00,235.0
2347167796,2016-04-19 11:00:00,253.0
2347167796,2016-04-19 12:00:00,228.0
2347167796,2016-04-19 13:00:00,897.0
2347167796,2016-04-19 14:00:00,102.0
2347167796,2016-04-19 15:00:00,177.0
2347167796,2016-04-19 16:00:00,307.0
2347167796,2016-04-19 17:00:00,114.0
2347167796,2016-04-19 18:00:00,1170.0
2347167796,2016-04-19 19:00:00,1088.0
2347167796,2016-04-19 20:00:00,360.0
2347167796,2016-04-19 21:00:00,216.0
2347167796,2016-04-19 22:00:00,0.0
2347167796,2016-04-19 23:00:00,0.0
2347167796,2016-04-20 00:00:00,0.0
2347167796,2016-04-20 01:00:00,0.0
2347167796,2016-04-20 02:00:00,0.0
2347167796,2016-04-20 03:00:00,0.0
2347167796,2016-04-20 04:00:00,0.0
2347167796,2016-04-20 05:00:00,0.0
2347167796,2016-04-20 06:00:00,0.0
2347167796,2016-04-20 07:00:00,2534.0
2347167796,2016-04-20 08:00:00,1131.0
2347167796,2016-04-20 09:00:00,82.0
2347167796,2016-04-20 10:00:00,171.0
2347167796,2016-04-20 11:00:00,78.0
2347167796,2016-04-20 12:00:00,224.0
2347167796,2016-04-20 13:00:00,571.0
2347167796,2016-04-20 14:00:00,315.0
2347167796,2016-04-20 15:00:00,126.0
2347167796,2016-04-20 16:00:00,320.0
2347167796,2016-04-20 17:00:00,544.0
2347167796,2016-04-20 18:00:00,1622.0
2347167796,2016-04-20 19:00:00,1054.0
2347167796,2016-04-20 20:00:00,1909.0
2347167796,2016-04-20 21:00:00,161.0
2347167796,2016-04-20 22:00:00,157.0
2347167796,2016-04-20 23:00:00,0.0
2347167796,2016-04-21 00:00:00,7.0
2347167796,2016-04-21 01:00:00,0.0
2347167796,2016-04-21 02:00:00,7.0
2347167796,2016-04-21 03:00:00,0.0
2347167796,2016-04-21 04:00:00,0.0
2347167796,2016-04-21 05:00:00,0.0
2347167796,2016-04-21 06:00:00,141.0
2347167796,2016-04-21 07:00:00,257.0
2347167796,2016-04-21 08:00:00,909.0
2347167796,2016-04-21 09:00:00,19.0
2347167796,2016-04-21 10:00:00,128.0
2347167796,2016-04-21 11:00:00,140.0
2347167796,2016-04-21 12:00:00,735.0
2347167796,2016-04-21 13:00:00,232.0
2347167796,2016-04-21 14:00:00,254.0
2347167796,2016-04-21 15:00:00,89.0
2347167796,2016-04-21 16:00:00,91.0
2347167796,2016-04-21 17:00:00,46.0
2347167796,2016-04-21 18:00:00,1361.0
2347167796,2016-04-21 19:00:00,294.0
2347167796,2016-04-21 20:00:00,1880.0
2347167796,2016-04-21 21:00:00,3410.0
2347167796,2016-04-21 22:00:00,80.0
2347167796,2016-04-21 23:00:00,0.0
2347167796,2016-04-22 00:00:00,0.0
2347167796,2016-04-22 01:00:00,0.0
2347167796,2016-04-22 02:00:00,0.0
2347167796,2016-04-22 03:00:00,0.0
2347167796,2016-04-22 04:00:00,38.0
2347167796,2016-04-22 05:00:00,10.0
2347167796,2016-04-22 06:00:00,13.0
2347167796,2016-04-22 07:00:00,3724.0
2347167796,2016-04-22 08:00:00,879.0
2347167796,2016-04-22 09:00:00,41.0
2347167796,2016-04-22 10:00:00,74.0
2347167796,2016-04-22 11:00:00,61.0
2347167796,2016-04-22 12:00:00,276.0
2347167796,2016-04-22 13:00:00,411.0
2347167796,2016-04-22 14:00:00,276.0
2347167796,2016-04-22 15:00:00,315.0
2347167796,2016-04-22 16:00:00,184.0
2347167796,2016-04-22 17:00:00,512.0
2347167796,2016-04-22 18:00:00,876.0
2347167796,2016-04-22 19:00:00,13.0
2347167796,2016-04-22 20:00:00,79.0
2347167796,2016-04-22 21:00:00,0.0
2347167796,2016-04-22 22:00:00,0.0
2347167796,2016-04-22 23:00:00,22.0
2347167796,2016-04-23 00:00:00,0.0
2347167796,2016-04-23 01:00:00,0.0
2347167796,2016-04-23 02:00:00,0.0
2347167796,2016-04-23 03:00:00,4.0
2347167796,2016-04-23 04:00:00,0.0
2347167796,2016-04-23 05:00:00,0.0
2347167796,2016-04-23 06:00:00,18.0
2347167796,2016-04-23 07:00:00,150.0
2347167796,2016-04-23 08:00:00,4214.0
2347167796,2016-04-23 09:00:00,522.0
2347167796,2016-04-23 10:00:00,825.0
2347167796,2016-04-23 11:00:00,2143.0
2347167796,2016-04-23 12:00:00,1056.0
2347167796,2016-04-23 13:00:00,1908.0
2347167796,2016-04-23 14:00:00,121.0
2347167796,2016-04-23 15:00:00,99.0
2347167796,2016-04-23 16:00:00,468.0
2347167796,2016-04-23 17:00:00,1139.0
2347167796,2016-04-23 18:00:00,1267.0
2347167796,2016-04-23 19:00:00,323.0
2347167796,2016-04-23 20:00:00,1603.0
2347167796,2016-04-23 21:00:00,225.0
2347167796,2016-04-23 22:00:00,713.0
2347167796,2016-04-23 23:00:00,103.0
2347167796,2016-04-24 00:00:00,0.0
2347167796,2016-04-24 01:00:00,0.0
2347167796,2016-04-24 02:00:00,0.0
2347167796,2016-04-24 03:00:00,0.0
2347167796,2016-04-24 04:00:00,0.0
2347167796,2016-04-24 05:00:00,0.0
2347167796,2016-04-24 06:00:00,7.0
2347167796,2016-04-24 07:00:00,324.0
2347167796,2016-04-24 08:00:00,1151.0
2347167796,2016-04-24 09:00:00,459.0
2347167796,2016-04-24 10:00:00,804.0
2347167796,2016-04-24 11:00:00,1178.0
2347167796,2016-04-24 12:00:00,82.0
2347167796,2016-04-24 13:00:00,973.0
2347167796,2016-04-24 14:00:00,256.0
2347167796,2016-04-24 15:00:00,211.0
2347167796,2016-04-24 16:00:00,100.0
2347167796,2016-04-24 17:00:00,166.0
2347167796,2016-04-24 18:00:00,738.0
2347167796,2016-04-24 19:00:00,1835.0
2347167796,2016-04-24 20:00:00,697.0
2347167796,2016-04-24 21:00:00,490.0
2347167796,2016-04-24 22:00:00,0.0
2347167796,2016-04-24 23:00:00,0.0
2347167796,2016-04-25 00:00:00,0.0
2347167796,2016-04-25 01:00:00,0.0
2347167796,2016-04-25 02:00:00,10.0
2347167796,2016-04-25 03:00:00,0.0
2347167796,2016-04-25 04:00:00,0.0
2347167796,2016-04-25 05:00:00,6.0
2347167796,2016-04-25 06:00:00,16.0
2347167796,2016-04-25 07:00:00,284.0
2347167796,2016-04-25 08:00:00,1111.0
2347167796,2016-04-25 09:00:00,252.0
2347167796,2016-04-25 10:00:00,197.0
2347167796,2016-04-25 11:00:00,152.0
2347167796,2016-04-25 12:00:00,787.0
2347167796,2016-04-25 13:00:00,129.0
2347167796,2016-04-25 14:00:00,141.0
2347167796,2016-04-25 15:00:00,208.0
2347167796,2016-04-25 16:00:00,120.0
2347167796,2016-04-25 17:00:00,185.0
2347167796,2016-04-25 18:00:00,2882.0
2347167796,2016-04-25 19:00:00,1953.0
2347167796,2016-04-25 20:00:00,429.0
2347167796,2016-04-25 21:00:00,165.0
2347167796,2016-04-25 22:00:00,455.0
2347167796,2016-04-25 23:00:00,0.0
2347167796,2016-04-26 00:00:00,0.0
2347167796,2016-04-26 01:00:00,0.0
2347167796,2016-04-26 02:00:00,0.0
2347167796,2016-04-26 03:00:00,0.0
2347167796,2016-04-26 04:00:00,0.0
2347167796,2016-04-26 05:00:00,0.0
2347167796,2016-04-26 06:00:00,178.0
2347167796,2016-04-26 07:00:00,102.0
2347167796,2016-04-26 08:00:00,909.0
2347167796,2016-04-26 09:00:00,299.0
2347167796,2016-04-26 10:00:00,138.0
2347167796,2016-04-26 11:00:00,317.0
2347167796,2016-04-26 12:00:00,322.0
2347167796,2016-04-26 13:00:00,1251.0
2347167796,2016-04-26 14:00:00,236.0
2347167796,2016-04-26 15:00:00,15.0
2347167796,2016-04-26 16:00:00,101.0
2347167796,2016-04-26 17:00:00,28.0
2347167796,2016-04-26 18:00:00,1347.0
2347167796,2016-04-26 19:00:00,293.0
2347167796,2016-04-26 20:00:00,179.0
2347167796,2016-04-26 21:00:00,233.0
2347167796,2016-04-26 22:00:00,32.0
2347167796,2016-04-26 23:00:00,0.0
2347167796,2016-04-27 00:00:00,0.0
2347167796,2016-04-27 01:00:00,0.0
2347167796,2016-04-27 02:00:00,0.0
2347167796,2016-04-27 03:00:00,0.0
2347167796,2016-04-27 04:00:00,0.0
2347167796,2016-04-27 05:00:00,0.0
2347167796,2016-04-27 06:00:00,20.0
2347167796,2016-04-27 07:00:00,169.0
2347167796,2016-04-27 08:00:00,792.0
2347167796,2016-04-27 09:00:00,239.0
2347167796,2016-04-27 10:00:00,338.0
2347167796,2016-04-27 11:00:00,212.0
2347167796,2016-04-27 12:00:00,483.0
2347167796,2016-04-27 13:00:00,267.0
2347167796,2016-04-27 14:00:00,754.0
2347167796,2016-04-27 15:00:00,184.0
2347167796,2016-04-27 16:00:00,220.0
2347167796,2016-04-27 17:00:00,255.0
2347167796,2016-04-27 18:00:00,1500.0
2347167796,2016-04-27 19:00:00,4359.0
2347167796,2016-04-27 20:00:00,1204.0
2347167796,2016-04-27 21:00:00,315.0
2347167796,2016-04-27 22:00:00,112.0
2347167796,2016-04-27 23:00:00,0.0
2347167796,2016-04-28 00:00:00,10.0
2347167796,2016-04-28 01:00:00,0.0
2347167796,2016-04-28 02:00:00,18.0
2347167796,2016-04-28 03:00:00,0.0
2347167796,2016-04-28 04:00:00,0.0
2347167796,2016-04-28 05:00:00,0.0
2347167796,2016-04-28 06:00:00,228.0
2347167796,2016-04-28 07:00:00,20.0
2347167796,2016-04-28 08:00:00,1264.0
2347167796,2016-04-28 09:00:00,138.0
2347167796,2016-04-28 10:00:00,123.0
2347167796,2016-04-28 11:00:00,481.0
2347167796,2016-04-28 12:00:00,313.0
2347167796,2016-04-28 13:00:00,194.0
2347167796,2016-04-28 14:00:00,326.0
2347167796,2016-04-28 15:00:00,283.0
2347167796,2016-04-28 16:00:00,174.0
2347167796,2016-04-28 17:00:00,178.0
2347167796,2016-04-28 18:00:00,1067.0
2347167796,2016-04-28 19:00:00,69.0
2347167796,2016-04-28 20:00:00,130.0
2347167796,2016-04-28 21:00:00,43.0
2347167796,2016-04-28 22:00:00,380.0
2347167796,2016-04-28 23:00:00,0.0
2347167796,2016-04-29 00:00:00,0.0
2347167796,2016-04-29 01:00:00,8.0
2347167796,2016-04-29 02:00:00,0.0
2347167796,2016-04-29 03:00:00,0.0
2347167796,2016-04-29 04:00:00,17.0
2347167796,2016-04-29 05:00:00,0.0
2873212765,2016-04-12 00:00:00,0.0
2873212765,2016-04-12 01:00:00,0.0
2873212765,2016-04-12 02:00:00,0.0
2873212765,2016-04-12 03:00:00,0.0
2873212765,2016-04-12 04:00:00,0.0
2873212765,2016-04-12 05:00:00,306.0
2873212765,2016-04-12 06:00:00,17.0
2873212765,2016-04-12 07:00:00,1373.0
2873212765,2016-04-12 08:00:00,1150.0
2873212765,2016-04-12 09:00:00,1025.0
2873212765,2016-04-12 10:00:00,802.0
2873212765,2016-04-12 11:00:00,328.0
2873212765,2016-04-12 12:00:00,1280.0
2873212765,2016-04-12 13:00:00,637.0
2873212765,2016-04-12 14:00:00,169.0
2873212765,2016-04-12 15:00:00,95.0
2873212765,2016-04-12 16:00:00,251.0
2873212765,2016-04-12 17:00:00,93.0
2873212765,2016-04-12 18:00:00,737.0
2873212765,2016-04-12 19:00:00,255.0
2873212765,2016-04-12 20:00:00,259.0
2873212765,2016-04-12 21:00:00,19.0
2873212765,2016-04-12 22:00:00,0.0
2873212765,2016-04-12 23:00:00,0.0
2873212765,2016-04-13 00:00:00,0.0
2873212765,2016-04-13 01:00:00,0.0
2873212765,2016-04-13 02:00:00,0.0
2873212765,2016-04-13 03:00:00,0.0
2873212765,2016-04-13 04:00:00,0.0
2873212765,2016-04-13 05:00:00,321.0
2873212765,2016-04-13 06:00:00,203.0
2873212765,2016-04-13 07:00:00,840.0
2873212765,2016-04-13 08:00:00,873.0
2873212765,2016-04-13 09:00:00,632.0
2873212765,2016-04-13 10:00:00,364.0
2873212765,2016-04-13 11:00:00,550.0
2873212765,2016-04-13 12:00:00,803.0
2873212765,2016-04-13 13:00:00,851.0
2873212765,2016-04-13 14:00:00,228.0
2873212765,2016-04-13 15:00:00,354.0
2873212765,2016-04-13 16:00:00,265.0
2873212765,2016-04-13 17:00:00,469.0
2873212765,2016-04-13 18:00:00,312.0
2873212765,2016-04-13 19:00:00,146.0
2873212765,2016-04-13 20:00:00,105.0
2873212765,2016-04-13 21:00:00,5.0
2873212765,2016-04-13 22:00:00,230.0
2873212765,2016-04-13 23:00:00,67.0
2873212765,2016-04-14 00:00:00,0.0
2873212765,2016-04-14 01:00:00,0.0
2873212765,2016-04-14 02:00:00,0.0
2873212765,2016-04-14 03:00:00,0.0
2873212765,2016-04-14 04:00:00,0.0
2873212765,2016-04-14 05:00:00,0.0
2873212765,2016-04-14 06:00:00,224.0
2873212765,2016-04-14 07:00:00,1123.0
2873212765,2016-04-14 08:00:00,544.0
2873212765,2016-04-14 09:00:00,871.0
2873212765,2016-04-14 10:00:00,1403.0
2873212765,2016-04-14 11:00:00,318.0
2873212765,2016-04-14 12:00:00,291.0
2873212765,2016-04-14 13:00:00,568.0
2873212765,2016-04-14 14:00:00,531.0
2873212765,2016-04-14 15:00:00,742.0
2873212765,2016-04-14 16:00:00,26.0
2873212765,2016-04-14 17:00:00,366.0
2873212765,2016-04-14 18:00:00,450.0
2873212765,2016-04-14 19:00:00,198.0
2873212765,2016-04-14 20:00:00,123.0
2873212765,2016-04-14 21:00:00,132.0
2873212765,2016-04-14 22:00:00,0.0
2873212765,2016-04-14 23:00:00,0.0
2873212765,2016-04-15 00:00:00,0.0
2873212765,2016-04-15 01:00:00,0.0
2873212765,2016-04-15 02:00:00,0.0
2873212765,2016-04-15 03:00:00,0.0
2873212765,2016-04-15 04:00:00,0.0
2873212765,2016-04-15 05:00:00,302.0
2873212765,2016-04-15 06:00:00,247.0
2873212765,2016-04-15 07:00:00,1031.0
2873212765,2016-04-15 08:00:00,649.0
2873212765,2016-04-15 09:00:00,727.0
2873212765,2016-04-15 10:00:00,562.0
2873212765,2016-04-15 11:00:00,636.0
2873212765,2016-04-15 12:00:00,899.0
2873212765,2016-04-15 13:00:00,665.0
2873212765,2016-04-15 14:00:00,754.0
2873212765,2016-04-15 15:00:00,312.0
2873212765,2016-04-15 16:00:00,666.0
2873212765,2016-04-15 17:00:00,128.0
2873212765,2016-04-15 18:00:00,241.0
2873212765,2016-04-15 19:00:00,179.0
2873212765,2016-04-15 20:00:00,378.0
2873212765,2016-04-15 21:00:00,106.0
2873212765,2016-04-15 22:00:00,0.0
2873212765,2016-04-15 23:00:00,0.0
2873212765,2016-04-16 00:00:00,0.0
2873212765,2016-04-16 01:00:00,0.0
2873212765,2016-04-16 02:00:00,0.0
2873212765,2016-04-16 03:00:00,0.0
2873212765,2016-04-16 04:00:00,0.0
2873212765,2016-04-16 05:00:00,0.0
2873212765,2016-04-16 06:00:00,0.0
2873212765,2016-04-16 07:00:00,2650.0
2873212765,2016-04-16 08:00:00,1999.0
2873212765,2016-04-16 09:00:00,252.0
2873212765,2016-04-16 10:00:00,194.0
2873212765,2016-04-16 11:00:00,326.0
2873212765,2016-04-16 12:00:00,712.0
2873212765,2016-04-16 13:00:00,0.0
2873212765,2016-04-16 14:00:00,590.0
2873212765,2016-04-16 15:00:00,1196.0
2873212765,2016-04-16 16:00:00,292.0
2873212765,2016-04-16 17:00:00,578.0
2873212765,2016-04-16 18:00:00,204.0
2873212765,2016-04-16 19:00:00,324.0
2873212765,2016-04-16 20:00:00,141.0
2873212765,2016-04-16 21:00:00,109.0
2873212765,2016-04-16 22:00:00,103.0
2873212765,2016-04-16 23:00:00,7.0
2873212765,2016-04-17 00:00:00,276.0
2873212765,2016-04-17 01:00:00,0.0
2873212765,2016-04-17 02:00:00,0.0
2873212765,2016-04-17 03:00:00,0.0
2873212765,2016-04-17 04:00:00,0.0
2873212765,2016-04-17 05:00:00,0.0
2873212765,2016-04-17 06:00:00,0.0
2873212765,2016-04-17 07:00:00,0.0
2873212765,2016-04-17 08:00:00,0.0
2873212765,2016-04-17 09:00:00,0.0
2873212765,2016-04-17 10:00:00,94.0
2873212765,2016-04-17 11:00:00,8.0
2873212765,2016-04-17 12:00:00,29.0
2873212765,2016-04-17 13:00:00,1079.0
2873212765,2016-04-17 14:00:00,273.0
2873212765,2016-04-17 15:00:00,83.0
2873212765,2016-04-17 16:00:00,31.0
2873212765,2016-04-17 17:00:00,169.0
2873212765,2016-04-17 18:00:00,172.0
2873212765,2016-04-17 19:00:00,163.0
2873212765,2016-04-17 20:00:00,93.0
2873212765,2016-04-17 21:00:00,54.0
2873212765,2016-04-17 22:00:00,0.0
2873212765,2016-04-17 23:00:00,0.0
2873212765,2016-04-18 00:00:00,0.0
2873212765,2016-04-18 01:00:00,0.0
2873212765,2016-04-18 02:00:00,0.0
2873212765,2016-04-18 03:00:00,0.0
2873212765,2016-04-18 04:00:00,0.0
2873212765,2016-04-18 05:00:00,240.0
2873212765,2016-04-18 06:00:00,163.0
2873212765,2016-04-18 07:00:00,1215.0
2873212765,2016-04-18 08:00:00,1325.0
2873212765,2016-04-18 09:00:00,746.0
2873212765,2016-04-18 10:00:00,850.0
2873212765,2016-04-18 11:00:00,322.0
2873212765,2016-04-18 12:00:00,1053.0
2873212765,2016-04-18 13:00:00,661.0
2873212765,2016-04-18 14:00:00,65.0
2873212765,2016-04-18 15:00:00,217.0
2873212765,2016-04-18 16:00:00,268.0
2873212765,2016-04-18 17:00:00,178.0
2873212765,2016-04-18 18:00:00,160.0
2873212765,2016-04-18 19:00:00,85.0
2873212765,2016-04-18 20:00:00,214.0
2873212765,2016-04-18 21:00:00,0.0
2873212765,2016-04-18 22:00:00,0.0
2873212765,2016-04-18 23:00:00,0.0
2873212765,2016-04-19 00:00:00,0.0
2873212765,2016-04-19 01:00:00,0.0
2873212765,2016-04-19 02:00:00,0.0
2873212765,2016-04-19 03:00:00,0.0
2873212765,2016-04-19 04:00:00,0.0
2873212765,2016-04-19 05:00:00,207.0
2873212765,2016-04-19 06:00:00,114.0
2873212765,2016-04-19 07:00:00,856.0
2873212765,2016-04-19 08:00:00,1328.0
2873212765,2016-04-19 09:00:00,651.0
2873212765,2016-04-19 10:00:00,885.0
2873212765,2016-04-19 11:00:00,532.0
2873212765,2016-04-19 12:00:00,910.0
2873212765,2016-04-19 13:00:00,751.0
2873212765,2016-04-19 14:00:00,129.0
2873212765,2016-04-19 15:00:00,183.0
2873212765,2016-04-19 16:00:00,266.0
2873212765,2016-04-19 17:00:00,290.0
2873212765,2016-04-19 18:00:00,501.0
2873212765,2016-04-19 19:00:00,45.0
2873212765,2016-04-19 20:00:00,113.0
2873212765,2016-04-19 21:00:00,137.0
2873212765,2016-04-19 22:00:00,50.0
2873212765,2016-04-19 23:00:00,0.0
2873212765,2016-04-20 00:00:00,0.0
2873212765,2016-04-20 01:00:00,0.0
2873212765,2016-04-20 02:00:00,0.0
2873212765,2016-04-20 03:00:00,0.0
2873212765,2016-04-20 04:00:00,0.0
2873212765,2016-04-20 05:00:00,283.0
2873212765,2016-04-20 06:00:00,16.0
2873212765,2016-04-20 07:00:00,1071.0
2873212765,2016-04-20 08:00:00,741.0
2873212765,2016-04-20 09:00:00,534.0
2873212765,2016-04-20 10:00:00,544.0
2873212765,2016-04-20 11:00:00,449.0
2873212765,2016-04-20 12:00:00,1014.0
2873212765,2016-04-20 13:00:00,860.0
2873212765,2016-04-20 14:00:00,101.0
2873212765,2016-04-20 15:00:00,187.0
2873212765,2016-04-20 16:00:00,315.0
2873212765,2016-04-20 17:00:00,2181.0
2873212765,2016-04-20 18:00:00,61.0
2873212765,2016-04-20 19:00:00,62.0
2873212765,2016-04-20 20:00:00,259.0
2873212765,2016-04-20 21:00:00,406.0
2873212765,2016-04-20 22:00:00,118.0
2873212765,2016-04-20 23:00:00,0.0
2873212765,2016-04-21 00:00:00,0.0
2873212765,2016-04-21 01:00:00,0.0
2873212765,2016-04-21 02:00:00,0.0
2873212765,2016-04-21 03:00:00,0.0
2873212765,2016-04-21 04:00:00,0.0
2873212765,2016-04-21 05:00:00,0.0
2873212765,2016-04-21 06:00:00,240.0
2873212765,2016-04-21 07:00:00,1422.0
2873212765,2016-04-21 08:00:00,270.0
2873212765,2016-04-21 09:00:00,1056.0
2873212765,2016-04-21 10:00:00,1145.0
2873212765,2016-04-21 11:00:00,334.0
2873212765,2016-04-21 12:00:00,443.0
2873212765,2016-04-21 13:00:00,615.0
2873212765,2016-04-21 14:00:00,794.0
2873212765,2016-04-21 15:00:00,799.0
2873212765,2016-04-21 16:00:00,605.0
2873212765,2016-04-21 17:00:00,436.0
2873212765,2016-04-21 18:00:00,281.0
2873212765,2016-04-21 19:00:00,86.0
2873212765,2016-04-21 20:00:00,117.0
2873212765,2016-04-21 21:00:00,216.0
2873212765,2016-04-21 22:00:00,0.0
2873212765,2016-04-21 23:00:00,0.0
2873212765,2016-04-22 00:00:00,0.0
2873212765,2016-04-22 01:00:00,0.0
2873212765,2016-04-22 02:00:00,0.0
2873212765,2016-04-22 03:00:00,0.0
2873212765,2016-04-22 04:00:00,0.0
2873212765,2016-04-22 05:00:00,230.0
2873212765,2016-04-22 06:00:00,57.0
2873212765,2016-04-22 07:00:00,978.0
2873212765,2016-04-22 08:00:00,800.0
2873212765,2016-04-22 09:00:00,677.0
2873212765,2016-04-22 10:00:00,972.0
2873212765,2016-04-22 11:00:00,361.0
2873212765,2016-04-22 12:00:00,790.0
2873212765,2016-04-22 13:00:00,813.0
2873212765,2016-04-22 14:00:00,78.0
2873212765,2016-04-22 15:00:00,246.0
2873212765,2016-04-22 16:00:00,459.0
2873212765,2016-04-22 17:00:00,346.0
2873212765,2016-04-22 18:00:00,230.0
2873212765,2016-04-22 19:00:00,154.0
2873212765,2016-04-22 20:00:00,30.0
2873212765,2016-04-22 21:00:00,0.0
2873212765,2016-04-22 22:00:00,17.0
2873212765,2016-04-22 23:00:00,48.0
2873212765,2016-04-23 00:00:00,0.0
2873212765,2016-04-23 01:00:00,0.0
2873212765,2016-04-23 02:00:00,0.0
2873212765,2016-04-23 03:00:00,0.0
2873212765,2016-04-23 04:00:00,0.0
2873212765,2016-04-23 05:00:00,0.0
2873212765,2016-04-23 06:00:00,0.0
2873212765,2016-04-23 07:00:00,118.0
2873212765,2016-04-23 08:00:00,4333.0
2873212765,2016-04-23 09:00:00,146.0
2873212765,2016-04-23 10:00:00,347.0
2873212765,2016-04-23 11:00:00,170.0
2873212765,2016-04-23 12:00:00,264.0
2873212765,2016-04-23 13:00:00,1440.0
2873212765,2016-04-23 14:00:00,864.0
2873212765,2016-04-23 15:00:00,813.0
2873212765,2016-04-23 16:00:00,131.0
2873212765,2016-04-23 17:00:00,36.0
2873212765,2016-04-23 18:00:00,186.0
2873212765,2016-04-23 19:00:00,220.0
2873212765,2016-04-23 20:00:00,70.0
2873212765,2016-04-23 21:00:00,0.0
2873212765,2016-04-23 22:00:00,179.0
2873212765,2016-04-23 23:00:00,0.0
2873212765,2016-04-24 00:00:00,0.0
2873212765,2016-04-24 01:00:00,0.0
2873212765,2016-04-24 02:00:00,0.0
2873212765,2016-04-24 03:00:00,0.0
2873212765,2016-04-24 04:00:00,0.0
2873212765,2016-04-24 05:00:00,0.0
2873212765,2016-04-24 06:00:00,0.0
2873212765,2016-04-24 07:00:00,75.0
2873212765,2016-04-24 08:00:00,4534.0
2873212765,2016-04-24 09:00:00,170.0
2873212765,2016-04-24 10:00:00,131.0
2873212765,2016-04-24 11:00:00,500.0
2873212765,2016-04-24 12:00:00,264.0
2873212765,2016-04-24 13:00:00,23.0
2873212765,2016-04-24 14:00:00,320.0
2873212765,2016-04-24 15:00:00,181.0
2873212765,2016-04-24 16:00:00,124.0
2873212765,2016-04-24 17:00:00,254.0
2873212765,2016-04-24 18:00:00,0.0
2873212765,2016-04-24 19:00:00,114.0
2873212765,2016-04-24 20:00:00,71.0
2873212765,2016-04-24 21:00:00,112.0
2873212765,2016-04-24 22:00:00,0.0
2873212765,2016-04-24 23:00:00,0.0
2873212765,2016-04-25 00:00:00,0.0
2873212765,2016-04-25 01:00:00,0.0
2873212765,2016-04-25 02:00:00,0.0
2873212765,2016-04-25 03:00:00,0.0
2873212765,2016-04-25 04:00:00,0.0
2873212765,2016-04-25 05:00:00,214.0
2873212765,2016-04-25 06:00:00,239.0
2873212765,2016-04-25 07:00:00,844.0
2873212765,2016-04-25 08:00:00,891.0
2873212765,2016-04-25 09:00:00,973.0
2873212765,2016-04-25 10:00:00,874.0
2873212765,2016-04-25 11:00:00,730.0
2873212765,2016-04-25 12:00:00,804.0
2873212765,2016-04-25 13:00:00,565.0
2873212765,2016-04-25 14:00:00,72.0
2873212765,2016-04-25 15:00:00,147.0
2873212765,2016-04-25 16:00:00,496.0
2873212765,2016-04-25 17:00:00,83.0
2873212765,2016-04-25 18:00:00,283.0
2873212765,2016-04-25 19:00:00,70.0
2873212765,2016-04-25 20:00:00,0.0
2873212765,2016-04-25 21:00:00,88.0
2873212765,2016-04-25 22:00:00,0.0
2873212765,2016-04-25 23:00:00,0.0
2873212765,2016-04-26 00:00:00,0.0
2873212765,2016-04-26 01:00:00,0.0
2873212765,2016-04-26 02:00:00,0.0
2873212765,2016-04-26 03:00:00,0.0
2873212765,2016-04-26 04:00:00,0.0
2873212765,2016-04-26 05:00:00,263.0
2873212765,2016-04-26 06:00:00,171.0
2873212765,2016-04-26 07:00:00,863.0
2873212765,2016-04-26 08:00:00,1298.0
2873212765,2016-04-26 09:00:00,848.0
2873212765,2016-04-26 10:00:00,629.0
2873212765,2016-04-26 11:00:00,441.0
2873212765,2016-04-26 12:00:00,863.0
2873212765,2016-04-26 13:00:00,732.0
2873212765,2016-04-26 14:00:00,91.0
2873212765,2016-04-26 15:00:00,111.0
2873212765,2016-04-26 16:00:00,169.0
2873212765,2016-04-26 17:00:00,558.0
2873212765,2016-04-26 18:00:00,746.0
2873212765,2016-04-26 19:00:00,350.0
2873212765,2016-04-26 20:00:00,53.0
2873212765,2016-04-26 21:00:00,56.0
2873212765,2016-04-26 22:00:00,0.0
2873212765,2016-04-26 23:00:00,0.0
2873212765,2016-04-27 00:00:00,0.0
2873212765,2016-04-27 01:00:00,0.0
2873212765,2016-04-27 02:00:00,0.0
2873212765,2016-04-27 03:00:00,0.0
2873212765,2016-04-27 04:00:00,0.0
2873212765,2016-04-27 05:00:00,0.0
2873212765,2016-04-27 06:00:00,0.0
2873212765,2016-04-27 07:00:00,53.0
2873212765,2016-04-27 08:00:00,68.0
2873212765,2016-04-27 09:00:00,763.0
2873212765,2016-04-27 10:00:00,424.0
2873212765,2016-04-27 11:00:00,132.0
2873212765,2016-04-27 12:00:00,894.0
2873212765,2016-04-27 13:00:00,75.0
2873212765,2016-04-27 14:00:00,54.0
2873212765,2016-04-27 15:00:00,100.0
2873212765,2016-04-27 16:00:00,0.0
2873212765,2016-04-27 17:00:00,364.0
2873212765,2016-04-27 18:00:00,322.0
2873212765,2016-04-27 19:00:00,119.0
2873212765,2016-04-27 20:00:00,19.0
2873212765,2016-04-27 21:00:00,129.0
2873212765,2016-04-27 22:00:00,0.0
2873212765,2016-04-27 23:00:00,0.0
2873212765,2016-04-28 00:00:00,0.0
2873212765,2016-04-28 01:00:00,0.0
2873212765,2016-04-28 02:00:00,0.0
2873212765,2016-04-28 03:00:00,0.0
2873212765,2016-04-28 04:00:00,0.0
2873212765,2016-04-28 05:00:00,0.0
2873212765,2016-04-28 06:00:00,3108.0
2873212765,2016-04-28 07:00:00,1453.0
2873212765,2016-04-28 08:00:00,115.0
2873212765,2016-04-28 09:00:00,349.0
2873212765,2016-04-28 10:00:00,387.0
2873212765,2016-04-28 11:00:00,30.0
2873212765,2016-04-28 12:00:00,601.0
2873212765,2016-04-28 13:00:00,596.0
2873212765,2016-04-28 14:00:00,26.0
2873212765,2016-04-28 15:00:00,72.0
2873212765,2016-04-28 16:00:00,54.0
2873212765,2016-04-28 17:00:00,413.0
2873212765,2016-04-28 18:00:00,317.0
2873212765,2016-04-28 19:00:00,209.0
2873212765,2016-04-28 20:00:00,69.0
2873212765,2016-04-28 21:00:00,114.0
2873212765,2016-04-28 22:00:00,0.0
2873212765,2016-04-28 23:00:00,0.0
2873212765,2016-04-29 00:00:00,0.0
2873212765,2016-04-29 01:00:00,0.0
2873212765,2016-04-29 02:00:00,0.0
2873212765,2016-04-29 03:00:00,0.0
2873212765,2016-04-29 04:00:00,0.0
2873212765,2016-04-29 05:00:00,0.0
2873212765,2016-04-29 06:00:00,328.0
2873212765,2016-04-29 07:00:00,90.0
2873212765,2016-04-29 08:00:00,127.0
2873212765,2016-04-29 09:00:00,6.0
2873212765,2016-04-29 10:00:00,196.0
2873212765,2016-04-29 11:00:00,345.0
2873212765,2016-04-29 12:00:00,3995.0
2873212765,2016-04-29 13:00:00,121.0
2873212765,2016-04-29 14:00:00,1010.0
2873212765,2016-04-29 15:00:00,457.0
2873212765,2016-04-29 16:00:00,193.0
2873212765,2016-04-29 17:00:00,81.0
2873212765,2016-04-29 18:00:00,142.0
2873212765,2016-04-29 19:00:00,126.0
2873212765,2016-04-29 20:00:00,15.0
2873212765,2016-04-29 21:00:00,133.0
2873212765,2016-04-29 22:00:00,0.0
2873212765,2016-04-29 23:00:00,0.0
2873212765,2016-04-30 00:00:00,0.0
2873212765,2016-04-30 01:00:00,0.0
2873212765,2016-04-30 02:00:00,0.0
2873212765,2016-04-30 03:00:00,0.0
2873212765,2016-04-30 04:00:00,0.0
2873212765,2016-04-30 05:00:00,0.0
2873212765,2016-04-30 06:00:00,0.0
2873212765,2016-04-30 07:00:00,16.0
2873212765,2016-04-30 08:00:00,282.0
2873212765,2016-04-30 09:00:00,955.0
2873212765,2016-04-30 10:00:00,414.0
2873212765,2016-04-30 11:00:00,622.0
2873212765,2016-04-30 12:00:00,416.0
2873212765,2016-04-30 13:00:00,60.0
2873212765,2016-04-30 14:00:00,49.0
2873212765,2016-04-30 15:00:00,324.0
2873212765,2016-04-30 16:00:00,57.0
2873212765,2016-04-30 17:00:00,342.0
2873212765,2016-04-30 18:00:00,878.0
2873212765,2016-04-30 19:00:00,2466.0
2873212765,2016-04-30 20:00:00,1496.0
2873212765,2016-04-30 21:00:00,75.0
2873212765,2016-04-30 22:00:00,0.0
2873212765,2016-04-30 23:00:00,0.0
2873212765,2016-05-01 00:00:00,0.0
2873212765,2016-05-01 01:00:00,0.0
2873212765,2016-05-01 02:00:00,0.0
2873212765,2016-05-01 03:00:00,0.0
2873212765,2016-05-01 04:00:00,0.0
2873212765,2016-05-01 05:00:00,0.0
2873212765,2016-05-01 06:00:00,0.0
2873212765,2016-05-01 07:00:00,0.0
2873212765,2016-05-01 08:00:00,439.0
2873212765,2016-05-01 09:00:00,425.0
2873212765,2016-05-01 10:00:00,1733.0
2873212765,2016-05-01 11:00:00,1736.0
2873212765,2016-05-01 12:00:00,1155.0
2873212765,2016-05-01 13:00:00,119.0
2873212765,2016-05-01 14:00:00,832.0
2873212765,2016-05-01 15:00:00,6.0
2873212765,2016-05-01 16:00:00,0.0
2873212765,2016-05-01 17:00:00,148.0
2873212765,2016-05-01 18:00:00,271.0
2873212765,2016-05-01 19:00:00,253.0
2873212765,2016-05-01 20:00:00,191.0
2873212765,2016-05-01 21:00:00,91.0
2873212765,2016-05-01 22:00:00,0.0
2873212765,2016-05-01 23:00:00,0.0
2873212765,2016-05-02 00:00:00,0.0
2873212765,2016-05-02 01:00:00,0.0
2873212765,2016-05-02 02:00:00,0.0
2873212765,2016-05-02 03:00:00,0.0
2873212765,2016-05-02 04:00:00,0.0
2873212765,2016-05-02 05:00:00,271.0
2873212765,2016-05-02 06:00:00,68.0
2873212765,2016-05-02 07:00:00,1417.0
2873212765,2016-05-02 08:00:00,829.0
2873212765,2016-05-02 09:00:00,721.0
2873212765,2016-05-02 10:00:00,688.0
2873212765,2016-05-02 11:00:00,357.0
2873212765,2016-05-02 12:00:00,1121.0
2873212765,2016-05-02 13:00:00,623.0
2873212765,2016-05-02 14:00:00,127.0
2873212765,2016-05-02 15:00:00,262.0
2873212765,2016-05-02 16:00:00,621.0
2873212765,2016-05-02 17:00:00,133.0
2873212765,2016-05-02 18:00:00,98.0
2873212765,2016-05-02 19:00:00,63.0
2873212765,2016-05-02 20:00:00,53.0
2873212765,2016-05-02 21:00:00,73.0
2873212765,2016-05-02 22:00:00,0.0
2873212765,2016-05-02 23:00:00,0.0
2873212765,2016-05-03 00:00:00,0.0
2873212765,2016-05-03 01:00:00,0.0
2873212765,2016-05-03 02:00:00,0.0
2873212765,2016-05-03 03:00:00,0.0
2873212765,2016-05-03 04:00:00,0.0
2873212765,2016-05-03 05:00:00,244.0
2873212765,2016-05-03 06:00:00,191.0
2873212765,2016-05-03 07:00:00,972.0
2873212765,2016-05-03 08:00:00,1134.0
2873212765,2016-05-03 09:00:00,754.0
2873212765,2016-05-03 10:00:00,353.0
2873212765,2016-05-03 11:00:00,291.0
2873212765,2016-05-03 12:00:00,778.0
2873212765,2016-05-03 13:00:00,766.0
2873212765,2016-05-03 14:00:00,111.0
2873212765,2016-05-03 15:00:00,46.0
2873212765,2016-05-03 16:00:00,227.0
2873212765,2016-05-03 17:00:00,358.0
2873212765,2016-05-03 18:00:00,705.0
2873212765,2016-05-03 19:00:00,63.0
2873212765,2016-05-03 20:00:00,170.0
2873212765,2016-05-03 21:00:00,249.0
2873212765,2016-05-03 22:00:00,0.0
2873212765,2016-05-03 23:00:00,0.0
2873212765,2016-05-04 00:00:00,0.0
2873212765,2016-05-04 01:00:00,0.0
2873212765,2016-05-04 02:00:00,0.0
2873212765,2016-05-04 03:00:00,0.0
2873212765,2016-05-04 04:00:00,0.0
2873212765,2016-05-04 05:00:00,348.0
2873212765,2016-05-04 06:00:00,221.0
2873212765,2016-05-04 07:00:00,735.0
2873212765,2016-05-04 08:00:00,702.0
2873212765,2016-05-04 09:00:00,680.0
2873212765,2016-05-04 10:00:00,747.0
2873212765,2016-05-04 11:00:00,490.0
2873212765,2016-05-04 12:00:00,649.0
2873212765,2016-05-04 13:00:00,615.0
2873212765,2016-05-04 14:00:00,211.0
2873212765,2016-05-04 15:00:00,203.0
2873212765,2016-05-04 16:00:00,671.0
2873212765,2016-05-04 17:00:00,1050.0
2873212765,2016-05-04 18:00:00,71.0
2873212765,2016-05-04 19:00:00,183.0
2873212765,2016-05-04 20:00:00,167.0
2873212765,2016-05-04 21:00:00,109.0
2873212765,2016-05-04 22:00:00,426.0
2873212765,2016-05-04 23:00:00,0.0
2873212765,2016-05-05 00:00:00,0.0
2873212765,2016-05-05 01:00:00,0.0
2873212765,2016-05-05 02:00:00,0.0
2873212765,2016-05-05 03:00:00,0.0
2873212765,2016-05-05 04:00:00,0.0
2873212765,2016-05-05 05:00:00,0.0
2873212765,2016-05-05 06:00:00,135.0
2873212765,2016-05-05 07:00:00,1227.0
2873212765,2016-05-05 08:00:00,253.0
2873212765,2016-05-05 09:00:00,1252.0
2873212765,2016-05-05 10:00:00,1758.0
2873212765,2016-05-05 11:00:00,331.0
2873212765,2016-05-05 12:00:00,211.0
2873212765,2016-05-05 13:00:00,369.0
2873212765,2016-05-05 14:00:00,451.0
2873212765,2016-05-05 15:00:00,1107.0
2873212765,2016-05-05 16:00:00,616.0
2873212765,2016-05-05 17:00:00,61.0
2873212765,2016-05-05 18:00:00,223.0
2873212765,2016-05-05 19:00:00,142.0
2873212765,2016-05-05 20:00:00,0.0
2873212765,2016-05-05 21:00:00,178.0
2873212765,2016-05-05 22:00:00,0.0
2873212765,2016-05-05 23:00:00,0.0
2873212765,2016-05-06 00:00:00,0.0
2873212765,2016-05-06 01:00:00,0.0
2873212765,2016-05-06 02:00:00,0.0
2873212765,2016-05-06 03:00:00,0.0
2873212765,2016-05-06 04:00:00,0.0
2873212765,2016-05-06 05:00:00,162.0
2873212765,2016-05-06 06:00:00,70.0
2873212765,2016-05-06 07:00:00,812.0
2873212765,2016-05-06 08:00:00,768.0
2873212765,2016-05-06 09:00:00,894.0
2873212765,2016-05-06 10:00:00,861.0
2873212765,2016-05-06 11:00:00,595.0
2873212765,2016-05-06 12:00:00,553.0
2873212765,2016-05-06 13:00:00,718.0
2873212765,2016-05-06 14:00:00,94.0
2873212765,2016-05-06 15:00:00,230.0
2873212765,2016-05-06 16:00:00,664.0
2873212765,2016-05-06 17:00:00,300.0
2873212765,2016-05-06 18:00:00,79.0
2873212765,2016-05-06 19:00:00,113.0
2873212765,2016-05-06 20:00:00,69.0
2873212765,2016-05-06 21:00:00,0.0
2873212765,2016-05-06 22:00:00,0.0
2873212765,2016-05-06 23:00:00,81.0
2873212765,2016-05-07 00:00:00,0.0
2873212765,2016-05-07 01:00:00,0.0
2873212765,2016-05-07 02:00:00,0.0
2873212765,2016-05-07 03:00:00,0.0
2873212765,2016-05-07 04:00:00,0.0
2873212765,2016-05-07 05:00:00,0.0
2873212765,2016-05-07 06:00:00,0.0
2873212765,2016-05-07 07:00:00,2599.0
2873212765,2016-05-07 08:00:00,1848.0
2873212765,2016-05-07 09:00:00,192.0
2873212765,2016-05-07 10:00:00,0.0
2873212765,2016-05-07 11:00:00,0.0
2873212765,2016-05-07 12:00:00,0.0
2873212765,2016-05-07 13:00:00,0.0
2873212765,2016-05-07 14:00:00,0.0
2873212765,2016-05-07 15:00:00,0.0
2873212765,2016-05-07 16:00:00,0.0
2873212765,2016-05-07 17:00:00,0.0
2873212765,2016-05-07 18:00:00,0.0
2873212765,2016-05-07 19:00:00,0.0
2873212765,2016-05-07 20:00:00,0.0
2873212765,2016-05-07 21:00:00,219.0
2873212765,2016-05-07 22:00:00,55.0
2873212765,2016-05-07 23:00:00,27.0
2873212765,2016-05-08 00:00:00,0.0
2873212765,2016-05-08 01:00:00,0.0
2873212765,2016-05-08 02:00:00,0.0
2873212765,2016-05-08 03:00:00,0.0
2873212765,2016-05-08 04:00:00,0.0
2873212765,2016-05-08 05:00:00,0.0
2873212765,2016-05-08 06:00:00,0.0
2873212765,2016-05-08 07:00:00,2768.0
2873212765,2016-05-08 08:00:00,1932.0
2873212765,2016-05-08 09:00:00,498.0
2873212765,2016-05-08 10:00:00,446.0
2873212765,2016-05-08 11:00:00,427.0
2873212765,2016-05-08 12:00:00,337.0
2873212765,2016-05-08 13:00:00,196.0
2873212765,2016-05-08 14:00:00,125.0
2873212765,2016-05-08 15:00:00,11.0
2873212765,2016-05-08 16:00:00,694.0
2873212765,2016-05-08 17:00:00,335.0
2873212765,2016-05-08 18:00:00,263.0
2873212765,2016-05-08 19:00:00,28.0
2873212765,2016-05-08 20:00:00,0.0
2873212765,2016-05-08 21:00:00,108.0
2873212765,2016-05-08 22:00:00,0.0
2873212765,2016-05-08 23:00:00,0.0
2873212765,2016-05-09 00:00:00,0.0
2873212765,2016-05-09 01:00:00,0.0
2873212765,2016-05-09 02:00:00,0.0
2873212765,2016-05-09 03:00:00,0.0
2873212765,2016-05-09 04:00:00,0.0
2873212765,2016-05-09 05:00:00,163.0
2873212765,2016-05-09 06:00:00,193.0
2873212765,2016-05-09 07:00:00,895.0
2873212765,2016-05-09 08:00:00,1116.0
2873212765,2016-05-09 09:00:00,519.0
2873212765,2016-05-09 10:00:00,973.0
2873212765,2016-05-09 11:00:00,428.0
2873212765,2016-05-09 12:00:00,1149.0
2873212765,2016-05-09 13:00:00,816.0
2873212765,2016-05-09 14:00:00,125.0
2873212765,2016-05-09 15:00:00,273.0
2873212765,2016-05-09 16:00:00,655.0
2873212765,2016-05-09 17:00:00,121.0
2873212765,2016-05-09 18:00:00,137.0
2873212765,2016-05-09 19:00:00,97.0
2873212765,2016-05-09 20:00:00,0.0
2873212765,2016-05-09 21:00:00,66.0
2873212765,2016-05-09 22:00:00,0.0
2873212765,2016-05-09 23:00:00,0.0
2873212765,2016-05-10 00:00:00,0.0
2873212765,2016-05-10 01:00:00,0.0
2873212765,2016-05-10 02:00:00,0.0
2873212765,2016-05-10 03:00:00,0.0
2873212765,2016-05-10 04:00:00,0.0
2873212765,2016-05-10 05:00:00,200.0
2873212765,2016-05-10 06:00:00,32.0
2873212765,2016-05-10 07:00:00,1072.0
2873212765,2016-05-10 08:00:00,973.0
2873212765,2016-05-10 09:00:00,1021.0
2873212765,2016-05-10 10:00:00,783.0
2873212765,2016-05-10 11:00:00,273.0
2873212765,2016-05-10 12:00:00,1005.0
2873212765,2016-05-10 13:00:00,800.0
2873212765,2016-05-10 14:00:00,146.0
2873212765,2016-05-10 15:00:00,85.0
2873212765,2016-05-10 16:00:00,312.0
2873212765,2016-05-10 17:00:00,240.0
2873212765,2016-05-10 18:00:00,637.0
2873212765,2016-05-10 19:00:00,398.0
2873212765,2016-05-10 20:00:00,184.0
2873212765,2016-05-10 21:00:00,114.0
2873212765,2016-05-10 22:00:00,0.0
2873212765,2016-05-10 23:00:00,0.0
2873212765,2016-05-11 00:00:00,0.0
2873212765,2016-05-11 01:00:00,0.0
2873212765,2016-05-11 02:00:00,0.0
2873212765,2016-05-11 03:00:00,0.0
2873212765,2016-05-11 04:00:00,0.0
2873212765,2016-05-11 05:00:00,402.0
2873212765,2016-05-11 06:00:00,20.0
2873212765,2016-05-11 07:00:00,536.0
2873212765,2016-05-11 08:00:00,902.0
2873212765,2016-05-11 09:00:00,780.0
2873212765,2016-05-11 10:00:00,750.0
2873212765,2016-05-11 11:00:00,458.0
2873212765,2016-05-11 12:00:00,582.0
2873212765,2016-05-11 13:00:00,680.0
2873212765,2016-05-11 14:00:00,45.0
2873212765,2016-05-11 15:00:00,238.0
2873212765,2016-05-11 16:00:00,314.0
2873212765,2016-05-11 17:00:00,79.0
2873212765,2016-05-11 18:00:00,292.0
2873212765,2016-05-11 19:00:00,36.0
2873212765,2016-05-11 20:00:00,203.0
2873212765,2016-05-11 21:00:00,0.0
2873212765,2016-05-11 22:00:00,123.0
2873212765,2016-05-11 23:00:00,0.0
2873212765,2016-05-12 00:00:00,0.0
2873212765,2016-05-12 01:00:00,0.0
2873212765,2016-05-12 02:00:00,0.0
2873212765,2016-05-12 03:00:00,0.0
2873212765,2016-05-12 04:00:00,0.0
2873212765,2016-05-12 05:00:00,0.0
2873212765,2016-05-12 06:00:00,383.0
2873212765,2016-05-12 07:00:00,1162.0
2873212765,2016-05-12 08:00:00,694.0
2873212765,2016-05-12 09:00:00,1086.0
2873212765,2016-05-12 10:00:00,1226.0
2873212765,2016-05-12 11:00:00,437.0
2873212765,2016-05-12 12:00:00,248.0
2873212765,2016-05-12 13:00:00,788.0
2873212765,2016-05-12 14:00:00,784.0
2873212765,2016-05-12 15:00:00,667.0
3372868164,2016-04-12 00:00:00,0.0
3372868164,2016-04-12 01:00:00,0.0
3372868164,2016-04-12 02:00:00,0.0
3372868164,2016-04-12 03:00:00,0.0
3372868164,2016-04-12 04:00:00,0.0
3372868164,2016-04-12 05:00:00,0.0
3372868164,2016-04-12 06:00:00,95.0
3372868164,2016-04-12 07:00:00,46.0
3372868164,2016-04-12 08:00:00,345.0
3372868164,2016-04-12 09:00:00,548.0
3372868164,2016-04-12 10:00:00,267.0
3372868164,2016-04-12 11:00:00,290.0
3372868164,2016-04-12 12:00:00,129.0
3372868164,2016-04-12 13:00:00,383.0
3372868164,2016-04-12 14:00:00,479.0
3372868164,2016-04-12 15:00:00,314.0
3372868164,2016-04-12 16:00:00,302.0
3372868164,2016-04-12 17:00:00,238.0
3372868164,2016-04-12 18:00:00,271.0
3372868164,2016-04-12 19:00:00,285.0
3372868164,2016-04-12 20:00:00,316.0
3372868164,2016-04-12 21:00:00,310.0
3372868164,2016-04-12 22:00:00,129.0
3372868164,2016-04-12 23:00:00,0.0
3372868164,2016-04-13 00:00:00,14.0
3372868164,2016-04-13 01:00:00,0.0
3372868164,2016-04-13 02:00:00,0.0
3372868164,2016-04-13 03:00:00,0.0
3372868164,2016-04-13 04:00:00,0.0
3372868164,2016-04-13 05:00:00,0.0
3372868164,2016-04-13 06:00:00,0.0
3372868164,2016-04-13 07:00:00,55.0
3372868164,2016-04-13 08:00:00,237.0
3372868164,2016-04-13 09:00:00,605.0
3372868164,2016-04-13 10:00:00,2185.0
3372868164,2016-04-13 11:00:00,373.0
3372868164,2016-04-13 12:00:00,1449.0
3372868164,2016-04-13 13:00:00,675.0
3372868164,2016-04-13 14:00:00,1481.0
3372868164,2016-04-13 15:00:00,541.0
3372868164,2016-04-13 16:00:00,478.0
3372868164,2016-04-13 17:00:00,423.0
3372868164,2016-04-13 18:00:00,428.0
3372868164,2016-04-13 19:00:00,469.0
3372868164,2016-04-13 20:00:00,272.0
3372868164,2016-04-13 21:00:00,30.0
3372868164,2016-04-13 22:00:00,0.0
3372868164,2016-04-13 23:00:00,0.0
3372868164,2016-04-14 00:00:00,0.0
3372868164,2016-04-14 01:00:00,0.0
3372868164,2016-04-14 02:00:00,0.0
3372868164,2016-04-14 03:00:00,0.0
3372868164,2016-04-14 04:00:00,0.0
3372868164,2016-04-14 05:00:00,41.0
3372868164,2016-04-14 06:00:00,157.0
3372868164,2016-04-14 07:00:00,386.0
3372868164,2016-04-14 08:00:00,737.0
3372868164,2016-04-14 09:00:00,431.0
3372868164,2016-04-14 10:00:00,792.0
3372868164,2016-04-14 11:00:00,1549.0
3372868164,2016-04-14 12:00:00,130.0
3372868164,2016-04-14 13:00:00,631.0
3372868164,2016-04-14 14:00:00,810.0
3372868164,2016-04-14 15:00:00,402.0
3372868164,2016-04-14 16:00:00,298.0
3372868164,2016-04-14 17:00:00,218.0
3372868164,2016-04-14 18:00:00,576.0
3372868164,2016-04-14 19:00:00,1372.0
3372868164,2016-04-14 20:00:00,237.0
3372868164,2016-04-14 21:00:00,51.0
3372868164,2016-04-14 22:00:00,26.0
3372868164,2016-04-14 23:00:00,0.0
3372868164,2016-04-15 00:00:00,0.0
3372868164,2016-04-15 01:00:00,0.0
3372868164,2016-04-15 02:00:00,0.0
3372868164,2016-04-15 03:00:00,0.0
3372868164,2016-04-15 04:00:00,0.0
3372868164,2016-04-15 05:00:00,0.0
3372868164,2016-04-15 06:00:00,0.0
3372868164,2016-04-15 07:00:00,0.0
3372868164,2016-04-15 08:00:00,243.0
3372868164,2016-04-15 09:00:00,499.0
3372868164,2016-04-15 10:00:00,248.0
3372868164,2016-04-15 11:00:00,1180.0
3372868164,2016-04-15 12:00:00,695.0
3372868164,2016-04-15 13:00:00,268.0
3372868164,2016-04-15 14:00:00,0.0
3372868164,2016-04-15 15:00:00,927.0
3372868164,2016-04-15 16:00:00,578.0
3372868164,2016-04-15 17:00:00,489.0
3372868164,2016-04-15 18:00:00,836.0
3372868164,2016-04-15 19:00:00,869.0
3372868164,2016-04-15 20:00:00,445.0
3372868164,2016-04-15 21:00:00,174.0
3372868164,2016-04-15 22:00:00,0.0
3372868164,2016-04-15 23:00:00,0.0
3372868164,2016-04-16 00:00:00,0.0
3372868164,2016-04-16 01:00:00,0.0
3372868164,2016-04-16 02:00:00,0.0
3372868164,2016-04-16 03:00:00,0.0
3372868164,2016-04-16 04:00:00,0.0
3372868164,2016-04-16 05:00:00,222.0
3372868164,2016-04-16 06:00:00,94.0
3372868164,2016-04-16 07:00:00,846.0
3372868164,2016-04-16 08:00:00,1018.0
3372868164,2016-04-16 09:00:00,405.0
3372868164,2016-04-16 10:00:00,833.0
3372868164,2016-04-16 11:00:00,538.0
3372868164,2016-04-16 12:00:00,473.0
3372868164,2016-04-16 13:00:00,344.0
3372868164,2016-04-16 14:00:00,804.0
3372868164,2016-04-16 15:00:00,427.0
3372868164,2016-04-16 16:00:00,50.0
3372868164,2016-04-16 17:00:00,241.0
3372868164,2016-04-16 18:00:00,0.0
3372868164,2016-04-16 19:00:00,197.0
3372868164,2016-04-16 20:00:00,367.0
3372868164,2016-04-16 21:00:00,46.0
3372868164,2016-04-16 22:00:00,0.0
3372868164,2016-04-16 23:00:00,0.0
3372868164,2016-04-17 00:00:00,37.0
3372868164,2016-04-17 01:00:00,0.0
3372868164,2016-04-17 02:00:00,0.0
3372868164,2016-04-17 03:00:00,0.0
3372868164,2016-04-17 04:00:00,0.0
3372868164,2016-04-17 05:00:00,0.0
3372868164,2016-04-17 06:00:00,51.0
3372868164,2016-04-17 07:00:00,588.0
3372868164,2016-04-17 08:00:00,803.0
3372868164,2016-04-17 09:00:00,103.0
3372868164,2016-04-17 10:00:00,79.0
3372868164,2016-04-17 11:00:00,380.0
3372868164,2016-04-17 12:00:00,570.0
3372868164,2016-04-17 13:00:00,129.0
3372868164,2016-04-17 14:00:00,563.0
3372868164,2016-04-17 15:00:00,2478.0
3372868164,2016-04-17 16:00:00,154.0
3372868164,2016-04-17 17:00:00,442.0
3372868164,2016-04-17 18:00:00,382.0
3372868164,2016-04-17 19:00:00,734.0
3372868164,2016-04-17 20:00:00,668.0
3372868164,2016-04-17 21:00:00,30.0
3372868164,2016-04-17 22:00:00,8.0
3372868164,2016-04-17 23:00:00,0.0
3372868164,2016-04-18 00:00:00,7.0
3372868164,2016-04-18 01:00:00,0.0
3372868164,2016-04-18 02:00:00,0.0
3372868164,2016-04-18 03:00:00,0.0
3372868164,2016-04-18 04:00:00,0.0
3372868164,2016-04-18 05:00:00,86.0
3372868164,2016-04-18 06:00:00,86.0
3372868164,2016-04-18 07:00:00,34.0
3372868164,2016-04-18 08:00:00,554.0
3372868164,2016-04-18 09:00:00,552.0
3372868164,2016-04-18 10:00:00,2269.0
3372868164,2016-04-18 11:00:00,313.0
3372868164,2016-04-18 12:00:00,185.0
3372868164,2016-04-18 13:00:00,0.0
3372868164,2016-04-18 14:00:00,415.0
3372868164,2016-04-18 15:00:00,412.0
3372868164,2016-04-18 16:00:00,492.0
3372868164,2016-04-18 17:00:00,275.0
3372868164,2016-04-18 18:00:00,447.0
3372868164,2016-04-18 19:00:00,342.0
3372868164,2016-04-18 20:00:00,329.0
3372868164,2016-04-18 21:00:00,0.0
3372868164,2016-04-18 22:00:00,0.0
3372868164,2016-04-18 23:00:00,0.0
3372868164,2016-04-19 00:00:00,0.0
3372868164,2016-04-19 01:00:00,0.0
3372868164,2016-04-19 02:00:00,0.0
3372868164,2016-04-19 03:00:00,0.0
3372868164,2016-04-19 04:00:00,0.0
3372868164,2016-04-19 05:00:00,0.0
3372868164,2016-04-19 06:00:00,0.0
3372868164,2016-04-19 07:00:00,131.0
3372868164,2016-04-19 08:00:00,113.0
3372868164,2016-04-19 09:00:00,357.0
3372868164,2016-04-19 10:00:00,380.0
3372868164,2016-04-19 11:00:00,628.0
3372868164,2016-04-19 12:00:00,294.0
3372868164,2016-04-19 13:00:00,497.0
3372868164,2016-04-19 14:00:00,1002.0
3372868164,2016-04-19 15:00:00,352.0
3372868164,2016-04-19 16:00:00,162.0
3372868164,2016-04-19 17:00:00,1118.0
3372868164,2016-04-19 18:00:00,1048.0
3372868164,2016-04-19 19:00:00,767.0
3372868164,2016-04-19 20:00:00,54.0
3372868164,2016-04-19 21:00:00,401.0
3372868164,2016-04-19 22:00:00,184.0
3372868164,2016-04-19 23:00:00,223.0
3372868164,2016-04-20 00:00:00,0.0
3372868164,2016-04-20 01:00:00,0.0
3372868164,2016-04-20 02:00:00,0.0
3372868164,2016-04-20 03:00:00,0.0
3372868164,2016-04-20 04:00:00,0.0
3372868164,2016-04-20 05:00:00,0.0
3372868164,2016-04-20 06:00:00,0.0
3372868164,2016-04-20 07:00:00,47.0
3372868164,2016-04-20 08:00:00,410.0
3372868164,2016-04-20 09:00:00,559.0
3372868164,2016-04-20 10:00:00,169.0
3372868164,2016-04-20 11:00:00,55.0
3372868164,2016-04-20 12:00:00,260.0
3372868164,2016-04-20 13:00:00,142.0
3372868164,2016-04-20 14:00:00,1549.0
3372868164,2016-04-20 15:00:00,181.0
3372868164,2016-04-20 16:00:00,721.0
3372868164,2016-04-20 17:00:00,200.0
3372868164,2016-04-20 18:00:00,43.0
3372868164,2016-04-20 19:00:00,106.0
3372868164,2016-04-20 20:00:00,411.0
3372868164,2016-04-20 21:00:00,14.0
3372868164,2016-04-20 22:00:00,13.0
3372868164,2016-04-20 23:00:00,0.0
3372868164,2016-04-21 00:00:00,0.0
3372868164,2016-04-21 01:00:00,0.0
3372868164,2016-04-21 02:00:00,0.0
3372868164,2016-04-21 03:00:00,0.0
3372868164,2016-04-21 04:00:00,0.0
3372868164,2016-04-21 05:00:00,237.0
3372868164,2016-04-21 06:00:00,196.0
3372868164,2016-04-21 07:00:00,224.0
3372868164,2016-04-21 08:00:00,746.0
3372868164,2016-04-21 09:00:00,435.0
3372868164,2016-04-21 10:00:00,1565.0
3372868164,2016-04-21 11:00:00,1645.0
3372868164,2016-04-21 12:00:00,98.0
3372868164,2016-04-21 13:00:00,319.0
3372868164,2016-04-21 14:00:00,406.0
3372868164,2016-04-21 15:00:00,384.0
3372868164,2016-04-21 16:00:00,134.0
3372868164,2016-04-21 17:00:00,47.0
3372868164,2016-04-21 18:00:00,605.0
3372868164,2016-04-21 19:00:00,1239.0
3372868164,2016-04-21 20:00:00,495.0
3372868164,2016-04-21 21:00:00,12.0
3372868164,2016-04-21 22:00:00,70.0
3372868164,2016-04-21 23:00:00,0.0
3372868164,2016-04-22 00:00:00,0.0
3372868164,2016-04-22 01:00:00,0.0
3372868164,2016-04-22 02:00:00,0.0
3372868164,2016-04-22 03:00:00,0.0
3372868164,2016-04-22 04:00:00,0.0
3372868164,2016-04-22 05:00:00,0.0
3372868164,2016-04-22 06:00:00,0.0
3372868164,2016-04-22 07:00:00,0.0
3372868164,2016-04-22 08:00:00,99.0
3372868164,2016-04-22 09:00:00,273.0
3372868164,2016-04-22 10:00:00,541.0
3372868164,2016-04-22 11:00:00,46.0
3372868164,2016-04-22 12:00:00,0.0
3372868164,2016-04-22 13:00:00,296.0
3372868164,2016-04-22 14:00:00,239.0
3372868164,2016-04-22 15:00:00,577.0
3372868164,2016-04-22 16:00:00,302.0
3372868164,2016-04-22 17:00:00,110.0
3372868164,2016-04-22 18:00:00,831.0
3372868164,2016-04-22 19:00:00,240.0
3372868164,2016-04-22 20:00:00,137.0
3372868164,2016-04-22 21:00:00,28.0
3372868164,2016-04-22 22:00:00,44.0
3372868164,2016-04-22 23:00:00,80.0
3372868164,2016-04-23 00:00:00,0.0
3372868164,2016-04-23 01:00:00,0.0
3372868164,2016-04-23 02:00:00,0.0
3372868164,2016-04-23 03:00:00,0.0
3372868164,2016-04-23 04:00:00,0.0
3372868164,2016-04-23 05:00:00,0.0
3372868164,2016-04-23 06:00:00,0.0
3372868164,2016-04-23 07:00:00,0.0
3372868164,2016-04-23 08:00:00,147.0
3372868164,2016-04-23 09:00:00,349.0
3372868164,2016-04-23 10:00:00,3084.0
3372868164,2016-04-23 11:00:00,401.0
3372868164,2016-04-23 12:00:00,493.0
3372868164,2016-04-23 13:00:00,0.0
3372868164,2016-04-23 14:00:00,179.0
3372868164,2016-04-23 15:00:00,311.0
3372868164,2016-04-23 16:00:00,654.0
3372868164,2016-04-23 17:00:00,566.0
3372868164,2016-04-23 18:00:00,265.0
3372868164,2016-04-23 19:00:00,640.0
3372868164,2016-04-23 20:00:00,226.0
3372868164,2016-04-23 21:00:00,0.0
3372868164,2016-04-23 22:00:00,81.0
3372868164,2016-04-23 23:00:00,0.0
3372868164,2016-04-24 00:00:00,0.0
3372868164,2016-04-24 01:00:00,0.0
3372868164,2016-04-24 02:00:00,0.0
3372868164,2016-04-24 03:00:00,0.0
3372868164,2016-04-24 04:00:00,0.0
3372868164,2016-04-24 05:00:00,0.0
3372868164,2016-04-24 06:00:00,89.0
3372868164,2016-04-24 07:00:00,517.0
3372868164,2016-04-24 08:00:00,488.0
3372868164,2016-04-24 09:00:00,169.0
3372868164,2016-04-24 10:00:00,176.0
3372868164,2016-04-24 11:00:00,490.0
3372868164,2016-04-24 12:00:00,194.0
3372868164,2016-04-24 13:00:00,108.0
3372868164,2016-04-24 14:00:00,382.0
3372868164,2016-04-24 15:00:00,1860.0
3372868164,2016-04-24 16:00:00,279.0
3372868164,2016-04-24 17:00:00,603.0
3372868164,2016-04-24 18:00:00,116.0
3372868164,2016-04-24 19:00:00,823.0
3372868164,2016-04-24 20:00:00,425.0
3372868164,2016-04-24 21:00:00,12.0
3372868164,2016-04-24 22:00:00,0.0
3372868164,2016-04-24 23:00:00,0.0
3372868164,2016-04-25 00:00:00,0.0
3372868164,2016-04-25 01:00:00,0.0
3372868164,2016-04-25 02:00:00,0.0
3372868164,2016-04-25 03:00:00,0.0
3372868164,2016-04-25 04:00:00,0.0
3372868164,2016-04-25 05:00:00,32.0
3372868164,2016-04-25 06:00:00,148.0
3372868164,2016-04-25 07:00:00,484.0
3372868164,2016-04-25 08:00:00,892.0
3372868164,2016-04-25 09:00:00,448.0
3372868164,2016-04-25 10:00:00,564.0
3372868164,2016-04-25 11:00:00,331.0
3372868164,2016-04-25 12:00:00,327.0
3372868164,2016-04-25 13:00:00,143.0
3372868164,2016-04-25 14:00:00,352.0
3372868164,2016-04-25 15:00:00,147.0
3372868164,2016-04-25 16:00:00,420.0
3372868164,2016-04-25 17:00:00,275.0
3372868164,2016-04-25 18:00:00,446.0
3372868164,2016-04-25 19:00:00,189.0
3372868164,2016-04-25 20:00:00,540.0
3372868164,2016-04-25 21:00:00,244.0
3372868164,2016-04-25 22:00:00,13.0
3372868164,2016-04-25 23:00:00,0.0
3372868164,2016-04-26 00:00:00,0.0
3372868164,2016-04-26 01:00:00,0.0
3372868164,2016-04-26 02:00:00,0.0
3372868164,2016-04-26 03:00:00,0.0
3372868164,2016-04-26 04:00:00,0.0
3372868164,2016-04-26 05:00:00,0.0
3372868164,2016-04-26 06:00:00,95.0
3372868164,2016-04-26 07:00:00,112.0
3372868164,2016-04-26 08:00:00,1105.0
3372868164,2016-04-26 09:00:00,2941.0
3372868164,2016-04-26 10:00:00,469.0
3372868164,2016-04-26 11:00:00,781.0
3372868164,2016-04-26 12:00:00,183.0
3372868164,2016-04-26 13:00:00,536.0
3372868164,2016-04-26 14:00:00,465.0
3372868164,2016-04-26 15:00:00,84.0
3372868164,2016-04-26 16:00:00,500.0
3372868164,2016-04-26 17:00:00,253.0
3372868164,2016-04-26 18:00:00,145.0
3372868164,2016-04-26 19:00:00,295.0
3372868164,2016-04-26 20:00:00,262.0
3372868164,2016-04-26 21:00:00,25.0
3372868164,2016-04-26 22:00:00,32.0
3372868164,2016-04-26 23:00:00,0.0
3372868164,2016-04-27 00:00:00,0.0
3372868164,2016-04-27 01:00:00,0.0
3372868164,2016-04-27 02:00:00,19.0
3372868164,2016-04-27 03:00:00,53.0
3372868164,2016-04-27 04:00:00,0.0
3372868164,2016-04-27 05:00:00,0.0
3372868164,2016-04-27 06:00:00,50.0
3372868164,2016-04-27 07:00:00,125.0
3372868164,2016-04-27 08:00:00,608.0
3372868164,2016-04-27 09:00:00,134.0
3372868164,2016-04-27 10:00:00,519.0
3372868164,2016-04-27 11:00:00,2727.0
3372868164,2016-04-27 12:00:00,231.0
3372868164,2016-04-27 13:00:00,337.0
3372868164,2016-04-27 14:00:00,630.0
3372868164,2016-04-27 15:00:00,409.0
3372868164,2016-04-27 16:00:00,770.0
3372868164,2016-04-27 17:00:00,446.0
3372868164,2016-04-27 18:00:00,198.0
3372868164,2016-04-27 19:00:00,139.0
3372868164,2016-04-27 20:00:00,257.0
3372868164,2016-04-27 21:00:00,0.0
3372868164,2016-04-27 22:00:00,224.0
3372868164,2016-04-27 23:00:00,28.0
3372868164,2016-04-28 00:00:00,0.0
3372868164,2016-04-28 01:00:00,0.0
3372868164,2016-04-28 02:00:00,0.0
3372868164,2016-04-28 03:00:00,0.0
3372868164,2016-04-28 04:00:00,0.0
3372868164,2016-04-28 05:00:00,112.0
3372868164,2016-04-28 06:00:00,61.0
3372868164,2016-04-28 07:00:00,441.0
3372868164,2016-04-28 08:00:00,436.0
3372868164,2016-04-28 09:00:00,130.0
3372868164,2016-04-28 10:00:00,630.0
3372868164,2016-04-28 11:00:00,562.0
3372868164,2016-04-28 12:00:00,456.0
3372868164,2016-04-28 13:00:00,294.0
3372868164,2016-04-28 14:00:00,322.0
3372868164,2016-04-28 15:00:00,478.0
3372868164,2016-04-28 16:00:00,169.0
3372868164,2016-04-28 17:00:00,304.0
3372868164,2016-04-28 18:00:00,559.0
3372868164,2016-04-28 19:00:00,188.0
3372868164,2016-04-28 20:00:00,304.0
3372868164,2016-04-28 21:00:00,58.0
3372868164,2016-04-28 22:00:00,8.0
3372868164,2016-04-28 23:00:00,0.0
3372868164,2016-04-29 00:00:00,0.0
3372868164,2016-04-29 01:00:00,0.0
3372868164,2016-04-29 02:00:00,0.0
3372868164,2016-04-29 03:00:00,0.0
3372868164,2016-04-29 04:00:00,0.0
3372868164,2016-04-29 05:00:00,141.0
3372868164,2016-04-29 06:00:00,153.0
3372868164,2016-04-29 07:00:00,118.0
3372868164,2016-04-29 08:00:00,572.0
3372868164,2016-04-29 09:00:00,349.0
3372868164,2016-04-29 10:00:00,1366.0
3372868164,2016-04-29 11:00:00,2510.0
3372868164,2016-04-29 12:00:00,707.0
3372868164,2016-04-29 13:00:00,526.0
3372868164,2016-04-29 14:00:00,465.0
3372868164,2016-04-29 15:00:00,469.0
3372868164,2016-04-29 16:00:00,508.0
3372868164,2016-04-29 17:00:00,469.0
3372868164,2016-04-29 18:00:00,324.0
3372868164,2016-04-29 19:00:00,57.0
3372868164,2016-04-29 20:00:00,237.0
3372868164,2016-04-29 21:00:00,164.0
3372868164,2016-04-29 22:00:00,0.0
3372868164,2016-04-29 23:00:00,0.0
3372868164,2016-04-30 00:00:00,17.0
3372868164,2016-04-30 01:00:00,0.0
3372868164,2016-04-30 02:00:00,0.0
3372868164,2016-04-30 03:00:00,0.0
3372868164,2016-04-30 04:00:00,0.0
3372868164,2016-04-30 05:00:00,0.0
3372868164,2016-04-30 06:00:00,81.0
3372868164,2016-04-30 07:00:00,223.0
3372868164,2016-04-30 08:00:00,98.0
3372868164,2016-04-30 09:00:00,1970.0
3372868164,2016-04-30 10:00:00,129.0
3372868164,2016-04-30 11:00:00,8.0
3372868164,2016-04-30 12:00:00,175.0
3372868164,2016-04-30 13:00:00,244.0
3372868164,2016-04-30 14:00:00,586.0
3372868164,2016-04-30 15:00:00,309.0
3372868164,2016-04-30 16:00:00,344.0
3372868164,2016-04-30 17:00:00,217.0
3372868164,2016-04-30 18:00:00,332.0
3372868164,2016-04-30 19:00:00,97.0
3372868164,2016-04-30 20:00:00,305.0
3372868164,2016-04-30 21:00:00,69.0
3372868164,2016-04-30 22:00:00,46.0
3372868164,2016-04-30 23:00:00,0.0
3372868164,2016-05-01 00:00:00,6.0
3372868164,2016-05-01 01:00:00,0.0
3372868164,2016-05-01 02:00:00,0.0
3372868164,2016-05-01 03:00:00,0.0
3372868164,2016-05-01 04:00:00,0.0
3372868164,2016-05-01 05:00:00,6.0
3372868164,2016-05-01 06:00:00,120.0
3372868164,2016-05-01 07:00:00,436.0
3372868164,2016-05-01 08:00:00,483.0
3372868164,2016-05-01 09:00:00,147.0
3372868164,2016-05-01 10:00:00,115.0
3372868164,2016-05-01 11:00:00,221.0
3372868164,2016-05-01 12:00:00,197.0
3372868164,2016-05-01 13:00:00,136.0
3372868164,2016-05-01 14:00:00,965.0
3372868164,2016-05-01 15:00:00,69.0
3977333714,2016-04-12 00:00:00,753.0
3977333714,2016-04-12 01:00:00,0.0
3977333714,2016-04-12 02:00:00,0.0
3977333714,2016-04-12 03:00:00,16.0
3977333714,2016-04-12 04:00:00,0.0
3977333714,2016-04-12 05:00:00,0.0
3977333714,2016-04-12 06:00:00,0.0
3977333714,2016-04-12 07:00:00,0.0
3977333714,2016-04-12 08:00:00,13.0
3977333714,2016-04-12 09:00:00,10.0
3977333714,2016-04-12 10:00:00,28.0
3977333714,2016-04-12 11:00:00,0.0
3977333714,2016-04-12 12:00:00,332.0
3977333714,2016-04-12 13:00:00,4112.0
3977333714,2016-04-12 14:00:00,2257.0
3977333714,2016-04-12 15:00:00,55.0
3977333714,2016-04-12 16:00:00,49.0
3977333714,2016-04-12 17:00:00,190.0
3977333714,2016-04-12 18:00:00,289.0
3977333714,2016-04-12 19:00:00,201.0
3977333714,2016-04-12 20:00:00,35.0
3977333714,2016-04-12 21:00:00,291.0
3977333714,2016-04-12 22:00:00,115.0
3977333714,2016-04-12 23:00:00,110.0
3977333714,2016-04-13 00:00:00,43.0
3977333714,2016-04-13 01:00:00,0.0
3977333714,2016-04-13 02:00:00,8.0
3977333714,2016-04-13 03:00:00,0.0
3977333714,2016-04-13 04:00:00,0.0
3977333714,2016-04-13 05:00:00,0.0
3977333714,2016-04-13 06:00:00,9.0
3977333714,2016-04-13 07:00:00,31.0
3977333714,2016-04-13 08:00:00,34.0
3977333714,2016-04-13 09:00:00,16.0
3977333714,2016-04-13 10:00:00,65.0
3977333714,2016-04-13 11:00:00,51.0
3977333714,2016-04-13 12:00:00,40.0
3977333714,2016-04-13 13:00:00,180.0
3977333714,2016-04-13 14:00:00,419.0
3977333714,2016-04-13 15:00:00,612.0
3977333714,2016-04-13 16:00:00,498.0
3977333714,2016-04-13 17:00:00,3916.0
3977333714,2016-04-13 18:00:00,2511.0
3977333714,2016-04-13 19:00:00,607.0
3977333714,2016-04-13 20:00:00,4.0
3977333714,2016-04-13 21:00:00,406.0
3977333714,2016-04-13 22:00:00,175.0
3977333714,2016-04-13 23:00:00,410.0
3977333714,2016-04-14 00:00:00,40.0
3977333714,2016-04-14 01:00:00,76.0
3977333714,2016-04-14 02:00:00,0.0
3977333714,2016-04-14 03:00:00,0.0
3977333714,2016-04-14 04:00:00,0.0
3977333714,2016-04-14 05:00:00,6.0
3977333714,2016-04-14 06:00:00,0.0
3977333714,2016-04-14 07:00:00,0.0
3977333714,2016-04-14 08:00:00,116.0
3977333714,2016-04-14 09:00:00,338.0
3977333714,2016-04-14 10:00:00,1508.0
3977333714,2016-04-14 11:00:00,1344.0
3977333714,2016-04-14 12:00:00,144.0
3977333714,2016-04-14 13:00:00,831.0
3977333714,2016-04-14 14:00:00,28.0
3977333714,2016-04-14 15:00:00,0.0
3977333714,2016-04-14 16:00:00,280.0
3977333714,2016-04-14 17:00:00,2136.0
3977333714,2016-04-14 18:00:00,437.0
3977333714,2016-04-14 19:00:00,100.0
3977333714,2016-04-14 20:00:00,121.0
3977333714,2016-04-14 21:00:00,136.0
3977333714,2016-04-14 22:00:00,0.0
3977333714,2016-04-14 23:00:00,0.0
3977333714,2016-04-15 00:00:00,115.0
3977333714,2016-04-15 01:00:00,202.0
3977333714,2016-04-15 02:00:00,43.0
3977333714,2016-04-15 03:00:00,0.0
3977333714,2016-04-15 04:00:00,0.0
3977333714,2016-04-15 05:00:00,0.0
3977333714,2016-04-15 06:00:00,0.0
3977333714,2016-04-15 07:00:00,11.0
3977333714,2016-04-15 08:00:00,14.0
3977333714,2016-04-15 09:00:00,0.0
3977333714,2016-04-15 10:00:00,4.0
3977333714,2016-04-15 11:00:00,394.0
3977333714,2016-04-15 12:00:00,237.0
3977333714,2016-04-15 13:00:00,7.0
3977333714,2016-04-15 14:00:00,412.0
3977333714,2016-04-15 15:00:00,616.0
3977333714,2016-04-15 16:00:00,2600.0
3977333714,2016-04-15 17:00:00,1401.0
3977333714,2016-04-15 18:00:00,1541.0
3977333714,2016-04-15 19:00:00,593.0
3977333714,2016-04-15 20:00:00,0.0
3977333714,2016-04-15 21:00:00,10.0
3977333714,2016-04-15 22:00:00,195.0
3977333714,2016-04-15 23:00:00,615.0
3977333714,2016-04-16 00:00:00,13.0
3977333714,2016-04-16 01:00:00,0.0
3977333714,2016-04-16 02:00:00,0.0
3977333714,2016-04-16 03:00:00,0.0
3977333714,2016-04-16 04:00:00,0.0
3977333714,2016-04-16 05:00:00,17.0
3977333714,2016-04-16 06:00:00,0.0
3977333714,2016-04-16 07:00:00,0.0
3977333714,2016-04-16 08:00:00,17.0
3977333714,2016-04-16 09:00:00,46.0
3977333714,2016-04-16 10:00:00,97.0
3977333714,2016-04-16 11:00:00,3172.0
3977333714,2016-04-16 12:00:00,2896.0
3977333714,2016-04-16 13:00:00,1953.0
3977333714,2016-04-16 14:00:00,1141.0
3977333714,2016-04-16 15:00:00,38.0
3977333714,2016-04-16 16:00:00,121.0
3977333714,2016-04-16 17:00:00,2639.0
3977333714,2016-04-16 18:00:00,284.0
3977333714,2016-04-16 19:00:00,337.0
3977333714,2016-04-16 20:00:00,0.0
3977333714,2016-04-16 21:00:00,5.0
3977333714,2016-04-16 22:00:00,552.0
3977333714,2016-04-16 23:00:00,131.0
3977333714,2016-04-17 00:00:00,10.0
3977333714,2016-04-17 01:00:00,0.0
3977333714,2016-04-17 02:00:00,0.0
3977333714,2016-04-17 03:00:00,0.0
3977333714,2016-04-17 04:00:00,0.0
3977333714,2016-04-17 05:00:00,0.0
3977333714,2016-04-17 06:00:00,15.0
3977333714,2016-04-17 07:00:00,0.0
3977333714,2016-04-17 08:00:00,0.0
3977333714,2016-04-17 09:00:00,87.0
3977333714,2016-04-17 10:00:00,347.0
3977333714,2016-04-17 11:00:00,154.0
3977333714,2016-04-17 12:00:00,167.0
3977333714,2016-04-17 13:00:00,262.0
3977333714,2016-04-17 14:00:00,551.0
3977333714,2016-04-17 15:00:00,616.0
3977333714,2016-04-17 16:00:00,495.0
3977333714,2016-04-17 17:00:00,3389.0
3977333714,2016-04-17 18:00:00,1024.0
3977333714,2016-04-17 19:00:00,2339.0
3977333714,2016-04-17 20:00:00,90.0
3977333714,2016-04-17 21:00:00,509.0
3977333714,2016-04-17 22:00:00,360.0
3977333714,2016-04-17 23:00:00,0.0
3977333714,2016-04-18 00:00:00,8.0
3977333714,2016-04-18 01:00:00,0.0
3977333714,2016-04-18 02:00:00,0.0
3977333714,2016-04-18 03:00:00,0.0
3977333714,2016-04-18 04:00:00,0.0
3977333714,2016-04-18 05:00:00,9.0
3977333714,2016-04-18 06:00:00,0.0
3977333714,2016-04-18 07:00:00,0.0
3977333714,2016-04-18 08:00:00,30.0
3977333714,2016-04-18 09:00:00,36.0
3977333714,2016-04-18 10:00:00,0.0
3977333714,2016-04-18 11:00:00,144.0
3977333714,2016-04-18 12:00:00,857.0
3977333714,2016-04-18 13:00:00,2644.0
3977333714,2016-04-18 14:00:00,2287.0
3977333714,2016-04-18 15:00:00,58.0
3977333714,2016-04-18 16:00:00,522.0
3977333714,2016-04-18 17:00:00,777.0
3977333714,2016-04-18 18:00:00,1761.0
3977333714,2016-04-18 19:00:00,1135.0
3977333714,2016-04-18 20:00:00,1163.0
3977333714,2016-04-18 21:00:00,6.0
3977333714,2016-04-18 22:00:00,217.0
3977333714,2016-04-18 23:00:00,9.0
3977333714,2016-04-19 00:00:00,7.0
3977333714,2016-04-19 01:00:00,25.0
3977333714,2016-04-19 02:00:00,0.0
3977333714,2016-04-19 03:00:00,14.0
3977333714,2016-04-19 04:00:00,0.0
3977333714,2016-04-19 05:00:00,0.0
3977333714,2016-04-19 06:00:00,0.0
3977333714,2016-04-19 07:00:00,0.0
3977333714,2016-04-19 08:00:00,50.0
3977333714,2016-04-19 09:00:00,0.0
3977333714,2016-04-19 10:00:00,0.0
3977333714,2016-04-19 11:00:00,122.0
3977333714,2016-04-19 12:00:00,1011.0
3977333714,2016-04-19 13:00:00,1494.0
3977333714,2016-04-19 14:00:00,344.0
3977333714,2016-04-19 15:00:00,1842.0
3977333714,2016-04-19 16:00:00,2133.0
3977333714,2016-04-19 17:00:00,115.0
3977333714,2016-04-19 18:00:00,141.0
3977333714,2016-04-19 19:00:00,44.0
3977333714,2016-04-19 20:00:00,833.0
3977333714,2016-04-19 21:00:00,464.0
3977333714,2016-04-19 22:00:00,292.0
3977333714,2016-04-19 23:00:00,3326.0
3977333714,2016-04-20 00:00:00,358.0
3977333714,2016-04-20 01:00:00,0.0
3977333714,2016-04-20 02:00:00,0.0
3977333714,2016-04-20 03:00:00,0.0
3977333714,2016-04-20 04:00:00,0.0
3977333714,2016-04-20 05:00:00,7.0
3977333714,2016-04-20 06:00:00,0.0
3977333714,2016-04-20 07:00:00,0.0
3977333714,2016-04-20 08:00:00,16.0
3977333714,2016-04-20 09:00:00,0.0
3977333714,2016-04-20 10:00:00,767.0
3977333714,2016-04-20 11:00:00,951.0
3977333714,2016-04-20 12:00:00,0.0
3977333714,2016-04-20 13:00:00,566.0
3977333714,2016-04-20 14:00:00,468.0
3977333714,2016-04-20 15:00:00,625.0
3977333714,2016-04-20 16:00:00,243.0
3977333714,2016-04-20 17:00:00,106.0
3977333714,2016-04-20 18:00:00,475.0
3977333714,2016-04-20 19:00:00,3110.0
3977333714,2016-04-20 20:00:00,3485.0
3977333714,2016-04-20 21:00:00,469.0
3977333714,2016-04-20 22:00:00,0.0
3977333714,2016-04-20 23:00:00,12.0
3977333714,2016-04-21 00:00:00,15.0
3977333714,2016-04-21 01:00:00,0.0
3977333714,2016-04-21 02:00:00,11.0
3977333714,2016-04-21 03:00:00,0.0
3977333714,2016-04-21 04:00:00,0.0
3977333714,2016-04-21 05:00:00,0.0
3977333714,2016-04-21 06:00:00,4.0
3977333714,2016-04-21 07:00:00,7.0
3977333714,2016-04-21 08:00:00,929.0
3977333714,2016-04-21 09:00:00,110.0
3977333714,2016-04-21 10:00:00,854.0
3977333714,2016-04-21 11:00:00,532.0
3977333714,2016-04-21 12:00:00,129.0
3977333714,2016-04-21 13:00:00,938.0
3977333714,2016-04-21 14:00:00,38.0
3977333714,2016-04-21 15:00:00,312.0
3977333714,2016-04-21 16:00:00,746.0
3977333714,2016-04-21 17:00:00,259.0
3977333714,2016-04-21 18:00:00,327.0
3977333714,2016-04-21 19:00:00,709.0
3977333714,2016-04-21 20:00:00,25.0
3977333714,2016-04-21 21:00:00,74.0
3977333714,2016-04-21 22:00:00,31.0
3977333714,2016-04-21 23:00:00,22.0
3977333714,2016-04-22 00:00:00,141.0
3977333714,2016-04-22 01:00:00,166.0
3977333714,2016-04-22 02:00:00,0.0
3977333714,2016-04-22 03:00:00,9.0
3977333714,2016-04-22 04:00:00,0.0
3977333714,2016-04-22 05:00:00,12.0
3977333714,2016-04-22 06:00:00,17.0
3977333714,2016-04-22 07:00:00,0.0
3977333714,2016-04-22 08:00:00,0.0
3977333714,2016-04-22 09:00:00,354.0
3977333714,2016-04-22 10:00:00,712.0
3977333714,2016-04-22 11:00:00,928.0
3977333714,2016-04-22 12:00:00,128.0
3977333714,2016-04-22 13:00:00,3771.0
3977333714,2016-04-22 14:00:00,1553.0
3977333714,2016-04-22 15:00:00,240.0
3977333714,2016-04-22 16:00:00,100.0
3977333714,2016-04-22 17:00:00,92.0
3977333714,2016-04-22 18:00:00,18.0
3977333714,2016-04-22 19:00:00,312.0
3977333714,2016-04-22 20:00:00,256.0
3977333714,2016-04-22 21:00:00,0.0
3977333714,2016-04-22 22:00:00,102.0
3977333714,2016-04-22 23:00:00,0.0
3977333714,2016-04-23 00:00:00,101.0
3977333714,2016-04-23 01:00:00,28.0
3977333714,2016-04-23 02:00:00,0.0
3977333714,2016-04-23 03:00:00,0.0
3977333714,2016-04-23 04:00:00,0.0
3977333714,2016-04-23 05:00:00,8.0
3977333714,2016-04-23 06:00:00,0.0
3977333714,2016-04-23 07:00:00,254.0
3977333714,2016-04-23 08:00:00,390.0
3977333714,2016-04-23 09:00:00,432.0
3977333714,2016-04-23 10:00:00,285.0
3977333714,2016-04-23 11:00:00,480.0
3977333714,2016-04-23 12:00:00,208.0
3977333714,2016-04-23 13:00:00,958.0
3977333714,2016-04-23 14:00:00,787.0
3977333714,2016-04-23 15:00:00,524.0
3977333714,2016-04-23 16:00:00,443.0
3977333714,2016-04-23 17:00:00,304.0
3977333714,2016-04-23 18:00:00,7.0
3977333714,2016-04-23 19:00:00,9.0
3977333714,2016-04-23 20:00:00,807.0
3977333714,2016-04-23 21:00:00,3872.0
3977333714,2016-04-23 22:00:00,2161.0
3977333714,2016-04-23 23:00:00,0.0
3977333714,2016-04-24 00:00:00,39.0
3977333714,2016-04-24 01:00:00,0.0
3977333714,2016-04-24 02:00:00,0.0
3977333714,2016-04-24 03:00:00,0.0
3977333714,2016-04-24 04:00:00,0.0
3977333714,2016-04-24 05:00:00,0.0
3977333714,2016-04-24 06:00:00,0.0
3977333714,2016-04-24 07:00:00,8.0
3977333714,2016-04-24 08:00:00,0.0
3977333714,2016-04-24 09:00:00,50.0
3977333714,2016-04-24 10:00:00,177.0
3977333714,2016-04-24 11:00:00,0.0
3977333714,2016-04-24 12:00:00,92.0
3977333714,2016-04-24 13:00:00,491.0
3977333714,2016-04-24 14:00:00,3850.0
3977333714,2016-04-24 15:00:00,2988.0
3977333714,2016-04-24 16:00:00,1185.0
3977333714,2016-04-24 17:00:00,384.0
3977333714,2016-04-24 18:00:00,178.0
3977333714,2016-04-24 19:00:00,26.0
3977333714,2016-04-24 20:00:00,4.0
3977333714,2016-04-24 21:00:00,89.0
3977333714,2016-04-24 22:00:00,2997.0
3977333714,2016-04-24 23:00:00,1554.0
3977333714,2016-04-25 00:00:00,96.0
3977333714,2016-04-25 01:00:00,0.0
3977333714,2016-04-25 02:00:00,8.0
3977333714,2016-04-25 03:00:00,0.0
3977333714,2016-04-25 04:00:00,0.0
3977333714,2016-04-25 05:00:00,0.0
3977333714,2016-04-25 06:00:00,0.0
3977333714,2016-04-25 07:00:00,0.0
3977333714,2016-04-25 08:00:00,0.0
3977333714,2016-04-25 09:00:00,47.0
3977333714,2016-04-25 10:00:00,366.0
3977333714,2016-04-25 11:00:00,66.0
3977333714,2016-04-25 12:00:00,208.0
3977333714,2016-04-25 13:00:00,317.0
3977333714,2016-04-25 14:00:00,492.0
3977333714,2016-04-25 15:00:00,194.0
3977333714,2016-04-25 16:00:00,296.0
3977333714,2016-04-25 17:00:00,0.0
3977333714,2016-04-25 18:00:00,75.0
3977333714,2016-04-25 19:00:00,80.0
3977333714,2016-04-25 20:00:00,3868.0
3977333714,2016-04-25 21:00:00,4240.0
3977333714,2016-04-25 22:00:00,667.0
3977333714,2016-04-25 23:00:00,148.0
3977333714,2016-04-26 00:00:00,0.0
3977333714,2016-04-26 01:00:00,12.0
3977333714,2016-04-26 02:00:00,70.0
3977333714,2016-04-26 03:00:00,63.0
3977333714,2016-04-26 04:00:00,4.0
3977333714,2016-04-26 05:00:00,0.0
3977333714,2016-04-26 06:00:00,0.0
3977333714,2016-04-26 07:00:00,0.0
3977333714,2016-04-26 08:00:00,14.0
3977333714,2016-04-26 09:00:00,60.0
3977333714,2016-04-26 10:00:00,436.0
3977333714,2016-04-26 11:00:00,573.0
3977333714,2016-04-26 12:00:00,424.0
3977333714,2016-04-26 13:00:00,0.0
3977333714,2016-04-26 14:00:00,91.0
3977333714,2016-04-26 15:00:00,468.0
3977333714,2016-04-26 16:00:00,301.0
3977333714,2016-04-26 17:00:00,455.0
3977333714,2016-04-26 18:00:00,523.0
3977333714,2016-04-26 19:00:00,677.0
3977333714,2016-04-26 20:00:00,3382.0
3977333714,2016-04-26 21:00:00,1946.0
3977333714,2016-04-26 22:00:00,1889.0
3977333714,2016-04-26 23:00:00,0.0
3977333714,2016-04-27 00:00:00,42.0
3977333714,2016-04-27 01:00:00,0.0
3977333714,2016-04-27 02:00:00,0.0
3977333714,2016-04-27 03:00:00,7.0
3977333714,2016-04-27 04:00:00,0.0
3977333714,2016-04-27 05:00:00,0.0
3977333714,2016-04-27 06:00:00,0.0
3977333714,2016-04-27 07:00:00,0.0
3977333714,2016-04-27 08:00:00,7.0
3977333714,2016-04-27 09:00:00,53.0
3977333714,2016-04-27 10:00:00,926.0
3977333714,2016-04-27 11:00:00,354.0
3977333714,2016-04-27 12:00:00,85.0
3977333714,2016-04-27 13:00:00,261.0
3977333714,2016-04-27 14:00:00,385.0
3977333714,2016-04-27 15:00:00,0.0
3977333714,2016-04-27 16:00:00,426.0
3977333714,2016-04-27 17:00:00,22.0
3977333714,2016-04-27 18:00:00,1286.0
3977333714,2016-04-27 19:00:00,79.0
3977333714,2016-04-27 20:00:00,258.0
3977333714,2016-04-27 21:00:00,114.0
3977333714,2016-04-27 22:00:00,2543.0
3977333714,2016-04-27 23:00:00,345.0
3977333714,2016-04-28 00:00:00,547.0
3977333714,2016-04-28 01:00:00,353.0
3977333714,2016-04-28 02:00:00,0.0
3977333714,2016-04-28 03:00:00,10.0
3977333714,2016-04-28 04:00:00,4.0
3977333714,2016-04-28 05:00:00,0.0
3977333714,2016-04-28 06:00:00,0.0
3977333714,2016-04-28 07:00:00,0.0
3977333714,2016-04-28 08:00:00,0.0
3977333714,2016-04-28 09:00:00,60.0
3977333714,2016-04-28 10:00:00,995.0
3977333714,2016-04-28 11:00:00,250.0
3977333714,2016-04-28 12:00:00,198.0
3977333714,2016-04-28 13:00:00,711.0
3977333714,2016-04-28 14:00:00,657.0
3977333714,2016-04-28 15:00:00,389.0
3977333714,2016-04-28 16:00:00,2522.0
3977333714,2016-04-28 17:00:00,34.0
3977333714,2016-04-28 18:00:00,41.0
3977333714,2016-04-28 19:00:00,57.0
3977333714,2016-04-28 20:00:00,61.0
3977333714,2016-04-28 21:00:00,37.0
3977333714,2016-04-28 22:00:00,61.0
3977333714,2016-04-28 23:00:00,127.0
3977333714,2016-04-29 00:00:00,130.0
3977333714,2016-04-29 01:00:00,0.0
3977333714,2016-04-29 02:00:00,15.0
3977333714,2016-04-29 03:00:00,0.0
3977333714,2016-04-29 04:00:00,0.0
3977333714,2016-04-29 05:00:00,0.0
3977333714,2016-04-29 06:00:00,10.0
3977333714,2016-04-29 07:00:00,0.0
3977333714,2016-04-29 08:00:00,14.0
3977333714,2016-04-29 09:00:00,15.0
3977333714,2016-04-29 10:00:00,1268.0
3977333714,2016-04-29 11:00:00,351.0
3977333714,2016-04-29 12:00:00,202.0
3977333714,2016-04-29 13:00:00,54.0
3977333714,2016-04-29 14:00:00,211.0
3977333714,2016-04-29 15:00:00,134.0
3977333714,2016-04-29 16:00:00,197.0
3977333714,2016-04-29 17:00:00,354.0
3977333714,2016-04-29 18:00:00,320.0
3977333714,2016-04-29 19:00:00,3673.0
3977333714,2016-04-29 20:00:00,773.0
3977333714,2016-04-29 21:00:00,18.0
3977333714,2016-04-29 22:00:00,2435.0
3977333714,2016-04-29 23:00:00,471.0
3977333714,2016-04-30 00:00:00,108.0
3977333714,2016-04-30 01:00:00,0.0
3977333714,2016-04-30 02:00:00,7.0
3977333714,2016-04-30 03:00:00,0.0
3977333714,2016-04-30 04:00:00,0.0
3977333714,2016-04-30 05:00:00,18.0
3977333714,2016-04-30 06:00:00,384.0
3977333714,2016-04-30 07:00:00,692.0
3977333714,2016-04-30 08:00:00,920.0
3977333714,2016-04-30 09:00:00,67.0
3977333714,2016-04-30 10:00:00,58.0
3977333714,2016-04-30 11:00:00,1744.0
3977333714,2016-04-30 12:00:00,196.0
3977333714,2016-04-30 13:00:00,463.0
3977333714,2016-04-30 14:00:00,228.0
3977333714,2016-04-30 15:00:00,9.0
3977333714,2016-04-30 16:00:00,449.0
3977333714,2016-04-30 17:00:00,2292.0
3977333714,2016-04-30 18:00:00,510.0
3977333714,2016-04-30 19:00:00,2939.0
3977333714,2016-04-30 20:00:00,1540.0
3977333714,2016-04-30 21:00:00,510.0
3977333714,2016-04-30 22:00:00,69.0
3977333714,2016-04-30 23:00:00,35.0
3977333714,2016-05-01 00:00:00,0.0
3977333714,2016-05-01 01:00:00,9.0
3977333714,2016-05-01 02:00:00,0.0
3977333714,2016-05-01 03:00:00,21.0
3977333714,2016-05-01 04:00:00,0.0
3977333714,2016-05-01 05:00:00,0.0
3977333714,2016-05-01 06:00:00,0.0
3977333714,2016-05-01 07:00:00,0.0
3977333714,2016-05-01 08:00:00,0.0
3977333714,2016-05-01 09:00:00,139.0
3977333714,2016-05-01 10:00:00,322.0
3977333714,2016-05-01 11:00:00,505.0
3977333714,2016-05-01 12:00:00,993.0
3977333714,2016-05-01 13:00:00,582.0
3977333714,2016-05-01 14:00:00,109.0
3977333714,2016-05-01 15:00:00,72.0
3977333714,2016-05-01 16:00:00,13.0
3977333714,2016-05-01 17:00:00,43.0
3977333714,2016-05-01 18:00:00,2425.0
3977333714,2016-05-01 19:00:00,5020.0
3977333714,2016-05-01 20:00:00,39.0
3977333714,2016-05-01 21:00:00,0.0
3977333714,2016-05-01 22:00:00,27.0
3977333714,2016-05-01 23:00:00,95.0
3977333714,2016-05-02 00:00:00,84.0
3977333714,2016-05-02 01:00:00,0.0
3977333714,2016-05-02 02:00:00,0.0
3977333714,2016-05-02 03:00:00,0.0
3977333714,2016-05-02 04:00:00,16.0
3977333714,2016-05-02 05:00:00,0.0
3977333714,2016-05-02 06:00:00,20.0
3977333714,2016-05-02 07:00:00,125.0
3977333714,2016-05-02 08:00:00,328.0
3977333714,2016-05-02 09:00:00,21.0
3977333714,2016-05-02 10:00:00,24.0
3977333714,2016-05-02 11:00:00,37.0
3977333714,2016-05-02 12:00:00,55.0
3977333714,2016-05-02 13:00:00,1797.0
3977333714,2016-05-02 14:00:00,3487.0
3977333714,2016-05-02 15:00:00,270.0
3977333714,2016-05-02 16:00:00,217.0
3977333714,2016-05-02 17:00:00,835.0
3977333714,2016-05-02 18:00:00,3409.0
3977333714,2016-05-02 19:00:00,585.0
3977333714,2016-05-02 20:00:00,2670.0
3977333714,2016-05-02 21:00:00,2333.0
3977333714,2016-05-02 22:00:00,114.0
3977333714,2016-05-02 23:00:00,93.0
3977333714,2016-05-03 00:00:00,28.0
3977333714,2016-05-03 01:00:00,0.0
3977333714,2016-05-03 02:00:00,0.0
3977333714,2016-05-03 03:00:00,0.0
3977333714,2016-05-03 04:00:00,0.0
3977333714,2016-05-03 05:00:00,6.0
3977333714,2016-05-03 06:00:00,0.0
3977333714,2016-05-03 07:00:00,0.0
3977333714,2016-05-03 08:00:00,0.0
3977333714,2016-05-03 09:00:00,794.0
3977333714,2016-05-03 10:00:00,704.0
3977333714,2016-05-03 11:00:00,2177.0
3977333714,2016-05-03 12:00:00,112.0
3977333714,2016-05-03 13:00:00,7.0
3977333714,2016-05-03 14:00:00,1523.0
3977333714,2016-05-03 15:00:00,28.0
3977333714,2016-05-03 16:00:00,865.0
3977333714,2016-05-03 17:00:00,404.0
3977333714,2016-05-03 18:00:00,1330.0
3977333714,2016-05-03 19:00:00,105.0
3977333714,2016-05-03 20:00:00,26.0
3977333714,2016-05-03 21:00:00,974.0
3977333714,2016-05-03 22:00:00,3950.0
3977333714,2016-05-03 23:00:00,1302.0
3977333714,2016-05-04 00:00:00,22.0
3977333714,2016-05-04 01:00:00,0.0
3977333714,2016-05-04 02:00:00,38.0
3977333714,2016-05-04 03:00:00,0.0
3977333714,2016-05-04 04:00:00,0.0
3977333714,2016-05-04 05:00:00,0.0
3977333714,2016-05-04 06:00:00,7.0
3977333714,2016-05-04 07:00:00,7.0
3977333714,2016-05-04 08:00:00,806.0
3977333714,2016-05-04 09:00:00,393.0
3977333714,2016-05-04 10:00:00,1182.0
3977333714,2016-05-04 11:00:00,305.0
3977333714,2016-05-04 12:00:00,453.0
3977333714,2016-05-04 13:00:00,336.0
3977333714,2016-05-04 14:00:00,14.0
3977333714,2016-05-04 15:00:00,581.0
3977333714,2016-05-04 16:00:00,23.0
3977333714,2016-05-04 17:00:00,93.0
3977333714,2016-05-04 18:00:00,12.0
3977333714,2016-05-04 19:00:00,224.0
3977333714,2016-05-04 20:00:00,54.0
3977333714,2016-05-04 21:00:00,29.0
3977333714,2016-05-04 22:00:00,3380.0
3977333714,2016-05-04 23:00:00,5414.0
3977333714,2016-05-05 00:00:00,593.0
3977333714,2016-05-05 01:00:00,0.0
3977333714,2016-05-05 02:00:00,0.0
3977333714,2016-05-05 03:00:00,16.0
3977333714,2016-05-05 04:00:00,0.0
3977333714,2016-05-05 05:00:00,0.0
3977333714,2016-05-05 06:00:00,0.0
3977333714,2016-05-05 07:00:00,17.0
3977333714,2016-05-05 08:00:00,7.0
3977333714,2016-05-05 09:00:00,267.0
3977333714,2016-05-05 10:00:00,485.0
3977333714,2016-05-05 11:00:00,618.0
3977333714,2016-05-05 12:00:00,234.0
3977333714,2016-05-05 13:00:00,325.0
3977333714,2016-05-05 14:00:00,214.0
3977333714,2016-05-05 15:00:00,89.0
3977333714,2016-05-05 16:00:00,381.0
3977333714,2016-05-05 17:00:00,34.0
3977333714,2016-05-05 18:00:00,232.0
3977333714,2016-05-05 19:00:00,20.0
3977333714,2016-05-05 20:00:00,277.0
3977333714,2016-05-05 21:00:00,2470.0
3977333714,2016-05-05 22:00:00,3792.0
3977333714,2016-05-05 23:00:00,2241.0
3977333714,2016-05-06 00:00:00,27.0
3977333714,2016-05-06 01:00:00,0.0
3977333714,2016-05-06 02:00:00,0.0
3977333714,2016-05-06 03:00:00,0.0
3977333714,2016-05-06 04:00:00,0.0
3977333714,2016-05-06 05:00:00,0.0
3977333714,2016-05-06 06:00:00,0.0
3977333714,2016-05-06 07:00:00,7.0
3977333714,2016-05-06 08:00:00,0.0
3977333714,2016-05-06 09:00:00,205.0
3977333714,2016-05-06 10:00:00,51.0
3977333714,2016-05-06 11:00:00,107.0
3977333714,2016-05-06 12:00:00,127.0
3977333714,2016-05-06 13:00:00,89.0
3977333714,2016-05-06 14:00:00,945.0
3977333714,2016-05-06 15:00:00,266.0
3977333714,2016-05-06 16:00:00,169.0
3977333714,2016-05-06 17:00:00,269.0
3977333714,2016-05-06 18:00:00,552.0
3977333714,2016-05-06 19:00:00,4873.0
3977333714,2016-05-06 20:00:00,3514.0
3977333714,2016-05-06 21:00:00,0.0
3977333714,2016-05-06 22:00:00,403.0
3977333714,2016-05-06 23:00:00,73.0
3977333714,2016-05-07 00:00:00,21.0
3977333714,2016-05-07 01:00:00,17.0
3977333714,2016-05-07 02:00:00,0.0
3977333714,2016-05-07 03:00:00,13.0
3977333714,2016-05-07 04:00:00,6.0
3977333714,2016-05-07 05:00:00,0.0
3977333714,2016-05-07 06:00:00,5.0
3977333714,2016-05-07 07:00:00,0.0
3977333714,2016-05-07 08:00:00,0.0
3977333714,2016-05-07 09:00:00,9.0
3977333714,2016-05-07 10:00:00,151.0
3977333714,2016-05-07 11:00:00,40.0
3977333714,2016-05-07 12:00:00,104.0
3977333714,2016-05-07 13:00:00,733.0
3977333714,2016-05-07 14:00:00,1165.0
3977333714,2016-05-07 15:00:00,712.0
3977333714,2016-05-07 16:00:00,609.0
3977333714,2016-05-07 17:00:00,312.0
3977333714,2016-05-07 18:00:00,1024.0
3977333714,2016-05-07 19:00:00,3895.0
3977333714,2016-05-07 20:00:00,2636.0
3977333714,2016-05-07 21:00:00,82.0
3977333714,2016-05-07 22:00:00,0.0
3977333714,2016-05-07 23:00:00,16.0
3977333714,2016-05-08 00:00:00,4.0
3977333714,2016-05-08 01:00:00,0.0
3977333714,2016-05-08 02:00:00,0.0
3977333714,2016-05-08 03:00:00,0.0
3977333714,2016-05-08 04:00:00,0.0
3977333714,2016-05-08 05:00:00,0.0
3977333714,2016-05-08 06:00:00,0.0
3977333714,2016-05-08 07:00:00,5.0
3977333714,2016-05-08 08:00:00,14.0
3977333714,2016-05-08 09:00:00,10.0
3977333714,2016-05-08 10:00:00,859.0
3977333714,2016-05-08 11:00:00,275.0
3977333714,2016-05-08 12:00:00,833.0
3977333714,2016-05-08 13:00:00,174.0
3977333714,2016-05-08 14:00:00,0.0
3977333714,2016-05-08 15:00:00,160.0
3977333714,2016-05-08 16:00:00,582.0
3977333714,2016-05-08 17:00:00,807.0
3977333714,2016-05-08 18:00:00,92.0
3977333714,2016-05-08 19:00:00,301.0
3977333714,2016-05-08 20:00:00,1247.0
3977333714,2016-05-08 21:00:00,2018.0
3977333714,2016-05-08 22:00:00,2647.0
3977333714,2016-05-08 23:00:00,3557.0
3977333714,2016-05-09 00:00:00,150.0
3977333714,2016-05-09 01:00:00,0.0
3977333714,2016-05-09 02:00:00,0.0
3977333714,2016-05-09 03:00:00,0.0
3977333714,2016-05-09 04:00:00,0.0
3977333714,2016-05-09 05:00:00,0.0
3977333714,2016-05-09 06:00:00,0.0
3977333714,2016-05-09 07:00:00,0.0
3977333714,2016-05-09 08:00:00,0.0
3977333714,2016-05-09 09:00:00,0.0
3977333714,2016-05-09 10:00:00,463.0
3977333714,2016-05-09 11:00:00,65.0
3977333714,2016-05-09 12:00:00,314.0
3977333714,2016-05-09 13:00:00,418.0
3977333714,2016-05-09 14:00:00,448.0
3977333714,2016-05-09 15:00:00,162.0
3977333714,2016-05-09 16:00:00,82.0
3977333714,2016-05-09 17:00:00,0.0
3977333714,2016-05-09 18:00:00,825.0
3977333714,2016-05-09 19:00:00,391.0
3977333714,2016-05-09 20:00:00,233.0
3977333714,2016-05-09 21:00:00,3282.0
3977333714,2016-05-09 22:00:00,2928.0
3977333714,2016-05-09 23:00:00,4752.0
3977333714,2016-05-10 00:00:00,418.0
3977333714,2016-05-10 01:00:00,0.0
3977333714,2016-05-10 02:00:00,0.0
3977333714,2016-05-10 03:00:00,0.0
3977333714,2016-05-10 04:00:00,10.0
3977333714,2016-05-10 05:00:00,0.0
3977333714,2016-05-10 06:00:00,0.0
3977333714,2016-05-10 07:00:00,9.0
3977333714,2016-05-10 08:00:00,355.0
3977333714,2016-05-10 09:00:00,529.0
3977333714,2016-05-10 10:00:00,0.0
3977333714,2016-05-10 11:00:00,0.0
3977333714,2016-05-10 12:00:00,0.0
3977333714,2016-05-10 13:00:00,0.0
3977333714,2016-05-10 14:00:00,679.0
3977333714,2016-05-10 15:00:00,352.0
3977333714,2016-05-10 16:00:00,218.0
3977333714,2016-05-10 17:00:00,653.0
3977333714,2016-05-10 18:00:00,299.0
3977333714,2016-05-10 19:00:00,320.0
3977333714,2016-05-10 20:00:00,92.0
3977333714,2016-05-10 21:00:00,2574.0
3977333714,2016-05-10 22:00:00,2583.0
3977333714,2016-05-10 23:00:00,3981.0
4020332650,2016-04-12 00:00:00,0.0
4020332650,2016-04-12 01:00:00,0.0
4020332650,2016-04-12 02:00:00,0.0
4020332650,2016-04-12 03:00:00,0.0
4020332650,2016-04-12 04:00:00,8.0
4020332650,2016-04-12 05:00:00,0.0
4020332650,2016-04-12 06:00:00,52.0
4020332650,2016-04-12 07:00:00,190.0
4020332650,2016-04-12 08:00:00,126.0
4020332650,2016-04-12 09:00:00,740.0
4020332650,2016-04-12 10:00:00,559.0
4020332650,2016-04-12 11:00:00,886.0
4020332650,2016-04-12 12:00:00,1002.0
4020332650,2016-04-12 13:00:00,251.0
4020332650,2016-04-12 14:00:00,442.0
4020332650,2016-04-12 15:00:00,729.0
4020332650,2016-04-12 16:00:00,406.0
4020332650,2016-04-12 17:00:00,448.0
4020332650,2016-04-12 18:00:00,268.0
4020332650,2016-04-12 19:00:00,594.0
4020332650,2016-04-12 20:00:00,675.0
4020332650,2016-04-12 21:00:00,36.0
4020332650,2016-04-12 22:00:00,1077.0
4020332650,2016-04-12 23:00:00,0.0
4020332650,2016-04-13 00:00:00,0.0
4020332650,2016-04-13 01:00:00,0.0
4020332650,2016-04-13 02:00:00,0.0
4020332650,2016-04-13 03:00:00,0.0
4020332650,2016-04-13 04:00:00,0.0
4020332650,2016-04-13 05:00:00,0.0
4020332650,2016-04-13 06:00:00,0.0
4020332650,2016-04-13 07:00:00,0.0
4020332650,2016-04-13 08:00:00,0.0
4020332650,2016-04-13 09:00:00,0.0
4020332650,2016-04-13 10:00:00,0.0
4020332650,2016-04-13 11:00:00,0.0
4020332650,2016-04-13 12:00:00,0.0
4020332650,2016-04-13 13:00:00,0.0
4020332650,2016-04-13 14:00:00,0.0
4020332650,2016-04-13 15:00:00,0.0
4020332650,2016-04-13 16:00:00,0.0
4020332650,2016-04-13 17:00:00,0.0
4020332650,2016-04-13 18:00:00,0.0
4020332650,2016-04-13 19:00:00,0.0
4020332650,2016-04-13 20:00:00,0.0
4020332650,2016-04-13 21:00:00,0.0
4020332650,2016-04-13 22:00:00,0.0
4020332650,2016-04-13 23:00:00,0.0
4020332650,2016-04-14 00:00:00,0.0
4020332650,2016-04-14 01:00:00,0.0
4020332650,2016-04-14 02:00:00,0.0
4020332650,2016-04-14 03:00:00,0.0
4020332650,2016-04-14 04:00:00,0.0
4020332650,2016-04-14 05:00:00,0.0
4020332650,2016-04-14 06:00:00,0.0
4020332650,2016-04-14 07:00:00,0.0
4020332650,2016-04-14 08:00:00,0.0
4020332650,2016-04-14 09:00:00,17.0
4020332650,2016-04-14 10:00:00,0.0
4020332650,2016-04-14 11:00:00,0.0
4020332650,2016-04-14 12:00:00,0.0
4020332650,2016-04-14 13:00:00,0.0
4020332650,2016-04-14 14:00:00,21.0
4020332650,2016-04-14 15:00:00,0.0
4020332650,2016-04-14 16:00:00,0.0
4020332650,2016-04-14 17:00:00,0.0
4020332650,2016-04-14 18:00:00,0.0
4020332650,2016-04-14 19:00:00,0.0
4020332650,2016-04-14 20:00:00,0.0
4020332650,2016-04-14 21:00:00,0.0
4020332650,2016-04-14 22:00:00,0.0
4020332650,2016-04-14 23:00:00,0.0
4020332650,2016-04-15 00:00:00,0.0
4020332650,2016-04-15 01:00:00,0.0
4020332650,2016-04-15 02:00:00,0.0
4020332650,2016-04-15 03:00:00,0.0
4020332650,2016-04-15 04:00:00,0.0
4020332650,2016-04-15 05:00:00,0.0
4020332650,2016-04-15 06:00:00,0.0
4020332650,2016-04-15 07:00:00,0.0
4020332650,2016-04-15 08:00:00,0.0
4020332650,2016-04-15 09:00:00,52.0
4020332650,2016-04-15 10:00:00,0.0
4020332650,2016-04-15 11:00:00,4.0
4020332650,2016-04-15 12:00:00,0.0
4020332650,2016-04-15 13:00:00,0.0
4020332650,2016-04-15 14:00:00,0.0
4020332650,2016-04-15 15:00:00,0.0
4020332650,2016-04-15 16:00:00,0.0
4020332650,2016-04-15 17:00:00,22.0
4020332650,2016-04-15 18:00:00,455.0
4020332650,2016-04-15 19:00:00,343.0
4020332650,2016-04-15 20:00:00,338.0
4020332650,2016-04-15 21:00:00,455.0
4020332650,2016-04-15 22:00:00,204.0
4020332650,2016-04-15 23:00:00,0.0
4020332650,2016-04-16 00:00:00,0.0
4020332650,2016-04-16 01:00:00,0.0
4020332650,2016-04-16 02:00:00,0.0
4020332650,2016-04-16 03:00:00,0.0
4020332650,2016-04-16 04:00:00,0.0
4020332650,2016-04-16 05:00:00,0.0
4020332650,2016-04-16 06:00:00,0.0
4020332650,2016-04-16 07:00:00,1838.0
4020332650,2016-04-16 08:00:00,13.0
4020332650,2016-04-16 09:00:00,118.0
4020332650,2016-04-16 10:00:00,0.0
4020332650,2016-04-16 11:00:00,0.0
4020332650,2016-04-16 12:00:00,0.0
4020332650,2016-04-16 13:00:00,0.0
4020332650,2016-04-16 14:00:00,0.0
4020332650,2016-04-16 15:00:00,0.0
4020332650,2016-04-16 16:00:00,0.0
4020332650,2016-04-16 17:00:00,0.0
4020332650,2016-04-16 18:00:00,0.0
4020332650,2016-04-16 19:00:00,0.0
4020332650,2016-04-16 20:00:00,0.0
4020332650,2016-04-16 21:00:00,0.0
4020332650,2016-04-16 22:00:00,0.0
4020332650,2016-04-16 23:00:00,0.0
4020332650,2016-04-17 00:00:00,0.0
4020332650,2016-04-17 01:00:00,0.0
4020332650,2016-04-17 02:00:00,0.0
4020332650,2016-04-17 03:00:00,0.0
4020332650,2016-04-17 04:00:00,0.0
4020332650,2016-04-17 05:00:00,0.0
4020332650,2016-04-17 06:00:00,0.0
4020332650,2016-04-17 07:00:00,0.0
4020332650,2016-04-17 08:00:00,0.0
4020332650,2016-04-17 09:00:00,0.0
4020332650,2016-04-17 10:00:00,0.0
4020332650,2016-04-17 11:00:00,0.0
4020332650,2016-04-17 12:00:00,0.0
4020332650,2016-04-17 13:00:00,0.0
4020332650,2016-04-17 14:00:00,0.0
4020332650,2016-04-17 15:00:00,0.0
4020332650,2016-04-17 16:00:00,0.0
4020332650,2016-04-17 17:00:00,0.0
4020332650,2016-04-17 18:00:00,0.0
4020332650,2016-04-17 19:00:00,0.0
4020332650,2016-04-17 20:00:00,7.0
4020332650,2016-04-17 21:00:00,0.0
4020332650,2016-04-17 22:00:00,0.0
4020332650,2016-04-17 23:00:00,0.0
4020332650,2016-04-18 00:00:00,0.0
4020332650,2016-04-18 01:00:00,0.0
4020332650,2016-04-18 02:00:00,0.0
4020332650,2016-04-18 03:00:00,0.0
4020332650,2016-04-18 04:00:00,0.0
4020332650,2016-04-18 05:00:00,0.0
4020332650,2016-04-18 06:00:00,0.0
4020332650,2016-04-18 07:00:00,0.0
4020332650,2016-04-18 08:00:00,62.0
4020332650,2016-04-18 09:00:00,0.0
4020332650,2016-04-18 10:00:00,0.0
4020332650,2016-04-18 11:00:00,0.0
4020332650,2016-04-18 12:00:00,0.0
4020332650,2016-04-18 13:00:00,0.0
4020332650,2016-04-18 14:00:00,0.0
4020332650,2016-04-18 15:00:00,0.0
4020332650,2016-04-18 16:00:00,0.0
4020332650,2016-04-18 17:00:00,0.0
4020332650,2016-04-18 18:00:00,0.0
4020332650,2016-04-18 19:00:00,0.0
4020332650,2016-04-18 20:00:00,0.0
4020332650,2016-04-18 21:00:00,0.0
4020332650,2016-04-18 22:00:00,0.0
4020332650,2016-04-18 23:00:00,0.0
4020332650,2016-04-19 00:00:00,0.0
4020332650,2016-04-19 01:00:00,0.0
4020332650,2016-04-19 02:00:00,0.0
4020332650,2016-04-19 03:00:00,0.0
4020332650,2016-04-19 04:00:00,0.0
4020332650,2016-04-19 05:00:00,0.0
4020332650,2016-04-19 06:00:00,0.0
4020332650,2016-04-19 07:00:00,0.0
4020332650,2016-04-19 08:00:00,0.0
4020332650,2016-04-19 09:00:00,0.0
4020332650,2016-04-19 10:00:00,0.0
4020332650,2016-04-19 11:00:00,0.0
4020332650,2016-04-19 12:00:00,0.0
4020332650,2016-04-19 13:00:00,0.0
4020332650,2016-04-19 14:00:00,0.0
4020332650,2016-04-19 15:00:00,0.0
4020332650,2016-04-19 16:00:00,0.0
4020332650,2016-04-19 17:00:00,0.0
4020332650,2016-04-19 18:00:00,0.0
4020332650,2016-04-19 19:00:00,0.0
4020332650,2016-04-19 20:00:00,0.0
4020332650,2016-04-19 21:00:00,0.0
4020332650,2016-04-19 22:00:00,0.0
4020332650,2016-04-19 23:00:00,0.0
4020332650,2016-04-20 00:00:00,0.0
4020332650,2016-04-20 01:00:00,0.0
4020332650,2016-04-20 02:00:00,0.0
4020332650,2016-04-20 03:00:00,0.0
4020332650,2016-04-20 04:00:00,0.0
4020332650,2016-04-20 05:00:00,0.0
4020332650,2016-04-20 06:00:00,0.0
4020332650,2016-04-20 07:00:00,0.0
4020332650,2016-04-20 08:00:00,0.0
4020332650,2016-04-20 09:00:00,0.0
4020332650,2016-04-20 10:00:00,0.0
4020332650,2016-04-20 11:00:00,0.0
4020332650,2016-04-20 12:00:00,0.0
4020332650,2016-04-20 13:00:00,0.0
4020332650,2016-04-20 14:00:00,0.0
4020332650,2016-04-20 15:00:00,0.0
4020332650,2016-04-20 16:00:00,0.0
4020332650,2016-04-20 17:00:00,0.0
4020332650,2016-04-20 18:00:00,0.0
4020332650,2016-04-20 19:00:00,0.0
4020332650,2016-04-20 20:00:00,0.0
4020332650,2016-04-20 21:00:00,0.0
4020332650,2016-04-20 22:00:00,0.0
4020332650,2016-04-20 23:00:00,0.0
4020332650,2016-04-21 00:00:00,0.0
4020332650,2016-04-21 01:00:00,0.0
4020332650,2016-04-21 02:00:00,0.0
4020332650,2016-04-21 03:00:00,0.0
4020332650,2016-04-21 04:00:00,0.0
4020332650,2016-04-21 05:00:00,0.0
4020332650,2016-04-21 06:00:00,0.0
4020332650,2016-04-21 07:00:00,0.0
4020332650,2016-04-21 08:00:00,0.0
4020332650,2016-04-21 09:00:00,0.0
4020332650,2016-04-21 10:00:00,0.0
4020332650,2016-04-21 11:00:00,0.0
4020332650,2016-04-21 12:00:00,0.0
4020332650,2016-04-21 13:00:00,0.0
4020332650,2016-04-21 14:00:00,0.0
4020332650,2016-04-21 15:00:00,0.0
4020332650,2016-04-21 16:00:00,0.0
4020332650,2016-04-21 17:00:00,0.0
4020332650,2016-04-21 18:00:00,0.0
4020332650,2016-04-21 19:00:00,0.0
4020332650,2016-04-21 20:00:00,0.0
4020332650,2016-04-21 21:00:00,0.0
4020332650,2016-04-21 22:00:00,0.0
4020332650,2016-04-21 23:00:00,0.0
4020332650,2016-04-22 00:00:00,0.0
4020332650,2016-04-22 01:00:00,0.0
4020332650,2016-04-22 02:00:00,0.0
4020332650,2016-04-22 03:00:00,0.0
4020332650,2016-04-22 04:00:00,0.0
4020332650,2016-04-22 05:00:00,0.0
4020332650,2016-04-22 06:00:00,0.0
4020332650,2016-04-22 07:00:00,0.0
4020332650,2016-04-22 08:00:00,0.0
4020332650,2016-04-22 09:00:00,0.0
4020332650,2016-04-22 10:00:00,0.0
4020332650,2016-04-22 11:00:00,0.0
4020332650,2016-04-22 12:00:00,0.0
4020332650,2016-04-22 13:00:00,0.0
4020332650,2016-04-22 14:00:00,0.0
4020332650,2016-04-22 15:00:00,0.0
4020332650,2016-04-22 16:00:00,0.0
4020332650,2016-04-22 17:00:00,0.0
4020332650,2016-04-22 18:00:00,0.0
4020332650,2016-04-22 19:00:00,0.0
4020332650,2016-04-22 20:00:00,0.0
4020332650,2016-04-22 21:00:00,0.0
4020332650,2016-04-22 22:00:00,0.0
4020332650,2016-04-22 23:00:00,0.0
4020332650,2016-04-23 00:00:00,0.0
4020332650,2016-04-23 01:00:00,0.0
4020332650,2016-04-23 02:00:00,0.0
4020332650,2016-04-23 03:00:00,0.0
4020332650,2016-04-23 04:00:00,0.0
4020332650,2016-04-23 05:00:00,0.0
4020332650,2016-04-23 06:00:00,0.0
4020332650,2016-04-23 07:00:00,0.0
4020332650,2016-04-23 08:00:00,0.0
4020332650,2016-04-23 09:00:00,0.0
4020332650,2016-04-23 10:00:00,0.0
4020332650,2016-04-23 11:00:00,0.0
4020332650,2016-04-23 12:00:00,0.0
4020332650,2016-04-23 13:00:00,0.0
4020332650,2016-04-23 14:00:00,0.0
4020332650,2016-04-23 15:00:00,0.0
4020332650,2016-04-23 16:00:00,0.0
4020332650,2016-04-23 17:00:00,0.0
4020332650,2016-04-23 18:00:00,0.0
4020332650,2016-04-23 19:00:00,0.0
4020332650,2016-04-23 20:00:00,0.0
4020332650,2016-04-23 21:00:00,0.0
4020332650,2016-04-23 22:00:00,0.0
4020332650,2016-04-23 23:00:00,0.0
4020332650,2016-04-24 00:00:00,0.0
4020332650,2016-04-24 01:00:00,0.0
4020332650,2016-04-24 02:00:00,0.0
4020332650,2016-04-24 03:00:00,0.0
4020332650,2016-04-24 04:00:00,0.0
4020332650,2016-04-24 05:00:00,0.0
4020332650,2016-04-24 06:00:00,0.0
4020332650,2016-04-24 07:00:00,0.0
4020332650,2016-04-24 08:00:00,0.0
4020332650,2016-04-24 09:00:00,0.0
4020332650,2016-04-24 10:00:00,0.0
4020332650,2016-04-24 11:00:00,0.0
4020332650,2016-04-24 12:00:00,0.0
4020332650,2016-04-24 13:00:00,0.0
4020332650,2016-04-24 14:00:00,0.0
4020332650,2016-04-24 15:00:00,0.0
4020332650,2016-04-24 16:00:00,0.0
4020332650,2016-04-24 17:00:00,0.0
4020332650,2016-04-24 18:00:00,0.0
4020332650,2016-04-24 19:00:00,0.0
4020332650,2016-04-24 20:00:00,0.0
4020332650,2016-04-24 21:00:00,0.0
4020332650,2016-04-24 22:00:00,0.0
4020332650,2016-04-24 23:00:00,0.0
4020332650,2016-04-25 00:00:00,0.0
4020332650,2016-04-25 01:00:00,0.0
4020332650,2016-04-25 02:00:00,0.0
4020332650,2016-04-25 03:00:00,0.0
4020332650,2016-04-25 04:00:00,0.0
4020332650,2016-04-25 05:00:00,0.0
4020332650,2016-04-25 06:00:00,0.0
4020332650,2016-04-25 07:00:00,0.0
4020332650,2016-04-25 08:00:00,0.0
4020332650,2016-04-25 09:00:00,0.0
4020332650,2016-04-25 10:00:00,0.0
4020332650,2016-04-25 11:00:00,0.0
4020332650,2016-04-25 12:00:00,0.0
4020332650,2016-04-25 13:00:00,0.0
4020332650,2016-04-25 14:00:00,0.0
4020332650,2016-04-25 15:00:00,0.0
4020332650,2016-04-25 16:00:00,0.0
4020332650,2016-04-25 17:00:00,0.0
4020332650,2016-04-25 18:00:00,0.0
4020332650,2016-04-25 19:00:00,0.0
4020332650,2016-04-25 20:00:00,0.0
4020332650,2016-04-25 21:00:00,0.0
4020332650,2016-04-25 22:00:00,0.0
4020332650,2016-04-25 23:00:00,0.0
4020332650,2016-04-26 00:00:00,0.0
4020332650,2016-04-26 01:00:00,0.0
4020332650,2016-04-26 02:00:00,0.0
4020332650,2016-04-26 03:00:00,0.0
4020332650,2016-04-26 04:00:00,0.0
4020332650,2016-04-26 05:00:00,0.0
4020332650,2016-04-26 06:00:00,0.0
4020332650,2016-04-26 07:00:00,0.0
4020332650,2016-04-26 08:00:00,0.0
4020332650,2016-04-26 09:00:00,0.0
4020332650,2016-04-26 10:00:00,0.0
4020332650,2016-04-26 11:00:00,0.0
4020332650,2016-04-26 12:00:00,0.0
4020332650,2016-04-26 13:00:00,0.0
4020332650,2016-04-26 14:00:00,0.0
4020332650,2016-04-26 15:00:00,0.0
4020332650,2016-04-26 16:00:00,0.0
4020332650,2016-04-26 17:00:00,0.0
4020332650,2016-04-26 18:00:00,0.0
4020332650,2016-04-26 19:00:00,0.0
4020332650,2016-04-26 20:00:00,0.0
4020332650,2016-04-26 21:00:00,0.0
4020332650,2016-04-26 22:00:00,0.0
4020332650,2016-04-26 23:00:00,0.0
4020332650,2016-04-27 00:00:00,0.0
4020332650,2016-04-27 01:00:00,0.0
4020332650,2016-04-27 02:00:00,0.0
4020332650,2016-04-27 03:00:00,0.0
4020332650,2016-04-27 04:00:00,0.0
4020332650,2016-04-27 05:00:00,0.0
4020332650,2016-04-27 06:00:00,0.0
4020332650,2016-04-27 07:00:00,0.0
4020332650,2016-04-27 08:00:00,0.0
4020332650,2016-04-27 09:00:00,0.0
4020332650,2016-04-27 10:00:00,0.0
4020332650,2016-04-27 11:00:00,0.0
4020332650,2016-04-27 12:00:00,0.0
4020332650,2016-04-27 13:00:00,0.0
4020332650,2016-04-27 14:00:00,0.0
4020332650,2016-04-27 15:00:00,0.0
4020332650,2016-04-27 16:00:00,0.0
4020332650,2016-04-27 17:00:00,0.0
4020332650,2016-04-27 18:00:00,0.0
4020332650,2016-04-27 19:00:00,0.0
4020332650,2016-04-27 20:00:00,0.0
4020332650,2016-04-27 21:00:00,0.0
4020332650,2016-04-27 22:00:00,0.0
4020332650,2016-04-27 23:00:00,0.0
4020332650,2016-04-28 00:00:00,0.0
4020332650,2016-04-28 01:00:00,0.0
4020332650,2016-04-28 02:00:00,0.0
4020332650,2016-04-28 03:00:00,0.0
4020332650,2016-04-28 04:00:00,0.0
4020332650,2016-04-28 05:00:00,0.0
4020332650,2016-04-28 06:00:00,0.0
4020332650,2016-04-28 07:00:00,0.0
4020332650,2016-04-28 08:00:00,0.0
4020332650,2016-04-28 09:00:00,0.0
4020332650,2016-04-28 10:00:00,0.0
4020332650,2016-04-28 11:00:00,0.0
4020332650,2016-04-28 12:00:00,0.0
4020332650,2016-04-28 13:00:00,0.0
4020332650,2016-04-28 14:00:00,0.0
4020332650,2016-04-28 15:00:00,0.0
4020332650,2016-04-28 16:00:00,0.0
4020332650,2016-04-28 17:00:00,0.0
4020332650,2016-04-28 18:00:00,0.0
4020332650,2016-04-28 19:00:00,0.0
4020332650,2016-04-28 20:00:00,0.0
4020332650,2016-04-28 21:00:00,0.0
4020332650,2016-04-28 22:00:00,0.0
4020332650,2016-04-28 23:00:00,0.0
4020332650,2016-04-29 00:00:00,0.0
4020332650,2016-04-29 01:00:00,0.0
4020332650,2016-04-29 02:00:00,0.0
4020332650,2016-04-29 03:00:00,0.0
4020332650,2016-04-29 04:00:00,0.0
4020332650,2016-04-29 05:00:00,0.0
4020332650,2016-04-29 06:00:00,0.0
4020332650,2016-04-29 07:00:00,0.0
4020332650,2016-04-29 08:00:00,0.0
4020332650,2016-04-29 09:00:00,0.0
4020332650,2016-04-29 10:00:00,0.0
4020332650,2016-04-29 11:00:00,0.0
4020332650,2016-04-29 12:00:00,0.0
4020332650,2016-04-29 13:00:00,0.0
4020332650,2016-04-29 14:00:00,0.0
4020332650,2016-04-29 15:00:00,0.0
4020332650,2016-04-29 16:00:00,0.0
4020332650,2016-04-29 17:00:00,0.0
4020332650,2016-04-29 18:00:00,0.0
4020332650,2016-04-29 19:00:00,0.0
4020332650,2016-04-29 20:00:00,0.0
4020332650,2016-04-29 21:00:00,0.0
4020332650,2016-04-29 22:00:00,0.0
4020332650,2016-04-29 23:00:00,0.0
4020332650,2016-04-30 00:00:00,0.0
4020332650,2016-04-30 01:00:00,0.0
4020332650,2016-04-30 02:00:00,0.0
4020332650,2016-04-30 03:00:00,0.0
4020332650,2016-04-30 04:00:00,0.0
4020332650,2016-04-30 05:00:00,0.0
4020332650,2016-04-30 06:00:00,0.0
4020332650,2016-04-30 07:00:00,0.0
4020332650,2016-04-30 08:00:00,0.0
4020332650,2016-04-30 09:00:00,0.0
4020332650,2016-04-30 10:00:00,0.0
4020332650,2016-04-30 11:00:00,0.0
4020332650,2016-04-30 12:00:00,0.0
4020332650,2016-04-30 13:00:00,0.0
4020332650,2016-04-30 14:00:00,0.0
4020332650,2016-04-30 15:00:00,0.0
4020332650,2016-04-30 16:00:00,0.0
4020332650,2016-04-30 17:00:00,0.0
4020332650,2016-04-30 18:00:00,0.0
4020332650,2016-04-30 19:00:00,0.0
4020332650,2016-04-30 20:00:00,0.0
4020332650,2016-04-30 21:00:00,0.0
4020332650,2016-04-30 22:00:00,0.0
4020332650,2016-04-30 23:00:00,0.0
4020332650,2016-05-01 00:00:00,0.0
4020332650,2016-05-01 01:00:00,0.0
4020332650,2016-05-01 02:00:00,0.0
4020332650,2016-05-01 03:00:00,0.0
4020332650,2016-05-01 04:00:00,0.0
4020332650,2016-05-01 05:00:00,0.0
4020332650,2016-05-01 06:00:00,0.0
4020332650,2016-05-01 07:00:00,0.0
4020332650,2016-05-01 08:00:00,0.0
4020332650,2016-05-01 09:00:00,0.0
4020332650,2016-05-01 10:00:00,0.0
4020332650,2016-05-01 11:00:00,0.0
4020332650,2016-05-01 12:00:00,0.0
4020332650,2016-05-01 13:00:00,0.0
4020332650,2016-05-01 14:00:00,0.0
4020332650,2016-05-01 15:00:00,0.0
4020332650,2016-05-01 16:00:00,0.0
4020332650,2016-05-01 17:00:00,0.0
4020332650,2016-05-01 18:00:00,0.0
4020332650,2016-05-01 19:00:00,0.0
4020332650,2016-05-01 20:00:00,0.0
4020332650,2016-05-01 21:00:00,0.0
4020332650,2016-05-01 22:00:00,0.0
4020332650,2016-05-01 23:00:00,0.0
4020332650,2016-05-02 00:00:00,0.0
4020332650,2016-05-02 01:00:00,0.0
4020332650,2016-05-02 02:00:00,0.0
4020332650,2016-05-02 03:00:00,0.0
4020332650,2016-05-02 04:00:00,0.0
4020332650,2016-05-02 05:00:00,0.0
4020332650,2016-05-02 06:00:00,0.0
4020332650,2016-05-02 07:00:00,0.0
4020332650,2016-05-02 08:00:00,0.0
4020332650,2016-05-02 09:00:00,0.0
4020332650,2016-05-02 10:00:00,0.0
4020332650,2016-05-02 11:00:00,0.0
4020332650,2016-05-02 12:00:00,0.0
4020332650,2016-05-02 13:00:00,0.0
4020332650,2016-05-02 14:00:00,0.0
4020332650,2016-05-02 15:00:00,0.0
4020332650,2016-05-02 16:00:00,0.0
4020332650,2016-05-02 17:00:00,0.0
4020332650,2016-05-02 18:00:00,0.0
4020332650,2016-05-02 19:00:00,0.0
4020332650,2016-05-02 20:00:00,167.0
4020332650,2016-05-02 21:00:00,127.0
4020332650,2016-05-02 22:00:00,110.0
4020332650,2016-05-02 23:00:00,61.0
4020332650,2016-05-03 00:00:00,0.0
4020332650,2016-05-03 01:00:00,0.0
4020332650,2016-05-03 02:00:00,0.0
4020332650,2016-05-03 03:00:00,0.0
4020332650,2016-05-03 04:00:00,48.0
4020332650,2016-05-03 05:00:00,0.0
4020332650,2016-05-03 06:00:00,0.0
4020332650,2016-05-03 07:00:00,0.0
4020332650,2016-05-03 08:00:00,230.0
4020332650,2016-05-03 09:00:00,44.0
4020332650,2016-05-03 10:00:00,0.0
4020332650,2016-05-03 11:00:00,334.0
4020332650,2016-05-03 12:00:00,17.0
4020332650,2016-05-03 13:00:00,0.0
4020332650,2016-05-03 14:00:00,53.0
4020332650,2016-05-03 15:00:00,426.0
4020332650,2016-05-03 16:00:00,883.0
4020332650,2016-05-03 17:00:00,265.0
4020332650,2016-05-03 18:00:00,651.0
4020332650,2016-05-03 19:00:00,107.0
4020332650,2016-05-03 20:00:00,303.0
4020332650,2016-05-03 21:00:00,664.0
4020332650,2016-05-03 22:00:00,410.0
4020332650,2016-05-03 23:00:00,30.0
4020332650,2016-05-04 00:00:00,0.0
4020332650,2016-05-04 01:00:00,347.0
4020332650,2016-05-04 02:00:00,0.0
4020332650,2016-05-04 03:00:00,0.0
4020332650,2016-05-04 04:00:00,0.0
4020332650,2016-05-04 05:00:00,17.0
4020332650,2016-05-04 06:00:00,0.0
4020332650,2016-05-04 07:00:00,0.0
4020332650,2016-05-04 08:00:00,272.0
4020332650,2016-05-04 09:00:00,128.0
4020332650,2016-05-04 10:00:00,222.0
4020332650,2016-05-04 11:00:00,40.0
4020332650,2016-05-04 12:00:00,592.0
4020332650,2016-05-04 13:00:00,603.0
4020332650,2016-05-04 14:00:00,567.0
4020332650,2016-05-04 15:00:00,330.0
4020332650,2016-05-04 16:00:00,1552.0
4020332650,2016-05-04 17:00:00,794.0
4020332650,2016-05-04 18:00:00,839.0
4020332650,2016-05-04 19:00:00,451.0
4020332650,2016-05-04 20:00:00,882.0
4020332650,2016-05-04 21:00:00,677.0
4020332650,2016-05-04 22:00:00,827.0
4020332650,2016-05-04 23:00:00,1054.0
4020332650,2016-05-05 00:00:00,62.0
4020332650,2016-05-05 01:00:00,5.0
4020332650,2016-05-05 02:00:00,0.0
4020332650,2016-05-05 03:00:00,0.0
4020332650,2016-05-05 04:00:00,81.0
4020332650,2016-05-05 05:00:00,0.0
4020332650,2016-05-05 06:00:00,0.0
4020332650,2016-05-05 07:00:00,0.0
4020332650,2016-05-05 08:00:00,0.0
4020332650,2016-05-05 09:00:00,0.0
4020332650,2016-05-05 10:00:00,0.0
4020332650,2016-05-05 11:00:00,0.0
4020332650,2016-05-05 12:00:00,0.0
4020332650,2016-05-05 13:00:00,0.0
4020332650,2016-05-05 14:00:00,373.0
4020332650,2016-05-05 15:00:00,13.0
4020332650,2016-05-05 16:00:00,2737.0
4020332650,2016-05-05 17:00:00,689.0
4020332650,2016-05-05 18:00:00,1953.0
4020332650,2016-05-05 19:00:00,716.0
4020332650,2016-05-05 20:00:00,980.0
4020332650,2016-05-05 21:00:00,1197.0
4020332650,2016-05-05 22:00:00,2192.0
4020332650,2016-05-05 23:00:00,715.0
4020332650,2016-05-06 00:00:00,49.0
4020332650,2016-05-06 01:00:00,0.0
4020332650,2016-05-06 02:00:00,0.0
4020332650,2016-05-06 03:00:00,0.0
4020332650,2016-05-06 04:00:00,0.0
4020332650,2016-05-06 05:00:00,0.0
4020332650,2016-05-06 06:00:00,0.0
4020332650,2016-05-06 07:00:00,256.0
4020332650,2016-05-06 08:00:00,577.0
4020332650,2016-05-06 09:00:00,1001.0
4020332650,2016-05-06 10:00:00,833.0
4020332650,2016-05-06 11:00:00,431.0
4020332650,2016-05-06 12:00:00,263.0
4020332650,2016-05-06 13:00:00,114.0
4020332650,2016-05-06 14:00:00,304.0
4020332650,2016-05-06 15:00:00,288.0
4020332650,2016-05-06 16:00:00,241.0
4020332650,2016-05-06 17:00:00,0.0
4020332650,2016-05-06 18:00:00,0.0
4020332650,2016-05-06 19:00:00,0.0
4020332650,2016-05-06 20:00:00,0.0
4020332650,2016-05-06 21:00:00,0.0
4020332650,2016-05-06 22:00:00,0.0
4020332650,2016-05-06 23:00:00,0.0
4020332650,2016-05-07 00:00:00,0.0
4020332650,2016-05-07 01:00:00,0.0
4020332650,2016-05-07 02:00:00,0.0
4020332650,2016-05-07 03:00:00,0.0
4020332650,2016-05-07 04:00:00,0.0
4020332650,2016-05-07 05:00:00,0.0
4020332650,2016-05-07 06:00:00,0.0
4020332650,2016-05-07 07:00:00,0.0
4020332650,2016-05-07 08:00:00,209.0
4020332650,2016-05-07 09:00:00,811.0
4020332650,2016-05-07 10:00:00,106.0
4020332650,2016-05-07 11:00:00,307.0
4020332650,2016-05-07 12:00:00,204.0
4020332650,2016-05-07 13:00:00,372.0
4020332650,2016-05-07 14:00:00,101.0
4020332650,2016-05-07 15:00:00,688.0
4020332650,2016-05-07 16:00:00,10.0
4020332650,2016-05-07 17:00:00,438.0
4020332650,2016-05-07 18:00:00,199.0
4020332650,2016-05-07 19:00:00,540.0
4020332650,2016-05-07 20:00:00,538.0
4020332650,2016-05-07 21:00:00,192.0
4020332650,2016-05-07 22:00:00,290.0
4020332650,2016-05-07 23:00:00,0.0
4020332650,2016-05-08 00:00:00,79.0
4020332650,2016-05-08 01:00:00,0.0
4020332650,2016-05-08 02:00:00,184.0
4020332650,2016-05-08 03:00:00,0.0
4020332650,2016-05-08 04:00:00,0.0
4020332650,2016-05-08 05:00:00,0.0
4020332650,2016-05-08 06:00:00,0.0
4020332650,2016-05-08 07:00:00,149.0
4020332650,2016-05-08 08:00:00,396.0
4020332650,2016-05-08 09:00:00,286.0
4020332650,2016-05-08 10:00:00,509.0
4020332650,2016-05-08 11:00:00,493.0
4020332650,2016-05-08 12:00:00,322.0
4020332650,2016-05-08 13:00:00,218.0
4020332650,2016-05-08 14:00:00,291.0
4020332650,2016-05-08 15:00:00,422.0
4020332650,2016-05-08 16:00:00,608.0
4020332650,2016-05-08 17:00:00,571.0
4020332650,2016-05-08 18:00:00,507.0
4020332650,2016-05-08 19:00:00,348.0
4020332650,2016-05-08 20:00:00,257.0
4020332650,2016-05-08 21:00:00,136.0
4020332650,2016-05-08 22:00:00,19.0
4020332650,2016-05-08 23:00:00,17.0
4020332650,2016-05-09 00:00:00,0.0
4020332650,2016-05-09 01:00:00,0.0
4020332650,2016-05-09 02:00:00,0.0
4020332650,2016-05-09 03:00:00,0.0
4020332650,2016-05-09 04:00:00,0.0
4020332650,2016-05-09 05:00:00,0.0
4020332650,2016-05-09 06:00:00,0.0
4020332650,2016-05-09 07:00:00,0.0
4020332650,2016-05-09 08:00:00,0.0
4020332650,2016-05-09 09:00:00,0.0
4020332650,2016-05-09 10:00:00,0.0
4020332650,2016-05-09 11:00:00,0.0
4020332650,2016-05-09 12:00:00,0.0
4020332650,2016-05-09 13:00:00,0.0
4020332650,2016-05-09 14:00:00,694.0
4020332650,2016-05-09 15:00:00,319.0
4020332650,2016-05-09 16:00:00,379.0
4020332650,2016-05-09 17:00:00,845.0
4020332650,2016-05-09 18:00:00,537.0
4020332650,2016-05-09 19:00:00,656.0
4020332650,2016-05-09 20:00:00,591.0
4020332650,2016-05-09 21:00:00,191.0
4020332650,2016-05-09 22:00:00,158.0
4020332650,2016-05-09 23:00:00,186.0
4020332650,2016-05-10 00:00:00,0.0
4020332650,2016-05-10 01:00:00,0.0
4020332650,2016-05-10 02:00:00,180.0
4020332650,2016-05-10 03:00:00,0.0
4020332650,2016-05-10 04:00:00,0.0
4020332650,2016-05-10 05:00:00,14.0
4020332650,2016-05-10 06:00:00,12.0
4020332650,2016-05-10 07:00:00,223.0
4020332650,2016-05-10 08:00:00,198.0
4020332650,2016-05-10 09:00:00,30.0
4020332650,2016-05-10 10:00:00,346.0
4020332650,2016-05-10 11:00:00,550.0
4020332650,2016-05-10 12:00:00,765.0
4020332650,2016-05-10 13:00:00,118.0
4020332650,2016-05-10 14:00:00,79.0
4020332650,2016-05-10 15:00:00,773.0
4020332650,2016-05-10 16:00:00,1131.0
4020332650,2016-05-10 17:00:00,557.0
4020332650,2016-05-10 18:00:00,0.0
4020332650,2016-05-10 19:00:00,155.0
4020332650,2016-05-10 20:00:00,205.0
4020332650,2016-05-10 21:00:00,0.0
4020332650,2016-05-10 22:00:00,138.0
4020332650,2016-05-10 23:00:00,0.0
4020332650,2016-05-11 00:00:00,0.0
4020332650,2016-05-11 01:00:00,0.0
4020332650,2016-05-11 02:00:00,0.0
4020332650,2016-05-11 03:00:00,0.0
4020332650,2016-05-11 04:00:00,0.0
4020332650,2016-05-11 05:00:00,0.0
4020332650,2016-05-11 06:00:00,0.0
4020332650,2016-05-11 07:00:00,0.0
4020332650,2016-05-11 08:00:00,0.0
4020332650,2016-05-11 09:00:00,0.0
4020332650,2016-05-11 10:00:00,0.0
4020332650,2016-05-11 11:00:00,34.0
4020332650,2016-05-11 12:00:00,206.0
4020332650,2016-05-11 13:00:00,594.0
4020332650,2016-05-11 14:00:00,527.0
4020332650,2016-05-11 15:00:00,959.0
4020332650,2016-05-11 16:00:00,800.0
4020332650,2016-05-11 17:00:00,543.0
4020332650,2016-05-11 18:00:00,0.0
4020332650,2016-05-11 19:00:00,0.0
4020332650,2016-05-11 20:00:00,0.0
4020332650,2016-05-11 21:00:00,0.0
4020332650,2016-05-11 22:00:00,0.0
4020332650,2016-05-11 23:00:00,0.0
4020332650,2016-05-12 00:00:00,0.0
4020332650,2016-05-12 01:00:00,0.0
4020332650,2016-05-12 02:00:00,0.0
4020332650,2016-05-12 03:00:00,0.0
4020332650,2016-05-12 04:00:00,0.0
4020332650,2016-05-12 05:00:00,0.0
4020332650,2016-05-12 06:00:00,0.0
4020332650,2016-05-12 07:00:00,0.0
4020332650,2016-05-12 08:00:00,0.0
4020332650,2016-05-12 09:00:00,0.0
4020332650,2016-05-12 10:00:00,0.0
4020332650,2016-05-12 11:00:00,257.0
4057192912,2016-04-12 00:00:00,7.0
4057192912,2016-04-12 01:00:00,0.0
4057192912,2016-04-12 02:00:00,0.0
4057192912,2016-04-12 03:00:00,156.0
4057192912,2016-04-12 04:00:00,0.0
4057192912,2016-04-12 05:00:00,0.0
4057192912,2016-04-12 06:00:00,24.0
4057192912,2016-04-12 07:00:00,432.0
4057192912,2016-04-12 08:00:00,729.0
4057192912,2016-04-12 09:00:00,429.0
4057192912,2016-04-12 10:00:00,0.0
4057192912,2016-04-12 11:00:00,411.0
4057192912,2016-04-12 12:00:00,102.0
4057192912,2016-04-12 13:00:00,459.0
4057192912,2016-04-12 14:00:00,306.0
4057192912,2016-04-12 15:00:00,232.0
4057192912,2016-04-12 16:00:00,661.0
4057192912,2016-04-12 17:00:00,154.0
4057192912,2016-04-12 18:00:00,632.0
4057192912,2016-04-12 19:00:00,501.0
4057192912,2016-04-12 20:00:00,125.0
4057192912,2016-04-12 21:00:00,11.0
4057192912,2016-04-12 22:00:00,23.0
4057192912,2016-04-12 23:00:00,0.0
4057192912,2016-04-13 00:00:00,0.0
4057192912,2016-04-13 01:00:00,0.0
4057192912,2016-04-13 02:00:00,0.0
4057192912,2016-04-13 03:00:00,0.0
4057192912,2016-04-13 04:00:00,0.0
4057192912,2016-04-13 05:00:00,0.0
4057192912,2016-04-13 06:00:00,0.0
4057192912,2016-04-13 07:00:00,896.0
4057192912,2016-04-13 08:00:00,451.0
4057192912,2016-04-13 09:00:00,977.0
4057192912,2016-04-13 10:00:00,108.0
4057192912,2016-04-13 11:00:00,661.0
4057192912,2016-04-13 12:00:00,172.0
4057192912,2016-04-13 13:00:00,622.0
4057192912,2016-04-13 14:00:00,277.0
4057192912,2016-04-13 15:00:00,79.0
4057192912,2016-04-13 16:00:00,623.0
4057192912,2016-04-13 17:00:00,172.0
4057192912,2016-04-13 18:00:00,581.0
4057192912,2016-04-13 19:00:00,175.0
4057192912,2016-04-13 20:00:00,180.0
4057192912,2016-04-13 21:00:00,0.0
4057192912,2016-04-13 22:00:00,0.0
4057192912,2016-04-13 23:00:00,0.0
4057192912,2016-04-14 00:00:00,0.0
4057192912,2016-04-14 01:00:00,0.0
4057192912,2016-04-14 02:00:00,0.0
4057192912,2016-04-14 03:00:00,0.0
4057192912,2016-04-14 04:00:00,0.0
4057192912,2016-04-14 05:00:00,0.0
4057192912,2016-04-14 06:00:00,0.0
4057192912,2016-04-14 07:00:00,0.0
4057192912,2016-04-14 08:00:00,0.0
4057192912,2016-04-14 09:00:00,0.0
4057192912,2016-04-14 10:00:00,0.0
4057192912,2016-04-14 11:00:00,0.0
4057192912,2016-04-14 12:00:00,0.0
4057192912,2016-04-14 13:00:00,0.0
4057192912,2016-04-14 14:00:00,0.0
4057192912,2016-04-14 15:00:00,0.0
4057192912,2016-04-14 16:00:00,0.0
4057192912,2016-04-14 17:00:00,0.0
4057192912,2016-04-14 18:00:00,0.0
4057192912,2016-04-14 19:00:00,0.0
4057192912,2016-04-14 20:00:00,0.0
4057192912,2016-04-14 21:00:00,0.0
4057192912,2016-04-14 22:00:00,0.0
4057192912,2016-04-14 23:00:00,0.0
4057192912,2016-04-15 00:00:00,0.0
4057192912,2016-04-15 01:00:00,0.0
4057192912,2016-04-15 02:00:00,0.0
4057192912,2016-04-15 03:00:00,0.0
4057192912,2016-04-15 04:00:00,0.0
4057192912,2016-04-15 05:00:00,0.0
4057192912,2016-04-15 06:00:00,0.0
4057192912,2016-04-15 07:00:00,485.0
4057192912,2016-04-15 08:00:00,1115.0
4057192912,2016-04-15 09:00:00,384.0
4057192912,2016-04-15 10:00:00,217.0
4057192912,2016-04-15 11:00:00,761.0
4057192912,2016-04-15 12:00:00,164.0
4057192912,2016-04-15 13:00:00,576.0
4057192912,2016-04-15 14:00:00,147.0
4057192912,2016-04-15 15:00:00,88.0
4319703577,2016-04-12 00:00:00,0.0
4319703577,2016-04-12 01:00:00,0.0
4319703577,2016-04-12 02:00:00,0.0
4319703577,2016-04-12 03:00:00,0.0
4319703577,2016-04-12 04:00:00,0.0
4319703577,2016-04-12 05:00:00,0.0
4319703577,2016-04-12 06:00:00,0.0
4319703577,2016-04-12 07:00:00,0.0
4319703577,2016-04-12 08:00:00,0.0
4319703577,2016-04-12 09:00:00,0.0
4319703577,2016-04-12 10:00:00,0.0
4319703577,2016-04-12 11:00:00,0.0
4319703577,2016-04-12 12:00:00,0.0
4319703577,2016-04-12 13:00:00,0.0
4319703577,2016-04-12 14:00:00,0.0
4319703577,2016-04-12 15:00:00,0.0
4319703577,2016-04-12 16:00:00,0.0
4319703577,2016-04-12 17:00:00,0.0
4319703577,2016-04-12 18:00:00,0.0
4319703577,2016-04-12 19:00:00,0.0
4319703577,2016-04-12 20:00:00,0.0
4319703577,2016-04-12 21:00:00,0.0
4319703577,2016-04-12 22:00:00,0.0
4319703577,2016-04-12 23:00:00,0.0
4319703577,2016-04-13 00:00:00,0.0
4319703577,2016-04-13 01:00:00,0.0
4319703577,2016-04-13 02:00:00,0.0
4319703577,2016-04-13 03:00:00,0.0
4319703577,2016-04-13 04:00:00,0.0
4319703577,2016-04-13 05:00:00,0.0
4319703577,2016-04-13 06:00:00,0.0
4319703577,2016-04-13 07:00:00,0.0
4319703577,2016-04-13 08:00:00,0.0
4319703577,2016-04-13 09:00:00,0.0
4319703577,2016-04-13 10:00:00,0.0
4319703577,2016-04-13 11:00:00,0.0
4319703577,2016-04-13 12:00:00,0.0
4319703577,2016-04-13 13:00:00,0.0
4319703577,2016-04-13 14:00:00,0.0
4319703577,2016-04-13 15:00:00,7.0
4319703577,2016-04-13 16:00:00,759.0
4319703577,2016-04-13 17:00:00,387.0
4319703577,2016-04-13 18:00:00,182.0
4319703577,2016-04-13 19:00:00,1808.0
4319703577,2016-04-13 20:00:00,72.0
4319703577,2016-04-13 21:00:00,0.0
4319703577,2016-04-13 22:00:00,404.0
4319703577,2016-04-13 23:00:00,0.0
4319703577,2016-04-14 00:00:00,0.0
4319703577,2016-04-14 01:00:00,0.0
4319703577,2016-04-14 02:00:00,0.0
4319703577,2016-04-14 03:00:00,0.0
4319703577,2016-04-14 04:00:00,9.0
4319703577,2016-04-14 05:00:00,19.0
4319703577,2016-04-14 06:00:00,0.0
4319703577,2016-04-14 07:00:00,0.0
4319703577,2016-04-14 08:00:00,166.0
4319703577,2016-04-14 09:00:00,346.0
4319703577,2016-04-14 10:00:00,1611.0
4319703577,2016-04-14 11:00:00,764.0
4319703577,2016-04-14 12:00:00,1029.0
4319703577,2016-04-14 13:00:00,302.0
4319703577,2016-04-14 14:00:00,155.0
4319703577,2016-04-14 15:00:00,220.0
4319703577,2016-04-14 16:00:00,724.0
4319703577,2016-04-14 17:00:00,1154.0
4319703577,2016-04-14 18:00:00,720.0
4319703577,2016-04-14 19:00:00,972.0
4319703577,2016-04-14 20:00:00,893.0
4319703577,2016-04-14 21:00:00,63.0
4319703577,2016-04-14 22:00:00,889.0
4319703577,2016-04-14 23:00:00,174.0
4319703577,2016-04-15 00:00:00,0.0
4319703577,2016-04-15 01:00:00,0.0
4319703577,2016-04-15 02:00:00,0.0
4319703577,2016-04-15 03:00:00,0.0
4319703577,2016-04-15 04:00:00,10.0
4319703577,2016-04-15 05:00:00,6.0
4319703577,2016-04-15 06:00:00,5.0
4319703577,2016-04-15 07:00:00,16.0
4319703577,2016-04-15 08:00:00,236.0
4319703577,2016-04-15 09:00:00,0.0
4319703577,2016-04-15 10:00:00,1954.0
4319703577,2016-04-15 11:00:00,257.0
4319703577,2016-04-15 12:00:00,428.0
4319703577,2016-04-15 13:00:00,73.0
4319703577,2016-04-15 14:00:00,614.0
4319703577,2016-04-15 15:00:00,187.0
4319703577,2016-04-15 16:00:00,159.0
4319703577,2016-04-15 17:00:00,4.0
4319703577,2016-04-15 18:00:00,357.0
4319703577,2016-04-15 19:00:00,691.0
4319703577,2016-04-15 20:00:00,126.0
4319703577,2016-04-15 21:00:00,327.0
4319703577,2016-04-15 22:00:00,164.0
4319703577,2016-04-15 23:00:00,50.0
4319703577,2016-04-16 00:00:00,67.0
4319703577,2016-04-16 01:00:00,0.0
4319703577,2016-04-16 02:00:00,0.0
4319703577,2016-04-16 03:00:00,11.0
4319703577,2016-04-16 04:00:00,0.0
4319703577,2016-04-16 05:00:00,0.0
4319703577,2016-04-16 06:00:00,10.0
4319703577,2016-04-16 07:00:00,0.0
4319703577,2016-04-16 08:00:00,0.0
4319703577,2016-04-16 09:00:00,419.0
4319703577,2016-04-16 10:00:00,724.0
4319703577,2016-04-16 11:00:00,873.0
4319703577,2016-04-16 12:00:00,749.0
4319703577,2016-04-16 13:00:00,446.0
4319703577,2016-04-16 14:00:00,263.0
4319703577,2016-04-16 15:00:00,1170.0
4319703577,2016-04-16 16:00:00,0.0
4319703577,2016-04-16 17:00:00,12.0
4319703577,2016-04-16 18:00:00,0.0
4319703577,2016-04-16 19:00:00,0.0
4319703577,2016-04-16 20:00:00,0.0
4319703577,2016-04-16 21:00:00,0.0
4319703577,2016-04-16 22:00:00,0.0
4319703577,2016-04-16 23:00:00,0.0
4319703577,2016-04-17 00:00:00,0.0
4319703577,2016-04-17 01:00:00,0.0
4319703577,2016-04-17 02:00:00,0.0
4319703577,2016-04-17 03:00:00,0.0
4319703577,2016-04-17 04:00:00,0.0
4319703577,2016-04-17 05:00:00,0.0
4319703577,2016-04-17 06:00:00,0.0
4319703577,2016-04-17 07:00:00,0.0
4319703577,2016-04-17 08:00:00,0.0
4319703577,2016-04-17 09:00:00,0.0
4319703577,2016-04-17 10:00:00,0.0
4319703577,2016-04-17 11:00:00,0.0
4319703577,2016-04-17 12:00:00,0.0
4319703577,2016-04-17 13:00:00,0.0
4319703577,2016-04-17 14:00:00,0.0
4319703577,2016-04-17 15:00:00,0.0
4319703577,2016-04-17 16:00:00,0.0
4319703577,2016-04-17 17:00:00,0.0
4319703577,2016-04-17 18:00:00,0.0
4319703577,2016-04-17 19:00:00,0.0
4319703577,2016-04-17 20:00:00,0.0
4319703577,2016-04-17 21:00:00,0.0
4319703577,2016-04-17 22:00:00,16.0
4319703577,2016-04-17 23:00:00,13.0
4319703577,2016-04-18 00:00:00,0.0
4319703577,2016-04-18 01:00:00,0.0
4319703577,2016-04-18 02:00:00,0.0
4319703577,2016-04-18 03:00:00,0.0
4319703577,2016-04-18 04:00:00,0.0
4319703577,2016-04-18 05:00:00,16.0
4319703577,2016-04-18 06:00:00,0.0
4319703577,2016-04-18 07:00:00,0.0
4319703577,2016-04-18 08:00:00,206.0
4319703577,2016-04-18 09:00:00,27.0
4319703577,2016-04-18 10:00:00,1756.0
4319703577,2016-04-18 11:00:00,152.0
4319703577,2016-04-18 12:00:00,0.0
4319703577,2016-04-18 13:00:00,0.0
4319703577,2016-04-18 14:00:00,0.0
4319703577,2016-04-18 15:00:00,0.0
4319703577,2016-04-18 16:00:00,0.0
4319703577,2016-04-18 17:00:00,0.0
4319703577,2016-04-18 18:00:00,13.0
4319703577,2016-04-18 19:00:00,0.0
4319703577,2016-04-18 20:00:00,0.0
4319703577,2016-04-18 21:00:00,0.0
4319703577,2016-04-18 22:00:00,51.0
4319703577,2016-04-18 23:00:00,8.0
4319703577,2016-04-19 00:00:00,0.0
4319703577,2016-04-19 01:00:00,13.0
4319703577,2016-04-19 02:00:00,0.0
4319703577,2016-04-19 03:00:00,33.0
4319703577,2016-04-19 04:00:00,0.0
4319703577,2016-04-19 05:00:00,0.0
4319703577,2016-04-19 06:00:00,0.0
4319703577,2016-04-19 07:00:00,554.0
4319703577,2016-04-19 08:00:00,447.0
4319703577,2016-04-19 09:00:00,42.0
4319703577,2016-04-19 10:00:00,1872.0
4319703577,2016-04-19 11:00:00,923.0
4319703577,2016-04-19 12:00:00,562.0
4319703577,2016-04-19 13:00:00,125.0
4319703577,2016-04-19 14:00:00,551.0
4319703577,2016-04-19 15:00:00,346.0
4319703577,2016-04-19 16:00:00,703.0
4319703577,2016-04-19 17:00:00,313.0
4319703577,2016-04-19 18:00:00,498.0
4319703577,2016-04-19 19:00:00,1332.0
4319703577,2016-04-19 20:00:00,254.0
4319703577,2016-04-19 21:00:00,63.0
4319703577,2016-04-19 22:00:00,294.0
4319703577,2016-04-19 23:00:00,0.0
4319703577,2016-04-20 00:00:00,0.0
4319703577,2016-04-20 01:00:00,0.0
4319703577,2016-04-20 02:00:00,7.0
4319703577,2016-04-20 03:00:00,0.0
4319703577,2016-04-20 04:00:00,0.0
4319703577,2016-04-20 05:00:00,0.0
4319703577,2016-04-20 06:00:00,8.0
4319703577,2016-04-20 07:00:00,580.0
4319703577,2016-04-20 08:00:00,93.0
4319703577,2016-04-20 09:00:00,443.0
4319703577,2016-04-20 10:00:00,1114.0
4319703577,2016-04-20 11:00:00,787.0
4319703577,2016-04-20 12:00:00,1717.0
4319703577,2016-04-20 13:00:00,253.0
4319703577,2016-04-20 14:00:00,185.0
4319703577,2016-04-20 15:00:00,781.0
4319703577,2016-04-20 16:00:00,497.0
4319703577,2016-04-20 17:00:00,501.0
4319703577,2016-04-20 18:00:00,592.0
4319703577,2016-04-20 19:00:00,947.0
4319703577,2016-04-20 20:00:00,76.0
4319703577,2016-04-20 21:00:00,177.0
4319703577,2016-04-20 22:00:00,157.0
4319703577,2016-04-20 23:00:00,0.0
4319703577,2016-04-21 00:00:00,0.0
4319703577,2016-04-21 01:00:00,0.0
4319703577,2016-04-21 02:00:00,0.0
4319703577,2016-04-21 03:00:00,0.0
4319703577,2016-04-21 04:00:00,0.0
4319703577,2016-04-21 05:00:00,0.0
4319703577,2016-04-21 06:00:00,0.0
4319703577,2016-04-21 07:00:00,0.0
4319703577,2016-04-21 08:00:00,0.0
4319703577,2016-04-21 09:00:00,0.0
4319703577,2016-04-21 10:00:00,0.0
4319703577,2016-04-21 11:00:00,0.0
4319703577,2016-04-21 12:00:00,0.0
4319703577,2016-04-21 13:00:00,0.0
4319703577,2016-04-21 14:00:00,95.0
4319703577,2016-04-21 15:00:00,41.0
4319703577,2016-04-21 16:00:00,13.0
4319703577,2016-04-21 17:00:00,19.0
4319703577,2016-04-21 18:00:00,65.0
4319703577,2016-04-21 19:00:00,116.0
4319703577,2016-04-21 20:00:00,0.0
4319703577,2016-04-21 21:00:00,6.0
4319703577,2016-04-21 22:00:00,157.0
4319703577,2016-04-21 23:00:00,5.0
4319703577,2016-04-22 00:00:00,10.0
4319703577,2016-04-22 01:00:00,0.0
4319703577,2016-04-22 02:00:00,0.0
4319703577,2016-04-22 03:00:00,0.0
4319703577,2016-04-22 04:00:00,0.0
4319703577,2016-04-22 05:00:00,18.0
4319703577,2016-04-22 06:00:00,0.0
4319703577,2016-04-22 07:00:00,10.0
4319703577,2016-04-22 08:00:00,1479.0
4319703577,2016-04-22 09:00:00,115.0
4319703577,2016-04-22 10:00:00,4.0
4319703577,2016-04-22 11:00:00,477.0
4319703577,2016-04-22 12:00:00,374.0
4319703577,2016-04-22 13:00:00,81.0
4319703577,2016-04-22 14:00:00,102.0
4319703577,2016-04-22 15:00:00,110.0
4319703577,2016-04-22 16:00:00,542.0
4319703577,2016-04-22 17:00:00,222.0
4319703577,2016-04-22 18:00:00,234.0
4319703577,2016-04-22 19:00:00,107.0
4319703577,2016-04-22 20:00:00,120.0
4319703577,2016-04-22 21:00:00,209.0
4319703577,2016-04-22 22:00:00,286.0
4319703577,2016-04-22 23:00:00,0.0
4319703577,2016-04-23 00:00:00,10.0
4319703577,2016-04-23 01:00:00,0.0
4319703577,2016-04-23 02:00:00,0.0
4319703577,2016-04-23 03:00:00,0.0
4319703577,2016-04-23 04:00:00,5.0
4319703577,2016-04-23 05:00:00,5.0
4319703577,2016-04-23 06:00:00,9.0
4319703577,2016-04-23 07:00:00,0.0
4319703577,2016-04-23 08:00:00,0.0
4319703577,2016-04-23 09:00:00,0.0
4319703577,2016-04-23 10:00:00,9.0
4319703577,2016-04-23 11:00:00,18.0
4319703577,2016-04-23 12:00:00,1067.0
4319703577,2016-04-23 13:00:00,276.0
4319703577,2016-04-23 14:00:00,106.0
4319703577,2016-04-23 15:00:00,344.0
4319703577,2016-04-23 16:00:00,850.0
4319703577,2016-04-23 17:00:00,856.0
4319703577,2016-04-23 18:00:00,178.0
4319703577,2016-04-23 19:00:00,375.0
4319703577,2016-04-23 20:00:00,206.0
4319703577,2016-04-23 21:00:00,252.0
4319703577,2016-04-23 22:00:00,53.0
4319703577,2016-04-23 23:00:00,316.0
4319703577,2016-04-24 00:00:00,0.0
4319703577,2016-04-24 01:00:00,0.0
4319703577,2016-04-24 02:00:00,0.0
4319703577,2016-04-24 03:00:00,68.0
4319703577,2016-04-24 04:00:00,0.0
4319703577,2016-04-24 05:00:00,0.0
4319703577,2016-04-24 06:00:00,12.0
4319703577,2016-04-24 07:00:00,0.0
4319703577,2016-04-24 08:00:00,171.0
4319703577,2016-04-24 09:00:00,646.0
4319703577,2016-04-24 10:00:00,31.0
4319703577,2016-04-24 11:00:00,103.0
4319703577,2016-04-24 12:00:00,207.0
4319703577,2016-04-24 13:00:00,626.0
4319703577,2016-04-24 14:00:00,748.0
4319703577,2016-04-24 15:00:00,218.0
4319703577,2016-04-24 16:00:00,122.0
4319703577,2016-04-24 17:00:00,185.0
4319703577,2016-04-24 18:00:00,209.0
4319703577,2016-04-24 19:00:00,120.0
4319703577,2016-04-24 20:00:00,86.0
4319703577,2016-04-24 21:00:00,137.0
4319703577,2016-04-24 22:00:00,384.0
4319703577,2016-04-24 23:00:00,8.0
4319703577,2016-04-25 00:00:00,0.0
4319703577,2016-04-25 01:00:00,0.0
4319703577,2016-04-25 02:00:00,10.0
4319703577,2016-04-25 03:00:00,0.0
4319703577,2016-04-25 04:00:00,27.0
4319703577,2016-04-25 05:00:00,0.0
4319703577,2016-04-25 06:00:00,0.0
4319703577,2016-04-25 07:00:00,61.0
4319703577,2016-04-25 08:00:00,287.0
4319703577,2016-04-25 09:00:00,53.0
4319703577,2016-04-25 10:00:00,1839.0
4319703577,2016-04-25 11:00:00,696.0
4319703577,2016-04-25 12:00:00,676.0
4319703577,2016-04-25 13:00:00,453.0
4319703577,2016-04-25 14:00:00,1105.0
4319703577,2016-04-25 15:00:00,352.0
4319703577,2016-04-25 16:00:00,362.0
4319703577,2016-04-25 17:00:00,946.0
4319703577,2016-04-25 18:00:00,1014.0
4319703577,2016-04-25 19:00:00,900.0
4319703577,2016-04-25 20:00:00,49.0
4319703577,2016-04-25 21:00:00,47.0
4319703577,2016-04-25 22:00:00,306.0
4319703577,2016-04-25 23:00:00,76.0
4319703577,2016-04-26 00:00:00,0.0
4319703577,2016-04-26 01:00:00,0.0
4319703577,2016-04-26 02:00:00,0.0
4319703577,2016-04-26 03:00:00,0.0
4319703577,2016-04-26 04:00:00,0.0
4319703577,2016-04-26 05:00:00,0.0
4319703577,2016-04-26 06:00:00,0.0
4319703577,2016-04-26 07:00:00,47.0
4319703577,2016-04-26 08:00:00,1197.0
4319703577,2016-04-26 09:00:00,0.0
4319703577,2016-04-26 10:00:00,1826.0
4319703577,2016-04-26 11:00:00,669.0
4319703577,2016-04-26 12:00:00,1049.0
4319703577,2016-04-26 13:00:00,349.0
4319703577,2016-04-26 14:00:00,323.0
4319703577,2016-04-26 15:00:00,501.0
4319703577,2016-04-26 16:00:00,273.0
4319703577,2016-04-26 17:00:00,704.0
4319703577,2016-04-26 18:00:00,564.0
4319703577,2016-04-26 19:00:00,2273.0
4319703577,2016-04-26 20:00:00,117.0
4319703577,2016-04-26 21:00:00,0.0
4319703577,2016-04-26 22:00:00,7.0
4319703577,2016-04-26 23:00:00,0.0
4319703577,2016-04-27 00:00:00,0.0
4319703577,2016-04-27 01:00:00,0.0
4319703577,2016-04-27 02:00:00,10.0
4319703577,2016-04-27 03:00:00,0.0
4319703577,2016-04-27 04:00:00,18.0
4319703577,2016-04-27 05:00:00,8.0
4319703577,2016-04-27 06:00:00,0.0
4319703577,2016-04-27 07:00:00,55.0
4319703577,2016-04-27 08:00:00,1072.0
4319703577,2016-04-27 09:00:00,45.0
4319703577,2016-04-27 10:00:00,1971.0
4319703577,2016-04-27 11:00:00,683.0
4319703577,2016-04-27 12:00:00,2445.0
4319703577,2016-04-27 13:00:00,276.0
4319703577,2016-04-27 14:00:00,1267.0
4319703577,2016-04-27 15:00:00,585.0
4319703577,2016-04-27 16:00:00,290.0
4319703577,2016-04-27 17:00:00,304.0
4319703577,2016-04-27 18:00:00,488.0
4319703577,2016-04-27 19:00:00,971.0
4319703577,2016-04-27 20:00:00,136.0
4319703577,2016-04-27 21:00:00,102.0
4319703577,2016-04-27 22:00:00,54.0
4319703577,2016-04-27 23:00:00,0.0
4319703577,2016-04-28 00:00:00,0.0
4319703577,2016-04-28 01:00:00,6.0
4319703577,2016-04-28 02:00:00,0.0
4319703577,2016-04-28 03:00:00,0.0
4319703577,2016-04-28 04:00:00,64.0
4319703577,2016-04-28 05:00:00,0.0
4319703577,2016-04-28 06:00:00,0.0
4319703577,2016-04-28 07:00:00,466.0
4319703577,2016-04-28 08:00:00,632.0
4319703577,2016-04-28 09:00:00,289.0
4319703577,2016-04-28 10:00:00,1155.0
4319703577,2016-04-28 11:00:00,941.0
4319703577,2016-04-28 12:00:00,976.0
4319703577,2016-04-28 13:00:00,319.0
4319703577,2016-04-28 14:00:00,513.0
4319703577,2016-04-28 15:00:00,287.0
4319703577,2016-04-28 16:00:00,603.0
4319703577,2016-04-28 17:00:00,877.0
4319703577,2016-04-28 18:00:00,1143.0
4319703577,2016-04-28 19:00:00,815.0
4319703577,2016-04-28 20:00:00,1360.0
4319703577,2016-04-28 21:00:00,37.0
4319703577,2016-04-28 22:00:00,301.0
4319703577,2016-04-28 23:00:00,26.0
4319703577,2016-04-29 00:00:00,48.0
4319703577,2016-04-29 01:00:00,7.0
4319703577,2016-04-29 02:00:00,0.0
4319703577,2016-04-29 03:00:00,7.0
4319703577,2016-04-29 04:00:00,0.0
4319703577,2016-04-29 05:00:00,4.0
4319703577,2016-04-29 06:00:00,0.0
4319703577,2016-04-29 07:00:00,16.0
4319703577,2016-04-29 08:00:00,155.0
4319703577,2016-04-29 09:00:00,256.0
4319703577,2016-04-29 10:00:00,1604.0
4319703577,2016-04-29 11:00:00,786.0
4319703577,2016-04-29 12:00:00,401.0
4319703577,2016-04-29 13:00:00,671.0
4319703577,2016-04-29 14:00:00,349.0
4319703577,2016-04-29 15:00:00,474.0
4319703577,2016-04-29 16:00:00,877.0
4319703577,2016-04-29 17:00:00,239.0
4319703577,2016-04-29 18:00:00,548.0
4319703577,2016-04-29 19:00:00,1033.0
4319703577,2016-04-29 20:00:00,257.0
4319703577,2016-04-29 21:00:00,0.0
4319703577,2016-04-29 22:00:00,80.0
4319703577,2016-04-29 23:00:00,178.0
4319703577,2016-04-30 00:00:00,0.0
4319703577,2016-04-30 01:00:00,0.0
4319703577,2016-04-30 02:00:00,7.0
4319703577,2016-04-30 03:00:00,24.0
4319703577,2016-04-30 04:00:00,0.0
4319703577,2016-04-30 05:00:00,0.0
4319703577,2016-04-30 06:00:00,0.0
4319703577,2016-04-30 07:00:00,38.0
4319703577,2016-04-30 08:00:00,58.0
4319703577,2016-04-30 09:00:00,0.0
4319703577,2016-04-30 10:00:00,106.0
4319703577,2016-04-30 11:00:00,340.0
4319703577,2016-04-30 12:00:00,1058.0
4319703577,2016-04-30 13:00:00,1233.0
4319703577,2016-04-30 14:00:00,1191.0
4319703577,2016-04-30 15:00:00,316.0
4319703577,2016-04-30 16:00:00,495.0
4319703577,2016-04-30 17:00:00,371.0
4319703577,2016-04-30 18:00:00,99.0
4319703577,2016-04-30 19:00:00,318.0
4319703577,2016-04-30 20:00:00,1661.0
4319703577,2016-04-30 21:00:00,646.0
4319703577,2016-04-30 22:00:00,27.0
4319703577,2016-04-30 23:00:00,233.0
4319703577,2016-05-01 00:00:00,0.0
4319703577,2016-05-01 01:00:00,0.0
4319703577,2016-05-01 02:00:00,0.0
4319703577,2016-05-01 03:00:00,6.0
4319703577,2016-05-01 04:00:00,0.0
4319703577,2016-05-01 05:00:00,0.0
4319703577,2016-05-01 06:00:00,0.0
4319703577,2016-05-01 07:00:00,35.0
4319703577,2016-05-01 08:00:00,94.0
4319703577,2016-05-01 09:00:00,162.0
4319703577,2016-05-01 10:00:00,88.0
4319703577,2016-05-01 11:00:00,84.0
4319703577,2016-05-01 12:00:00,0.0
4319703577,2016-05-01 13:00:00,0.0
4319703577,2016-05-01 14:00:00,0.0
4319703577,2016-05-01 15:00:00,0.0
4319703577,2016-05-01 16:00:00,0.0
4319703577,2016-05-01 17:00:00,0.0
4319703577,2016-05-01 18:00:00,0.0
4319703577,2016-05-01 19:00:00,0.0
4319703577,2016-05-01 20:00:00,127.0
4319703577,2016-05-01 21:00:00,27.0
4319703577,2016-05-01 22:00:00,628.0
4319703577,2016-05-01 23:00:00,0.0
4319703577,2016-05-02 00:00:00,10.0
4319703577,2016-05-02 01:00:00,19.0
4319703577,2016-05-02 02:00:00,0.0
4319703577,2016-05-02 03:00:00,0.0
4319703577,2016-05-02 04:00:00,29.0
4319703577,2016-05-02 05:00:00,4.0
4319703577,2016-05-02 06:00:00,0.0
4319703577,2016-05-02 07:00:00,135.0
4319703577,2016-05-02 08:00:00,26.0
4319703577,2016-05-02 09:00:00,159.0
4319703577,2016-05-02 10:00:00,1722.0
4319703577,2016-05-02 11:00:00,871.0
4319703577,2016-05-02 12:00:00,541.0
4319703577,2016-05-02 13:00:00,334.0
4319703577,2016-05-02 14:00:00,529.0
4319703577,2016-05-02 15:00:00,522.0
4319703577,2016-05-02 16:00:00,1085.0
4319703577,2016-05-02 17:00:00,589.0
4319703577,2016-05-02 18:00:00,745.0
4319703577,2016-05-02 19:00:00,529.0
4319703577,2016-05-02 20:00:00,506.0
4319703577,2016-05-02 21:00:00,556.0
4319703577,2016-05-02 22:00:00,204.0
4319703577,2016-05-02 23:00:00,6.0
4319703577,2016-05-03 00:00:00,0.0
4319703577,2016-05-03 01:00:00,6.0
4319703577,2016-05-03 02:00:00,15.0
4319703577,2016-05-03 03:00:00,0.0
4319703577,2016-05-03 04:00:00,9.0
4319703577,2016-05-03 05:00:00,0.0
4319703577,2016-05-03 06:00:00,5.0
4319703577,2016-05-03 07:00:00,149.0
4319703577,2016-05-03 08:00:00,115.0
4319703577,2016-05-03 09:00:00,100.0
4319703577,2016-05-03 10:00:00,1984.0
4319703577,2016-05-03 11:00:00,1353.0
4319703577,2016-05-03 12:00:00,1146.0
4319703577,2016-05-03 13:00:00,69.0
4319703577,2016-05-03 14:00:00,708.0
4319703577,2016-05-03 15:00:00,308.0
4319703577,2016-05-03 16:00:00,669.0
4319703577,2016-05-03 17:00:00,637.0
4319703577,2016-05-03 18:00:00,646.0
4319703577,2016-05-03 19:00:00,1170.0
4319703577,2016-05-03 20:00:00,115.0
4319703577,2016-05-03 21:00:00,149.0
4319703577,2016-05-03 22:00:00,295.0
4319703577,2016-05-03 23:00:00,0.0
4319703577,2016-05-04 00:00:00,0.0
4319703577,2016-05-04 01:00:00,0.0
4319703577,2016-05-04 02:00:00,0.0
4319703577,2016-05-04 03:00:00,0.0
4319703577,2016-05-04 04:00:00,0.0
4319703577,2016-05-04 05:00:00,0.0
4319703577,2016-05-04 06:00:00,0.0
4319703577,2016-05-04 07:00:00,10.0
4319703577,2016-05-04 08:00:00,212.0
4319703577,2016-05-04 09:00:00,230.0
4319703577,2016-05-04 10:00:00,1778.0
4319703577,2016-05-04 11:00:00,969.0
4319703577,2016-05-04 12:00:00,1624.0
4319703577,2016-05-04 13:00:00,942.0
4319703577,2016-05-04 14:00:00,867.0
4319703577,2016-05-04 15:00:00,913.0
4319703577,2016-05-04 16:00:00,86.0
4319703577,2016-05-04 17:00:00,238.0
4319703577,2016-05-04 18:00:00,570.0
4319703577,2016-05-04 19:00:00,1622.0
4319703577,2016-05-04 20:00:00,306.0
4319703577,2016-05-04 21:00:00,45.0
4319703577,2016-05-04 22:00:00,17.0
4319703577,2016-05-04 23:00:00,0.0
4319703577,2016-05-05 00:00:00,0.0
4319703577,2016-05-05 01:00:00,0.0
4319703577,2016-05-05 02:00:00,0.0
4319703577,2016-05-05 03:00:00,0.0
4319703577,2016-05-05 04:00:00,0.0
4319703577,2016-05-05 05:00:00,1950.0
4319703577,2016-05-05 06:00:00,3547.0
4319703577,2016-05-05 07:00:00,330.0
4319703577,2016-05-05 08:00:00,74.0
4319703577,2016-05-05 09:00:00,165.0
4319703577,2016-05-05 10:00:00,1517.0
4319703577,2016-05-05 11:00:00,878.0
4319703577,2016-05-05 12:00:00,781.0
4319703577,2016-05-05 13:00:00,307.0
4319703577,2016-05-05 14:00:00,546.0
4319703577,2016-05-05 15:00:00,432.0
4319703577,2016-05-05 16:00:00,189.0
4319703577,2016-05-05 17:00:00,152.0
4319703577,2016-05-05 18:00:00,686.0
4319703577,2016-05-05 19:00:00,1178.0
4319703577,2016-05-05 20:00:00,702.0
4319703577,2016-05-05 21:00:00,80.0
4319703577,2016-05-05 22:00:00,144.0
4319703577,2016-05-05 23:00:00,0.0
4319703577,2016-05-06 00:00:00,39.0
4319703577,2016-05-06 01:00:00,8.0
4319703577,2016-05-06 02:00:00,8.0
4319703577,2016-05-06 03:00:00,16.0
4319703577,2016-05-06 04:00:00,6.0
4319703577,2016-05-06 05:00:00,0.0
4319703577,2016-05-06 06:00:00,51.0
4319703577,2016-05-06 07:00:00,1279.0
4319703577,2016-05-06 08:00:00,41.0
4319703577,2016-05-06 09:00:00,237.0
4319703577,2016-05-06 10:00:00,33.0
4319703577,2016-05-06 11:00:00,1384.0
4319703577,2016-05-06 12:00:00,61.0
4319703577,2016-05-06 13:00:00,636.0
4319703577,2016-05-06 14:00:00,55.0
4319703577,2016-05-06 15:00:00,639.0
4319703577,2016-05-06 16:00:00,597.0
4319703577,2016-05-06 17:00:00,401.0
4319703577,2016-05-06 18:00:00,372.0
4319703577,2016-05-06 19:00:00,2033.0
4319703577,2016-05-06 20:00:00,1022.0
4319703577,2016-05-06 21:00:00,249.0
4319703577,2016-05-06 22:00:00,44.0
4319703577,2016-05-06 23:00:00,215.0
4319703577,2016-05-07 00:00:00,0.0
4319703577,2016-05-07 01:00:00,10.0
4319703577,2016-05-07 02:00:00,0.0
4319703577,2016-05-07 03:00:00,6.0
4319703577,2016-05-07 04:00:00,0.0
4319703577,2016-05-07 05:00:00,6.0
4319703577,2016-05-07 06:00:00,11.0
4319703577,2016-05-07 07:00:00,0.0
4319703577,2016-05-07 08:00:00,73.0
4319703577,2016-05-07 09:00:00,1278.0
4319703577,2016-05-07 10:00:00,59.0
4319703577,2016-05-07 11:00:00,404.0
4319703577,2016-05-07 12:00:00,381.0
4319703577,2016-05-07 13:00:00,1390.0
4319703577,2016-05-07 14:00:00,412.0
4319703577,2016-05-07 15:00:00,278.0
4319703577,2016-05-07 16:00:00,337.0
4319703577,2016-05-07 17:00:00,640.0
4319703577,2016-05-07 18:00:00,1045.0
4319703577,2016-05-07 19:00:00,879.0
4319703577,2016-05-07 20:00:00,225.0
4319703577,2016-05-07 21:00:00,131.0
4319703577,2016-05-07 22:00:00,263.0
4319703577,2016-05-07 23:00:00,109.0
4319703577,2016-05-08 00:00:00,0.0
4319703577,2016-05-08 01:00:00,0.0
4319703577,2016-05-08 02:00:00,0.0
4319703577,2016-05-08 03:00:00,0.0
4319703577,2016-05-08 04:00:00,0.0
4319703577,2016-05-08 05:00:00,13.0
4319703577,2016-05-08 06:00:00,0.0
4319703577,2016-05-08 07:00:00,0.0
4319703577,2016-05-08 08:00:00,0.0
4319703577,2016-05-08 09:00:00,6.0
4319703577,2016-05-08 10:00:00,187.0
4319703577,2016-05-08 11:00:00,125.0
4319703577,2016-05-08 12:00:00,626.0
4319703577,2016-05-08 13:00:00,702.0
4319703577,2016-05-08 14:00:00,952.0
4319703577,2016-05-08 15:00:00,461.0
4319703577,2016-05-08 16:00:00,48.0
4319703577,2016-05-08 17:00:00,0.0
4319703577,2016-05-08 18:00:00,0.0
4319703577,2016-05-08 19:00:00,0.0
4319703577,2016-05-08 20:00:00,224.0
4319703577,2016-05-08 21:00:00,46.0
4319703577,2016-05-08 22:00:00,282.0
4319703577,2016-05-08 23:00:00,0.0
4319703577,2016-05-09 00:00:00,16.0
4319703577,2016-05-09 01:00:00,17.0
4319703577,2016-05-09 02:00:00,0.0
4319703577,2016-05-09 03:00:00,16.0
4319703577,2016-05-09 04:00:00,22.0
4319703577,2016-05-09 05:00:00,0.0
4319703577,2016-05-09 06:00:00,8.0
4319703577,2016-05-09 07:00:00,0.0
4319703577,2016-05-09 08:00:00,195.0
4319703577,2016-05-09 09:00:00,70.0
4319703577,2016-05-09 10:00:00,1720.0
4319703577,2016-05-09 11:00:00,842.0
4319703577,2016-05-09 12:00:00,513.0
4319703577,2016-05-09 13:00:00,331.0
4319703577,2016-05-09 14:00:00,577.0
4319703577,2016-05-09 15:00:00,411.0
4319703577,2016-05-09 16:00:00,291.0
4319703577,2016-05-09 17:00:00,1218.0
4319703577,2016-05-09 18:00:00,1046.0
4319703577,2016-05-09 19:00:00,1993.0
4319703577,2016-05-09 20:00:00,745.0
4319703577,2016-05-09 21:00:00,107.0
4319703577,2016-05-09 22:00:00,211.0
4319703577,2016-05-09 23:00:00,13.0
4319703577,2016-05-10 00:00:00,6.0
4319703577,2016-05-10 01:00:00,0.0
4319703577,2016-05-10 02:00:00,0.0
4319703577,2016-05-10 03:00:00,6.0
4319703577,2016-05-10 04:00:00,0.0
4319703577,2016-05-10 05:00:00,8.0
4319703577,2016-05-10 06:00:00,6.0
4319703577,2016-05-10 07:00:00,151.0
4319703577,2016-05-10 08:00:00,25.0
4319703577,2016-05-10 09:00:00,170.0
4319703577,2016-05-10 10:00:00,1669.0
4319703577,2016-05-10 11:00:00,536.0
4319703577,2016-05-10 12:00:00,930.0
4319703577,2016-05-10 13:00:00,990.0
4319703577,2016-05-10 14:00:00,824.0
4319703577,2016-05-10 15:00:00,958.0
4319703577,2016-05-10 16:00:00,288.0
4319703577,2016-05-10 17:00:00,173.0
4319703577,2016-05-10 18:00:00,1092.0
4319703577,2016-05-10 19:00:00,1156.0
4319703577,2016-05-10 20:00:00,154.0
4319703577,2016-05-10 21:00:00,140.0
4319703577,2016-05-10 22:00:00,205.0
4319703577,2016-05-10 23:00:00,0.0
4319703577,2016-05-11 00:00:00,0.0
4319703577,2016-05-11 01:00:00,12.0
4319703577,2016-05-11 02:00:00,0.0
4319703577,2016-05-11 03:00:00,0.0
4319703577,2016-05-11 04:00:00,0.0
4319703577,2016-05-11 05:00:00,0.0
4319703577,2016-05-11 06:00:00,0.0
4319703577,2016-05-11 07:00:00,0.0
4319703577,2016-05-11 08:00:00,258.0
4319703577,2016-05-11 09:00:00,49.0
4319703577,2016-05-11 10:00:00,1735.0
4319703577,2016-05-11 11:00:00,734.0
4319703577,2016-05-11 12:00:00,1037.0
4319703577,2016-05-11 13:00:00,398.0
4319703577,2016-05-11 14:00:00,597.0
4319703577,2016-05-11 15:00:00,715.0
4319703577,2016-05-11 16:00:00,793.0
4319703577,2016-05-11 17:00:00,269.0
4319703577,2016-05-11 18:00:00,430.0
4319703577,2016-05-11 19:00:00,1613.0
4319703577,2016-05-11 20:00:00,262.0
4319703577,2016-05-11 21:00:00,80.0
4319703577,2016-05-11 22:00:00,147.0
4319703577,2016-05-11 23:00:00,0.0
4319703577,2016-05-12 00:00:00,0.0
4319703577,2016-05-12 01:00:00,0.0
4319703577,2016-05-12 02:00:00,10.0
4319703577,2016-05-12 03:00:00,7.0
4388161847,2016-04-12 00:00:00,0.0
4388161847,2016-04-12 01:00:00,0.0
4388161847,2016-04-12 02:00:00,0.0
4388161847,2016-04-12 03:00:00,0.0
4388161847,2016-04-12 04:00:00,0.0
4388161847,2016-04-12 05:00:00,0.0
4388161847,2016-04-12 06:00:00,0.0
4388161847,2016-04-12 07:00:00,0.0
4388161847,2016-04-12 08:00:00,0.0
4388161847,2016-04-12 09:00:00,0.0
4388161847,2016-04-12 10:00:00,0.0
4388161847,2016-04-12 11:00:00,0.0
4388161847,2016-04-12 12:00:00,0.0
4388161847,2016-04-12 13:00:00,0.0
4388161847,2016-04-12 14:00:00,0.0
4388161847,2016-04-12 15:00:00,0.0
4388161847,2016-04-12 16:00:00,0.0
4388161847,2016-04-12 17:00:00,0.0
4388161847,2016-04-12 18:00:00,0.0
4388161847,2016-04-12 19:00:00,0.0
4388161847,2016-04-12 20:00:00,0.0
4388161847,2016-04-12 21:00:00,0.0
4388161847,2016-04-12 22:00:00,0.0
4388161847,2016-04-12 23:00:00,0.0
4388161847,2016-04-13 00:00:00,0.0
4388161847,2016-04-13 01:00:00,0.0
4388161847,2016-04-13 02:00:00,0.0
4388161847,2016-04-13 03:00:00,0.0
4388161847,2016-04-13 04:00:00,0.0
4388161847,2016-04-13 05:00:00,0.0
4388161847,2016-04-13 06:00:00,0.0
4388161847,2016-04-13 07:00:00,0.0
4388161847,2016-04-13 08:00:00,0.0
4388161847,2016-04-13 09:00:00,0.0
4388161847,2016-04-13 10:00:00,0.0
4388161847,2016-04-13 11:00:00,0.0
4388161847,2016-04-13 12:00:00,0.0
4388161847,2016-04-13 13:00:00,0.0
4388161847,2016-04-13 14:00:00,28.0
4388161847,2016-04-13 15:00:00,410.0
4388161847,2016-04-13 16:00:00,1100.0
4388161847,2016-04-13 17:00:00,629.0
4388161847,2016-04-13 18:00:00,1508.0
4388161847,2016-04-13 19:00:00,2118.0
4388161847,2016-04-13 20:00:00,145.0
4388161847,2016-04-13 21:00:00,0.0
4388161847,2016-04-13 22:00:00,0.0
4388161847,2016-04-13 23:00:00,0.0
4388161847,2016-04-14 00:00:00,0.0
4388161847,2016-04-14 01:00:00,0.0
4388161847,2016-04-14 02:00:00,0.0
4388161847,2016-04-14 03:00:00,0.0
4388161847,2016-04-14 04:00:00,11.0
4388161847,2016-04-14 05:00:00,352.0
4388161847,2016-04-14 06:00:00,1134.0
4388161847,2016-04-14 07:00:00,157.0
4388161847,2016-04-14 08:00:00,252.0
4388161847,2016-04-14 09:00:00,413.0
4388161847,2016-04-14 10:00:00,590.0
4388161847,2016-04-14 11:00:00,434.0
4388161847,2016-04-14 12:00:00,187.0
4388161847,2016-04-14 13:00:00,268.0
4388161847,2016-04-14 14:00:00,76.0
4388161847,2016-04-14 15:00:00,475.0
4388161847,2016-04-14 16:00:00,931.0
4388161847,2016-04-14 17:00:00,2321.0
4388161847,2016-04-14 18:00:00,284.0
4388161847,2016-04-14 19:00:00,875.0
4388161847,2016-04-14 20:00:00,52.0
4388161847,2016-04-14 21:00:00,36.0
4388161847,2016-04-14 22:00:00,15.0
4388161847,2016-04-14 23:00:00,0.0
4388161847,2016-04-15 00:00:00,0.0
4388161847,2016-04-15 01:00:00,0.0
4388161847,2016-04-15 02:00:00,0.0
4388161847,2016-04-15 03:00:00,13.0
4388161847,2016-04-15 04:00:00,83.0
4388161847,2016-04-15 05:00:00,879.0
4388161847,2016-04-15 06:00:00,1664.0
4388161847,2016-04-15 07:00:00,150.0
4388161847,2016-04-15 08:00:00,376.0
4388161847,2016-04-15 09:00:00,92.0
4388161847,2016-04-15 10:00:00,701.0
4388161847,2016-04-15 11:00:00,399.0
4388161847,2016-04-15 12:00:00,88.0
4388161847,2016-04-15 13:00:00,193.0
4388161847,2016-04-15 14:00:00,117.0
4388161847,2016-04-15 15:00:00,452.0
4388161847,2016-04-15 16:00:00,1100.0
4388161847,2016-04-15 17:00:00,430.0
4388161847,2016-04-15 18:00:00,510.0
4388161847,2016-04-15 19:00:00,261.0
4388161847,2016-04-15 20:00:00,110.0
4388161847,2016-04-15 21:00:00,360.0
4388161847,2016-04-15 22:00:00,387.0
4388161847,2016-04-15 23:00:00,393.0
4388161847,2016-04-16 00:00:00,0.0
4388161847,2016-04-16 01:00:00,0.0
4388161847,2016-04-16 02:00:00,0.0
4388161847,2016-04-16 03:00:00,0.0
4388161847,2016-04-16 04:00:00,17.0
4388161847,2016-04-16 05:00:00,0.0
4388161847,2016-04-16 06:00:00,261.0
4388161847,2016-04-16 07:00:00,92.0
4388161847,2016-04-16 08:00:00,1309.0
4388161847,2016-04-16 09:00:00,817.0
4388161847,2016-04-16 10:00:00,190.0
4388161847,2016-04-16 11:00:00,434.0
4388161847,2016-04-16 12:00:00,185.0
4388161847,2016-04-16 13:00:00,737.0
4388161847,2016-04-16 14:00:00,917.0
4388161847,2016-04-16 15:00:00,383.0
4388161847,2016-04-16 16:00:00,107.0
4388161847,2016-04-16 17:00:00,96.0
4388161847,2016-04-16 18:00:00,526.0
4388161847,2016-04-16 19:00:00,162.0
4388161847,2016-04-16 20:00:00,62.0
4388161847,2016-04-16 21:00:00,273.0
4388161847,2016-04-16 22:00:00,12.0
4388161847,2016-04-16 23:00:00,0.0
4388161847,2016-04-17 00:00:00,0.0
4388161847,2016-04-17 01:00:00,0.0
4388161847,2016-04-17 02:00:00,11.0
4388161847,2016-04-17 03:00:00,0.0
4388161847,2016-04-17 04:00:00,0.0
4388161847,2016-04-17 05:00:00,7.0
4388161847,2016-04-17 06:00:00,313.0
4388161847,2016-04-17 07:00:00,35.0
4388161847,2016-04-17 08:00:00,386.0
4388161847,2016-04-17 09:00:00,735.0
4388161847,2016-04-17 10:00:00,296.0
4388161847,2016-04-17 11:00:00,141.0
4388161847,2016-04-17 12:00:00,550.0
4388161847,2016-04-17 13:00:00,51.0
4388161847,2016-04-17 14:00:00,7.0
4388161847,2016-04-17 15:00:00,117.0
4388161847,2016-04-17 16:00:00,251.0
4388161847,2016-04-17 17:00:00,324.0
4388161847,2016-04-17 18:00:00,661.0
4388161847,2016-04-17 19:00:00,160.0
4388161847,2016-04-17 20:00:00,398.0
4388161847,2016-04-17 21:00:00,52.0
4388161847,2016-04-17 22:00:00,165.0
4388161847,2016-04-17 23:00:00,0.0
4388161847,2016-04-18 00:00:00,0.0
4388161847,2016-04-18 01:00:00,0.0
4388161847,2016-04-18 02:00:00,0.0
4388161847,2016-04-18 03:00:00,0.0
4388161847,2016-04-18 04:00:00,0.0
4388161847,2016-04-18 05:00:00,0.0
4388161847,2016-04-18 06:00:00,195.0
4388161847,2016-04-18 07:00:00,654.0
4388161847,2016-04-18 08:00:00,200.0
4388161847,2016-04-18 09:00:00,193.0
4388161847,2016-04-18 10:00:00,495.0
4388161847,2016-04-18 11:00:00,228.0
4388161847,2016-04-18 12:00:00,232.0
4388161847,2016-04-18 13:00:00,315.0
4388161847,2016-04-18 14:00:00,169.0
4388161847,2016-04-18 15:00:00,291.0
4388161847,2016-04-18 16:00:00,3253.0
4388161847,2016-04-18 17:00:00,1914.0
4388161847,2016-04-18 18:00:00,871.0
4388161847,2016-04-18 19:00:00,558.0
4388161847,2016-04-18 20:00:00,1387.0
4388161847,2016-04-18 21:00:00,25.0
4388161847,2016-04-18 22:00:00,11.0
4388161847,2016-04-18 23:00:00,18.0
4388161847,2016-04-19 00:00:00,0.0
4388161847,2016-04-19 01:00:00,7.0
4388161847,2016-04-19 02:00:00,0.0
4388161847,2016-04-19 03:00:00,0.0
4388161847,2016-04-19 04:00:00,75.0
4388161847,2016-04-19 05:00:00,1717.0
4388161847,2016-04-19 06:00:00,2438.0
4388161847,2016-04-19 07:00:00,462.0
4388161847,2016-04-19 08:00:00,237.0
4388161847,2016-04-19 09:00:00,308.0
4388161847,2016-04-19 10:00:00,488.0
4388161847,2016-04-19 11:00:00,140.0
4388161847,2016-04-19 12:00:00,420.0
4388161847,2016-04-19 13:00:00,179.0
4388161847,2016-04-19 14:00:00,338.0
4388161847,2016-04-19 15:00:00,150.0
4388161847,2016-04-19 16:00:00,1053.0
4388161847,2016-04-19 17:00:00,544.0
4388161847,2016-04-19 18:00:00,391.0
4388161847,2016-04-19 19:00:00,91.0
4388161847,2016-04-19 20:00:00,553.0
4388161847,2016-04-19 21:00:00,561.0
4388161847,2016-04-19 22:00:00,23.0
4388161847,2016-04-19 23:00:00,6.0
4388161847,2016-04-20 00:00:00,0.0
4388161847,2016-04-20 01:00:00,17.0
4388161847,2016-04-20 02:00:00,0.0
4388161847,2016-04-20 03:00:00,0.0
4388161847,2016-04-20 04:00:00,13.0
4388161847,2016-04-20 05:00:00,1079.0
4388161847,2016-04-20 06:00:00,2114.0
4388161847,2016-04-20 07:00:00,257.0
4388161847,2016-04-20 08:00:00,189.0
4388161847,2016-04-20 09:00:00,122.0
4388161847,2016-04-20 10:00:00,554.0
4388161847,2016-04-20 11:00:00,162.0
4388161847,2016-04-20 12:00:00,413.0
4388161847,2016-04-20 13:00:00,344.0
4388161847,2016-04-20 14:00:00,0.0
4388161847,2016-04-20 15:00:00,334.0
4388161847,2016-04-20 16:00:00,870.0
4388161847,2016-04-20 17:00:00,1656.0
4388161847,2016-04-20 18:00:00,176.0
4388161847,2016-04-20 19:00:00,1713.0
4388161847,2016-04-20 20:00:00,440.0
4388161847,2016-04-20 21:00:00,80.0
4388161847,2016-04-20 22:00:00,20.0
4388161847,2016-04-20 23:00:00,0.0
4388161847,2016-04-21 00:00:00,0.0
4388161847,2016-04-21 01:00:00,6.0
4388161847,2016-04-21 02:00:00,16.0
4388161847,2016-04-21 03:00:00,0.0
4388161847,2016-04-21 04:00:00,0.0
4388161847,2016-04-21 05:00:00,603.0
4388161847,2016-04-21 06:00:00,1437.0
4388161847,2016-04-21 07:00:00,325.0
4388161847,2016-04-21 08:00:00,222.0
4388161847,2016-04-21 09:00:00,35.0
4388161847,2016-04-21 10:00:00,443.0
4388161847,2016-04-21 11:00:00,249.0
4388161847,2016-04-21 12:00:00,464.0
4388161847,2016-04-21 13:00:00,190.0
4388161847,2016-04-21 14:00:00,177.0
4388161847,2016-04-21 15:00:00,195.0
4388161847,2016-04-21 16:00:00,1068.0
4388161847,2016-04-21 17:00:00,95.0
4388161847,2016-04-21 18:00:00,1616.0
4388161847,2016-04-21 19:00:00,1488.0
4388161847,2016-04-21 20:00:00,1394.0
4388161847,2016-04-21 21:00:00,32.0
4388161847,2016-04-21 22:00:00,0.0
4388161847,2016-04-21 23:00:00,0.0
4388161847,2016-04-22 00:00:00,0.0
4388161847,2016-04-22 01:00:00,0.0
4388161847,2016-04-22 02:00:00,0.0
4388161847,2016-04-22 03:00:00,0.0
4388161847,2016-04-22 04:00:00,0.0
4388161847,2016-04-22 05:00:00,0.0
4388161847,2016-04-22 06:00:00,528.0
4388161847,2016-04-22 07:00:00,619.0
4388161847,2016-04-22 08:00:00,2503.0
4388161847,2016-04-22 09:00:00,2203.0
4388161847,2016-04-22 10:00:00,1035.0
4388161847,2016-04-22 11:00:00,56.0
4388161847,2016-04-22 12:00:00,409.0
4388161847,2016-04-22 13:00:00,9.0
4388161847,2016-04-22 14:00:00,150.0
4388161847,2016-04-22 15:00:00,542.0
4388161847,2016-04-22 16:00:00,9.0
4388161847,2016-04-22 17:00:00,338.0
4388161847,2016-04-22 18:00:00,2985.0
4388161847,2016-04-22 19:00:00,355.0
4388161847,2016-04-22 20:00:00,192.0
4388161847,2016-04-22 21:00:00,0.0
4388161847,2016-04-22 22:00:00,197.0
4388161847,2016-04-22 23:00:00,9.0
4388161847,2016-04-23 00:00:00,22.0
4388161847,2016-04-23 01:00:00,0.0
4388161847,2016-04-23 02:00:00,0.0
4388161847,2016-04-23 03:00:00,4.0
4388161847,2016-04-23 04:00:00,0.0
4388161847,2016-04-23 05:00:00,0.0
4388161847,2016-04-23 06:00:00,42.0
4388161847,2016-04-23 07:00:00,14.0
4388161847,2016-04-23 08:00:00,71.0
4388161847,2016-04-23 09:00:00,6.0
4388161847,2016-04-23 10:00:00,829.0
4388161847,2016-04-23 11:00:00,1343.0
4388161847,2016-04-23 12:00:00,863.0
4388161847,2016-04-23 13:00:00,2925.0
4388161847,2016-04-23 14:00:00,5237.0
4388161847,2016-04-23 15:00:00,575.0
4388161847,2016-04-23 16:00:00,39.0
4388161847,2016-04-23 17:00:00,30.0
4388161847,2016-04-23 18:00:00,574.0
4388161847,2016-04-23 19:00:00,181.0
4388161847,2016-04-23 20:00:00,106.0
4388161847,2016-04-23 21:00:00,24.0
4388161847,2016-04-23 22:00:00,347.0
4388161847,2016-04-23 23:00:00,4.0
4388161847,2016-04-24 00:00:00,9.0
4388161847,2016-04-24 01:00:00,14.0
4388161847,2016-04-24 02:00:00,0.0
4388161847,2016-04-24 03:00:00,9.0
4388161847,2016-04-24 04:00:00,0.0
4388161847,2016-04-24 05:00:00,9.0
4388161847,2016-04-24 06:00:00,420.0
4388161847,2016-04-24 07:00:00,22.0
4388161847,2016-04-24 08:00:00,312.0
4388161847,2016-04-24 09:00:00,0.0
4388161847,2016-04-24 10:00:00,253.0
4388161847,2016-04-24 11:00:00,72.0
4388161847,2016-04-24 12:00:00,939.0
4388161847,2016-04-24 13:00:00,966.0
4388161847,2016-04-24 14:00:00,2228.0
4388161847,2016-04-24 15:00:00,1708.0
4388161847,2016-04-24 16:00:00,28.0
4388161847,2016-04-24 17:00:00,0.0
4388161847,2016-04-24 18:00:00,613.0
4388161847,2016-04-24 19:00:00,215.0
4388161847,2016-04-24 20:00:00,2235.0
4388161847,2016-04-24 21:00:00,191.0
4388161847,2016-04-24 22:00:00,0.0
4388161847,2016-04-24 23:00:00,0.0
4388161847,2016-04-25 00:00:00,0.0
4388161847,2016-04-25 01:00:00,0.0
4388161847,2016-04-25 02:00:00,0.0
4388161847,2016-04-25 03:00:00,0.0
4388161847,2016-04-25 04:00:00,0.0
4388161847,2016-04-25 05:00:00,595.0
4388161847,2016-04-25 06:00:00,659.0
4388161847,2016-04-25 07:00:00,826.0
4388161847,2016-04-25 08:00:00,104.0
4388161847,2016-04-25 09:00:00,474.0
4388161847,2016-04-25 10:00:00,262.0
4388161847,2016-04-25 11:00:00,459.0
4388161847,2016-04-25 12:00:00,335.0
4388161847,2016-04-25 13:00:00,189.0
4388161847,2016-04-25 14:00:00,295.0
4388161847,2016-04-25 15:00:00,455.0
4388161847,2016-04-25 16:00:00,981.0
4388161847,2016-04-25 17:00:00,2238.0
4388161847,2016-04-25 18:00:00,667.0
4388161847,2016-04-25 19:00:00,1501.0
4388161847,2016-04-25 20:00:00,2349.0
4388161847,2016-04-25 21:00:00,511.0
4388161847,2016-04-25 22:00:00,46.0
4388161847,2016-04-25 23:00:00,15.0
4388161847,2016-04-26 00:00:00,0.0
4388161847,2016-04-26 01:00:00,0.0
4388161847,2016-04-26 02:00:00,4.0
4388161847,2016-04-26 03:00:00,11.0
4388161847,2016-04-26 04:00:00,14.0
4388161847,2016-04-26 05:00:00,838.0
4388161847,2016-04-26 06:00:00,2662.0
4388161847,2016-04-26 07:00:00,630.0
4388161847,2016-04-26 08:00:00,122.0
4388161847,2016-04-26 09:00:00,407.0
4388161847,2016-04-26 10:00:00,631.0
4388161847,2016-04-26 11:00:00,383.0
4388161847,2016-04-26 12:00:00,414.0
4388161847,2016-04-26 13:00:00,279.0
4388161847,2016-04-26 14:00:00,369.0
4388161847,2016-04-26 15:00:00,435.0
4388161847,2016-04-26 16:00:00,571.0
4388161847,2016-04-26 17:00:00,1046.0
4388161847,2016-04-26 18:00:00,219.0
4388161847,2016-04-26 19:00:00,74.0
4388161847,2016-04-26 20:00:00,320.0
4388161847,2016-04-26 21:00:00,15.0
4388161847,2016-04-26 22:00:00,6.0
4388161847,2016-04-26 23:00:00,11.0
4388161847,2016-04-27 00:00:00,7.0
4388161847,2016-04-27 01:00:00,12.0
4388161847,2016-04-27 02:00:00,41.0
4388161847,2016-04-27 03:00:00,8.0
4388161847,2016-04-27 04:00:00,0.0
4388161847,2016-04-27 05:00:00,329.0
4388161847,2016-04-27 06:00:00,939.0
4388161847,2016-04-27 07:00:00,225.0
4388161847,2016-04-27 08:00:00,156.0
4388161847,2016-04-27 09:00:00,145.0
4388161847,2016-04-27 10:00:00,450.0
4388161847,2016-04-27 11:00:00,496.0
4388161847,2016-04-27 12:00:00,516.0
4388161847,2016-04-27 13:00:00,28.0
4388161847,2016-04-27 14:00:00,347.0
4388161847,2016-04-27 15:00:00,284.0
4388161847,2016-04-27 16:00:00,856.0
4388161847,2016-04-27 17:00:00,1183.0
4388161847,2016-04-27 18:00:00,4037.0
4388161847,2016-04-27 19:00:00,447.0
4388161847,2016-04-27 20:00:00,357.0
4388161847,2016-04-27 21:00:00,304.0
4388161847,2016-04-27 22:00:00,12.0
4388161847,2016-04-27 23:00:00,14.0
4388161847,2016-04-28 00:00:00,0.0
4388161847,2016-04-28 01:00:00,0.0
4388161847,2016-04-28 02:00:00,10.0
4388161847,2016-04-28 03:00:00,0.0
4388161847,2016-04-28 04:00:00,8.0
4388161847,2016-04-28 05:00:00,1305.0
4388161847,2016-04-28 06:00:00,2267.0
4388161847,2016-04-28 07:00:00,733.0
4388161847,2016-04-28 08:00:00,265.0
4388161847,2016-04-28 09:00:00,52.0
4388161847,2016-04-28 10:00:00,491.0
4388161847,2016-04-28 11:00:00,593.0
4388161847,2016-04-28 12:00:00,243.0
4388161847,2016-04-28 13:00:00,301.0
4388161847,2016-04-28 14:00:00,173.0
4388161847,2016-04-28 15:00:00,191.0
4388161847,2016-04-28 16:00:00,1251.0
4388161847,2016-04-28 17:00:00,1180.0
4388161847,2016-04-28 18:00:00,680.0
4388161847,2016-04-28 19:00:00,178.0
4388161847,2016-04-28 20:00:00,153.0
4388161847,2016-04-28 21:00:00,0.0
4388161847,2016-04-28 22:00:00,0.0
4388161847,2016-04-28 23:00:00,0.0
4388161847,2016-04-29 00:00:00,0.0
4388161847,2016-04-29 01:00:00,0.0
4388161847,2016-04-29 02:00:00,0.0
4388161847,2016-04-29 03:00:00,0.0
4388161847,2016-04-29 04:00:00,0.0
4388161847,2016-04-29 05:00:00,1015.0
4388161847,2016-04-29 06:00:00,2168.0
4388161847,2016-04-29 07:00:00,795.0
4388161847,2016-04-29 08:00:00,178.0
4388161847,2016-04-29 09:00:00,242.0
4388161847,2016-04-29 10:00:00,306.0
4388161847,2016-04-29 11:00:00,210.0
4388161847,2016-04-29 12:00:00,355.0
4388161847,2016-04-29 13:00:00,316.0
4388161847,2016-04-29 14:00:00,543.0
4388161847,2016-04-29 15:00:00,25.0
4388161847,2016-04-29 16:00:00,44.0
4388161847,2016-04-29 17:00:00,894.0
4388161847,2016-04-29 18:00:00,726.0
4388161847,2016-04-29 19:00:00,162.0
4388161847,2016-04-29 20:00:00,946.0
4388161847,2016-04-29 21:00:00,45.0
4388161847,2016-04-29 22:00:00,246.0
4388161847,2016-04-29 23:00:00,16.0
4388161847,2016-04-30 00:00:00,6.0
4388161847,2016-04-30 01:00:00,7.0
4388161847,2016-04-30 02:00:00,11.0
4388161847,2016-04-30 03:00:00,11.0
4388161847,2016-04-30 04:00:00,0.0
4388161847,2016-04-30 05:00:00,24.0
4388161847,2016-04-30 06:00:00,185.0
4388161847,2016-04-30 07:00:00,189.0
4388161847,2016-04-30 08:00:00,0.0
4388161847,2016-04-30 09:00:00,1349.0
4388161847,2016-04-30 10:00:00,247.0
4388161847,2016-04-30 11:00:00,2916.0
4388161847,2016-04-30 12:00:00,2355.0
4388161847,2016-04-30 13:00:00,1073.0
4388161847,2016-04-30 14:00:00,35.0
4388161847,2016-04-30 15:00:00,134.0
4388161847,2016-04-30 16:00:00,1016.0
4388161847,2016-04-30 17:00:00,269.0
4388161847,2016-04-30 18:00:00,746.0
4388161847,2016-04-30 19:00:00,328.0
4388161847,2016-04-30 20:00:00,1245.0
4388161847,2016-04-30 21:00:00,353.0
4388161847,2016-04-30 22:00:00,11.0
4388161847,2016-04-30 23:00:00,23.0
4388161847,2016-05-01 00:00:00,20.0
4388161847,2016-05-01 01:00:00,51.0
4388161847,2016-05-01 02:00:00,0.0
4388161847,2016-05-01 03:00:00,5.0
4388161847,2016-05-01 04:00:00,0.0
4388161847,2016-05-01 05:00:00,0.0
4388161847,2016-05-01 06:00:00,0.0
4388161847,2016-05-01 07:00:00,21.0
4388161847,2016-05-01 08:00:00,2564.0
4388161847,2016-05-01 09:00:00,201.0
4388161847,2016-05-01 10:00:00,1238.0
4388161847,2016-05-01 11:00:00,846.0
4388161847,2016-05-01 12:00:00,914.0
4388161847,2016-05-01 13:00:00,904.0
4388161847,2016-05-01 14:00:00,21.0
4388161847,2016-05-01 15:00:00,1214.0
4388161847,2016-05-01 16:00:00,362.0
4388161847,2016-05-01 17:00:00,477.0
4388161847,2016-05-01 18:00:00,142.0
4388161847,2016-05-01 19:00:00,831.0
4388161847,2016-05-01 20:00:00,181.0
4388161847,2016-05-01 21:00:00,78.0
4388161847,2016-05-01 22:00:00,185.0
4388161847,2016-05-01 23:00:00,0.0
4388161847,2016-05-02 00:00:00,73.0
4388161847,2016-05-02 01:00:00,9.0
4388161847,2016-05-02 02:00:00,0.0
4388161847,2016-05-02 03:00:00,0.0
4388161847,2016-05-02 04:00:00,0.0
4388161847,2016-05-02 05:00:00,137.0
4388161847,2016-05-02 06:00:00,712.0
4388161847,2016-05-02 07:00:00,698.0
4388161847,2016-05-02 08:00:00,130.0
4388161847,2016-05-02 09:00:00,201.0
4388161847,2016-05-02 10:00:00,411.0
4388161847,2016-05-02 11:00:00,231.0
4388161847,2016-05-02 12:00:00,437.0
4388161847,2016-05-02 13:00:00,201.0
4388161847,2016-05-02 14:00:00,139.0
4388161847,2016-05-02 15:00:00,180.0
4388161847,2016-05-02 16:00:00,915.0
4388161847,2016-05-02 17:00:00,665.0
4388161847,2016-05-02 18:00:00,4273.0
4388161847,2016-05-02 19:00:00,322.0
4388161847,2016-05-02 20:00:00,181.0
4388161847,2016-05-02 21:00:00,181.0
4388161847,2016-05-02 22:00:00,0.0
4388161847,2016-05-02 23:00:00,0.0
4388161847,2016-05-03 00:00:00,0.0
4388161847,2016-05-03 01:00:00,0.0
4388161847,2016-05-03 02:00:00,0.0
4388161847,2016-05-03 03:00:00,0.0
4388161847,2016-05-03 04:00:00,0.0
4388161847,2016-05-03 05:00:00,1620.0
4388161847,2016-05-03 06:00:00,2252.0
4388161847,2016-05-03 07:00:00,457.0
4388161847,2016-05-03 08:00:00,255.0
4388161847,2016-05-03 09:00:00,530.0
4388161847,2016-05-03 10:00:00,232.0
4388161847,2016-05-03 11:00:00,403.0
4388161847,2016-05-03 12:00:00,513.0
4388161847,2016-05-03 13:00:00,91.0
4388161847,2016-05-03 14:00:00,257.0
4388161847,2016-05-03 15:00:00,195.0
4388161847,2016-05-03 16:00:00,941.0
4388161847,2016-05-03 17:00:00,1139.0
4388161847,2016-05-03 18:00:00,1968.0
4388161847,2016-05-03 19:00:00,1228.0
4388161847,2016-05-03 20:00:00,325.0
4388161847,2016-05-03 21:00:00,313.0
4388161847,2016-05-03 22:00:00,0.0
4388161847,2016-05-03 23:00:00,8.0
4388161847,2016-05-04 00:00:00,12.0
4388161847,2016-05-04 01:00:00,0.0
4388161847,2016-05-04 02:00:00,49.0
4388161847,2016-05-04 03:00:00,0.0
4388161847,2016-05-04 04:00:00,0.0
4388161847,2016-05-04 05:00:00,803.0
4388161847,2016-05-04 06:00:00,1720.0
4388161847,2016-05-04 07:00:00,707.0
4388161847,2016-05-04 08:00:00,216.0
4388161847,2016-05-04 09:00:00,391.0
4388161847,2016-05-04 10:00:00,554.0
4388161847,2016-05-04 11:00:00,420.0
4388161847,2016-05-04 12:00:00,537.0
4388161847,2016-05-04 13:00:00,188.0
4388161847,2016-05-04 14:00:00,223.0
4388161847,2016-05-04 15:00:00,161.0
4388161847,2016-05-04 16:00:00,1022.0
4388161847,2016-05-04 17:00:00,3803.0
4388161847,2016-05-04 18:00:00,764.0
4388161847,2016-05-04 19:00:00,370.0
4388161847,2016-05-04 20:00:00,371.0
4388161847,2016-05-04 21:00:00,0.0
4388161847,2016-05-04 22:00:00,64.0
4388161847,2016-05-04 23:00:00,0.0
4388161847,2016-05-05 00:00:00,0.0
4388161847,2016-05-05 01:00:00,0.0
4388161847,2016-05-05 02:00:00,11.0
4388161847,2016-05-05 03:00:00,36.0
4388161847,2016-05-05 04:00:00,0.0
4388161847,2016-05-05 05:00:00,582.0
4388161847,2016-05-05 06:00:00,2160.0
4388161847,2016-05-05 07:00:00,488.0
4388161847,2016-05-05 08:00:00,381.0
4388161847,2016-05-05 09:00:00,44.0
4388161847,2016-05-05 10:00:00,408.0
4388161847,2016-05-05 11:00:00,344.0
4388161847,2016-05-05 12:00:00,557.0
4388161847,2016-05-05 13:00:00,130.0
4388161847,2016-05-05 14:00:00,241.0
4388161847,2016-05-05 15:00:00,416.0
4388161847,2016-05-05 16:00:00,1259.0
4388161847,2016-05-05 17:00:00,1388.0
4388161847,2016-05-05 18:00:00,387.0
4388161847,2016-05-05 19:00:00,534.0
4388161847,2016-05-05 20:00:00,237.0
4388161847,2016-05-05 21:00:00,0.0
4388161847,2016-05-05 22:00:00,0.0
4388161847,2016-05-05 23:00:00,0.0
4388161847,2016-05-06 00:00:00,0.0
4388161847,2016-05-06 01:00:00,0.0
4388161847,2016-05-06 02:00:00,0.0
4388161847,2016-05-06 03:00:00,263.0
4388161847,2016-05-06 04:00:00,441.0
4388161847,2016-05-06 05:00:00,2844.0
4388161847,2016-05-06 06:00:00,1560.0
4388161847,2016-05-06 07:00:00,712.0
4388161847,2016-05-06 08:00:00,213.0
4388161847,2016-05-06 09:00:00,258.0
4388161847,2016-05-06 10:00:00,787.0
4388161847,2016-05-06 11:00:00,302.0
4388161847,2016-05-06 12:00:00,255.0
4388161847,2016-05-06 13:00:00,158.0
4388161847,2016-05-06 14:00:00,211.0
4388161847,2016-05-06 15:00:00,430.0
4388161847,2016-05-06 16:00:00,524.0
4388161847,2016-05-06 17:00:00,19.0
4388161847,2016-05-06 18:00:00,442.0
4388161847,2016-05-06 19:00:00,92.0
4388161847,2016-05-06 20:00:00,2715.0
4388161847,2016-05-06 21:00:00,936.0
4388161847,2016-05-06 22:00:00,13.0
4388161847,2016-05-06 23:00:00,0.0
4388161847,2016-05-07 00:00:00,6.0
4388161847,2016-05-07 01:00:00,26.0
4388161847,2016-05-07 02:00:00,0.0
4388161847,2016-05-07 03:00:00,0.0
4388161847,2016-05-07 04:00:00,0.0
4388161847,2016-05-07 05:00:00,0.0
4388161847,2016-05-07 06:00:00,0.0
4388161847,2016-05-07 07:00:00,4.0
4388161847,2016-05-07 08:00:00,947.0
4388161847,2016-05-07 09:00:00,3345.0
4388161847,2016-05-07 10:00:00,650.0
4388161847,2016-05-07 11:00:00,1972.0
4388161847,2016-05-07 12:00:00,4167.0
4388161847,2016-05-07 13:00:00,695.0
4388161847,2016-05-07 14:00:00,0.0
4388161847,2016-05-07 15:00:00,149.0
4388161847,2016-05-07 16:00:00,3735.0
4388161847,2016-05-07 17:00:00,1838.0
4388161847,2016-05-07 18:00:00,676.0
4388161847,2016-05-07 19:00:00,1853.0
4388161847,2016-05-07 20:00:00,1991.0
4388161847,2016-05-07 21:00:00,413.0
4388161847,2016-05-07 22:00:00,287.0
4388161847,2016-05-07 23:00:00,16.0
4388161847,2016-05-08 00:00:00,10.0
4388161847,2016-05-08 01:00:00,0.0
4388161847,2016-05-08 02:00:00,9.0
4388161847,2016-05-08 03:00:00,0.0
4388161847,2016-05-08 04:00:00,0.0
4388161847,2016-05-08 05:00:00,0.0
4388161847,2016-05-08 06:00:00,0.0
4388161847,2016-05-08 07:00:00,0.0
4388161847,2016-05-08 08:00:00,292.0
4388161847,2016-05-08 09:00:00,304.0
4388161847,2016-05-08 10:00:00,2772.0
4388161847,2016-05-08 11:00:00,0.0
4388161847,2016-05-08 12:00:00,393.0
4388161847,2016-05-08 13:00:00,3075.0
4388161847,2016-05-08 14:00:00,1304.0
4388161847,2016-05-08 15:00:00,381.0
4388161847,2016-05-08 16:00:00,133.0
4388161847,2016-05-08 17:00:00,951.0
4388161847,2016-05-08 18:00:00,256.0
4388161847,2016-05-08 19:00:00,4770.0
4388161847,2016-05-08 20:00:00,2503.0
4388161847,2016-05-08 21:00:00,145.0
4388161847,2016-05-08 22:00:00,0.0
4388161847,2016-05-08 23:00:00,0.0
4388161847,2016-05-09 00:00:00,0.0
4388161847,2016-05-09 01:00:00,0.0
4388161847,2016-05-09 02:00:00,0.0
4388161847,2016-05-09 03:00:00,0.0
4388161847,2016-05-09 04:00:00,0.0
4388161847,2016-05-09 05:00:00,611.0
4388161847,2016-05-09 06:00:00,1558.0
4388161847,2016-05-09 07:00:00,556.0
4388161847,2016-05-09 08:00:00,223.0
4388161847,2016-05-09 09:00:00,269.0
4388161847,2016-05-09 10:00:00,319.0
4388161847,2016-05-09 11:00:00,373.0
4388161847,2016-05-09 12:00:00,373.0
4388161847,2016-05-09 13:00:00,198.0
4388161847,2016-05-09 14:00:00,117.0
4388161847,2016-05-09 15:00:00,372.0
4388161847,2016-05-09 16:00:00,914.0
4388161847,2016-05-09 17:00:00,953.0
4388161847,2016-05-09 18:00:00,989.0
4388161847,2016-05-09 19:00:00,2188.0
4388161847,2016-05-09 20:00:00,119.0
4388161847,2016-05-09 21:00:00,43.0
4388161847,2016-05-09 22:00:00,28.0
4388161847,2016-05-09 23:00:00,15.0
4388161847,2016-05-10 00:00:00,8.0
4388161847,2016-05-10 01:00:00,0.0
4388161847,2016-05-10 02:00:00,8.0
4388161847,2016-05-10 03:00:00,12.0
4388161847,2016-05-10 04:00:00,0.0
4388161847,2016-05-10 05:00:00,1887.0
4388161847,2016-05-10 06:00:00,1533.0
4388161847,2016-05-10 07:00:00,336.0
4388161847,2016-05-10 08:00:00,920.0
4388161847,2016-05-10 09:00:00,36.0
4388161847,2016-05-10 10:00:00,285.0
4388161847,2016-05-10 11:00:00,586.0
4388161847,2016-05-10 12:00:00,248.0
4388161847,2016-05-10 13:00:00,416.0
4388161847,2016-05-10 14:00:00,126.0
4388161847,2016-05-10 15:00:00,295.0
4388161847,2016-05-10 16:00:00,76.0
4388161847,2016-05-10 17:00:00,1078.0
4388161847,2016-05-10 18:00:00,721.0
4388161847,2016-05-10 19:00:00,1430.0
4388161847,2016-05-10 20:00:00,298.0
4388161847,2016-05-10 21:00:00,0.0
4388161847,2016-05-10 22:00:00,0.0
4388161847,2016-05-10 23:00:00,0.0
4388161847,2016-05-11 00:00:00,0.0
4388161847,2016-05-11 01:00:00,0.0
4388161847,2016-05-11 02:00:00,0.0
4388161847,2016-05-11 03:00:00,0.0
4388161847,2016-05-11 04:00:00,4.0
4388161847,2016-05-11 05:00:00,591.0
4388161847,2016-05-11 06:00:00,1938.0
4388161847,2016-05-11 07:00:00,747.0
4388161847,2016-05-11 08:00:00,364.0
4388161847,2016-05-11 09:00:00,175.0
4388161847,2016-05-11 10:00:00,642.0
4388161847,2016-05-11 11:00:00,252.0
4388161847,2016-05-11 12:00:00,566.0
4388161847,2016-05-11 13:00:00,458.0
4388161847,2016-05-11 14:00:00,147.0
4388161847,2016-05-11 15:00:00,365.0
4388161847,2016-05-11 16:00:00,1050.0
4388161847,2016-05-11 17:00:00,1280.0
4388161847,2016-05-11 18:00:00,310.0
4388161847,2016-05-11 19:00:00,688.0
4388161847,2016-05-11 20:00:00,624.0
4388161847,2016-05-11 21:00:00,0.0
4388161847,2016-05-11 22:00:00,0.0
4388161847,2016-05-11 23:00:00,0.0
4388161847,2016-05-12 00:00:00,0.0
4388161847,2016-05-12 01:00:00,0.0
4388161847,2016-05-12 02:00:00,0.0
4388161847,2016-05-12 03:00:00,0.0
4388161847,2016-05-12 04:00:00,0.0
4388161847,2016-05-12 05:00:00,0.0
4388161847,2016-05-12 06:00:00,161.0
4388161847,2016-05-12 07:00:00,594.0
4388161847,2016-05-12 08:00:00,120.0
4388161847,2016-05-12 09:00:00,186.0
4388161847,2016-05-12 10:00:00,182.0
4388161847,2016-05-12 11:00:00,398.0
4388161847,2016-05-12 12:00:00,799.0
4388161847,2016-05-12 13:00:00,326.0
4388161847,2016-05-12 14:00:00,313.0
4445114986,2016-04-12 00:00:00,0.0
4445114986,2016-04-12 01:00:00,88.0
4445114986,2016-04-12 02:00:00,0.0
4445114986,2016-04-12 03:00:00,42.0
4445114986,2016-04-12 04:00:00,15.0
4445114986,2016-04-12 05:00:00,0.0
4445114986,2016-04-12 06:00:00,0.0
4445114986,2016-04-12 07:00:00,73.0
4445114986,2016-04-12 08:00:00,60.0
4445114986,2016-04-12 09:00:00,0.0
4445114986,2016-04-12 10:00:00,6.0
4445114986,2016-04-12 11:00:00,171.0
4445114986,2016-04-12 12:00:00,197.0
4445114986,2016-04-12 13:00:00,436.0
4445114986,2016-04-12 14:00:00,81.0
4445114986,2016-04-12 15:00:00,332.0
4445114986,2016-04-12 16:00:00,399.0
4445114986,2016-04-12 17:00:00,400.0
4445114986,2016-04-12 18:00:00,100.0
4445114986,2016-04-12 19:00:00,321.0
4445114986,2016-04-12 20:00:00,401.0
4445114986,2016-04-12 21:00:00,134.0
4445114986,2016-04-12 22:00:00,0.0
4445114986,2016-04-12 23:00:00,20.0
4445114986,2016-04-13 00:00:00,0.0
4445114986,2016-04-13 01:00:00,0.0
4445114986,2016-04-13 02:00:00,0.0
4445114986,2016-04-13 03:00:00,0.0
4445114986,2016-04-13 04:00:00,50.0
4445114986,2016-04-13 05:00:00,0.0
4445114986,2016-04-13 06:00:00,0.0
4445114986,2016-04-13 07:00:00,33.0
4445114986,2016-04-13 08:00:00,0.0
4445114986,2016-04-13 09:00:00,14.0
4445114986,2016-04-13 10:00:00,0.0
4445114986,2016-04-13 11:00:00,157.0
4445114986,2016-04-13 12:00:00,178.0
4445114986,2016-04-13 13:00:00,101.0
4445114986,2016-04-13 14:00:00,166.0
4445114986,2016-04-13 15:00:00,214.0
4445114986,2016-04-13 16:00:00,254.0
4445114986,2016-04-13 17:00:00,440.0
4445114986,2016-04-13 18:00:00,410.0
4445114986,2016-04-13 19:00:00,82.0
4445114986,2016-04-13 20:00:00,243.0
4445114986,2016-04-13 21:00:00,48.0
4445114986,2016-04-13 22:00:00,195.0
4445114986,2016-04-13 23:00:00,376.0
4445114986,2016-04-14 00:00:00,173.0
4445114986,2016-04-14 01:00:00,56.0
4445114986,2016-04-14 02:00:00,109.0
4445114986,2016-04-14 03:00:00,0.0
4445114986,2016-04-14 04:00:00,0.0
4445114986,2016-04-14 05:00:00,8.0
4445114986,2016-04-14 06:00:00,0.0
4445114986,2016-04-14 07:00:00,0.0
4445114986,2016-04-14 08:00:00,0.0
4445114986,2016-04-14 09:00:00,13.0
4445114986,2016-04-14 10:00:00,0.0
4445114986,2016-04-14 11:00:00,31.0
4445114986,2016-04-14 12:00:00,164.0
4445114986,2016-04-14 13:00:00,156.0
4445114986,2016-04-14 14:00:00,118.0
4445114986,2016-04-14 15:00:00,489.0
4445114986,2016-04-14 16:00:00,265.0
4445114986,2016-04-14 17:00:00,503.0
4445114986,2016-04-14 18:00:00,286.0
4445114986,2016-04-14 19:00:00,222.0
4445114986,2016-04-14 20:00:00,395.0
4445114986,2016-04-14 21:00:00,230.0
4445114986,2016-04-14 22:00:00,493.0
4445114986,2016-04-14 23:00:00,263.0
4445114986,2016-04-15 00:00:00,312.0
4445114986,2016-04-15 01:00:00,16.0
4445114986,2016-04-15 02:00:00,6.0
4445114986,2016-04-15 03:00:00,13.0
4445114986,2016-04-15 04:00:00,0.0
4445114986,2016-04-15 05:00:00,0.0
4445114986,2016-04-15 06:00:00,0.0
4445114986,2016-04-15 07:00:00,66.0
4445114986,2016-04-15 08:00:00,271.0
4445114986,2016-04-15 09:00:00,225.0
4445114986,2016-04-15 10:00:00,318.0
4445114986,2016-04-15 11:00:00,408.0
4445114986,2016-04-15 12:00:00,355.0
4445114986,2016-04-15 13:00:00,684.0
4445114986,2016-04-15 14:00:00,743.0
4445114986,2016-04-15 15:00:00,594.0
4445114986,2016-04-15 16:00:00,788.0
4445114986,2016-04-15 17:00:00,345.0
4445114986,2016-04-15 18:00:00,208.0
4445114986,2016-04-15 19:00:00,184.0
4445114986,2016-04-15 20:00:00,285.0
4445114986,2016-04-15 21:00:00,678.0
4445114986,2016-04-15 22:00:00,277.0
4445114986,2016-04-15 23:00:00,422.0
4445114986,2016-04-16 00:00:00,0.0
4445114986,2016-04-16 01:00:00,0.0
4445114986,2016-04-16 02:00:00,4.0
4445114986,2016-04-16 03:00:00,10.0
4445114986,2016-04-16 04:00:00,0.0
4445114986,2016-04-16 05:00:00,0.0
4445114986,2016-04-16 06:00:00,0.0
4445114986,2016-04-16 07:00:00,0.0
4445114986,2016-04-16 08:00:00,0.0
4445114986,2016-04-16 09:00:00,0.0
4445114986,2016-04-16 10:00:00,119.0
4445114986,2016-04-16 11:00:00,515.0
4445114986,2016-04-16 12:00:00,136.0
4445114986,2016-04-16 13:00:00,111.0
4445114986,2016-04-16 14:00:00,251.0
4445114986,2016-04-16 15:00:00,0.0
4445114986,2016-04-16 16:00:00,171.0
4445114986,2016-04-16 17:00:00,327.0
4445114986,2016-04-16 18:00:00,696.0
4445114986,2016-04-16 19:00:00,368.0
4445114986,2016-04-16 20:00:00,153.0
4445114986,2016-04-16 21:00:00,230.0
4445114986,2016-04-16 22:00:00,757.0
4445114986,2016-04-16 23:00:00,97.0
4445114986,2016-04-17 00:00:00,42.0
4445114986,2016-04-17 01:00:00,0.0
4445114986,2016-04-17 02:00:00,70.0
4445114986,2016-04-17 03:00:00,0.0
4445114986,2016-04-17 04:00:00,0.0
4445114986,2016-04-17 05:00:00,0.0
4445114986,2016-04-17 06:00:00,0.0
4445114986,2016-04-17 07:00:00,0.0
4445114986,2016-04-17 08:00:00,0.0
4445114986,2016-04-17 09:00:00,0.0
4445114986,2016-04-17 10:00:00,0.0
4445114986,2016-04-17 11:00:00,0.0
4445114986,2016-04-17 12:00:00,0.0
4445114986,2016-04-17 13:00:00,0.0
4445114986,2016-04-17 14:00:00,0.0
4445114986,2016-04-17 15:00:00,270.0
4445114986,2016-04-17 16:00:00,154.0
4445114986,2016-04-17 17:00:00,302.0
4445114986,2016-04-17 18:00:00,216.0
4445114986,2016-04-17 19:00:00,216.0
4445114986,2016-04-17 20:00:00,85.0
4445114986,2016-04-17 21:00:00,619.0
4445114986,2016-04-17 22:00:00,284.0
4445114986,2016-04-17 23:00:00,0.0
4445114986,2016-04-18 00:00:00,0.0
4445114986,2016-04-18 01:00:00,0.0
4445114986,2016-04-18 02:00:00,0.0
4445114986,2016-04-18 03:00:00,0.0
4445114986,2016-04-18 04:00:00,0.0
4445114986,2016-04-18 05:00:00,0.0
4445114986,2016-04-18 06:00:00,0.0
4445114986,2016-04-18 07:00:00,0.0
4445114986,2016-04-18 08:00:00,0.0
4445114986,2016-04-18 09:00:00,0.0
4445114986,2016-04-18 10:00:00,0.0
4445114986,2016-04-18 11:00:00,0.0
4445114986,2016-04-18 12:00:00,368.0
4445114986,2016-04-18 13:00:00,360.0
4445114986,2016-04-18 14:00:00,71.0
4445114986,2016-04-18 15:00:00,250.0
4445114986,2016-04-18 16:00:00,221.0
4445114986,2016-04-18 17:00:00,359.0
4445114986,2016-04-18 18:00:00,3367.0
4445114986,2016-04-18 19:00:00,137.0
4445114986,2016-04-18 20:00:00,140.0
4445114986,2016-04-18 21:00:00,327.0
4445114986,2016-04-18 22:00:00,428.0
4445114986,2016-04-18 23:00:00,127.0
4445114986,2016-04-19 00:00:00,102.0
4445114986,2016-04-19 01:00:00,111.0
4445114986,2016-04-19 02:00:00,10.0
4445114986,2016-04-19 03:00:00,9.0
4445114986,2016-04-19 04:00:00,0.0
4445114986,2016-04-19 05:00:00,0.0
4445114986,2016-04-19 06:00:00,11.0
4445114986,2016-04-19 07:00:00,0.0
4445114986,2016-04-19 08:00:00,33.0
4445114986,2016-04-19 09:00:00,12.0
4445114986,2016-04-19 10:00:00,0.0
4445114986,2016-04-19 11:00:00,232.0
4445114986,2016-04-19 12:00:00,300.0
4445114986,2016-04-19 13:00:00,179.0
4445114986,2016-04-19 14:00:00,59.0
4445114986,2016-04-19 15:00:00,138.0
4445114986,2016-04-19 16:00:00,82.0
4445114986,2016-04-19 17:00:00,27.0
4445114986,2016-04-19 18:00:00,82.0
4445114986,2016-04-19 19:00:00,64.0
4445114986,2016-04-19 20:00:00,352.0
4445114986,2016-04-19 21:00:00,190.0
4445114986,2016-04-19 22:00:00,71.0
4445114986,2016-04-19 23:00:00,0.0
4445114986,2016-04-20 00:00:00,0.0
4445114986,2016-04-20 01:00:00,0.0
4445114986,2016-04-20 02:00:00,94.0
4445114986,2016-04-20 03:00:00,0.0
4445114986,2016-04-20 04:00:00,0.0
4445114986,2016-04-20 05:00:00,0.0
4445114986,2016-04-20 06:00:00,0.0
4445114986,2016-04-20 07:00:00,0.0
4445114986,2016-04-20 08:00:00,22.0
4445114986,2016-04-20 09:00:00,0.0
4445114986,2016-04-20 10:00:00,0.0
4445114986,2016-04-20 11:00:00,130.0
4445114986,2016-04-20 12:00:00,104.0
4445114986,2016-04-20 13:00:00,199.0
4445114986,2016-04-20 14:00:00,265.0
4445114986,2016-04-20 15:00:00,69.0
4445114986,2016-04-20 16:00:00,655.0
4445114986,2016-04-20 17:00:00,71.0
4445114986,2016-04-20 18:00:00,99.0
4445114986,2016-04-20 19:00:00,75.0
4445114986,2016-04-20 20:00:00,59.0
4445114986,2016-04-20 21:00:00,63.0
4445114986,2016-04-20 22:00:00,167.0
4445114986,2016-04-20 23:00:00,0.0
4445114986,2016-04-21 00:00:00,0.0
4445114986,2016-04-21 01:00:00,0.0
4445114986,2016-04-21 02:00:00,29.0
4445114986,2016-04-21 03:00:00,0.0
4445114986,2016-04-21 04:00:00,0.0
4445114986,2016-04-21 05:00:00,0.0
4445114986,2016-04-21 06:00:00,45.0
4445114986,2016-04-21 07:00:00,13.0
4445114986,2016-04-21 08:00:00,10.0
4445114986,2016-04-21 09:00:00,7.0
4445114986,2016-04-21 10:00:00,9.0
4445114986,2016-04-21 11:00:00,0.0
4445114986,2016-04-21 12:00:00,190.0
4445114986,2016-04-21 13:00:00,666.0
4445114986,2016-04-21 14:00:00,423.0
4445114986,2016-04-21 15:00:00,562.0
4445114986,2016-04-21 16:00:00,209.0
4445114986,2016-04-21 17:00:00,309.0
4445114986,2016-04-21 18:00:00,444.0
4445114986,2016-04-21 19:00:00,106.0
4445114986,2016-04-21 20:00:00,327.0
4445114986,2016-04-21 21:00:00,158.0
4445114986,2016-04-21 22:00:00,182.0
4445114986,2016-04-21 23:00:00,100.0
4445114986,2016-04-22 00:00:00,112.0
4445114986,2016-04-22 01:00:00,107.0
4445114986,2016-04-22 02:00:00,206.0
4445114986,2016-04-22 03:00:00,8.0
4445114986,2016-04-22 04:00:00,0.0
4445114986,2016-04-22 05:00:00,0.0
4445114986,2016-04-22 06:00:00,62.0
4445114986,2016-04-22 07:00:00,0.0
4445114986,2016-04-22 08:00:00,0.0
4445114986,2016-04-22 09:00:00,8.0
4445114986,2016-04-22 10:00:00,48.0
4445114986,2016-04-22 11:00:00,467.0
4445114986,2016-04-22 12:00:00,815.0
4445114986,2016-04-22 13:00:00,330.0
4445114986,2016-04-22 14:00:00,109.0
4445114986,2016-04-22 15:00:00,262.0
4445114986,2016-04-22 16:00:00,200.0
4445114986,2016-04-22 17:00:00,451.0
4445114986,2016-04-22 18:00:00,491.0
4445114986,2016-04-22 19:00:00,1175.0
4445114986,2016-04-22 20:00:00,487.0
4445114986,2016-04-22 21:00:00,550.0
4445114986,2016-04-22 22:00:00,444.0
4445114986,2016-04-22 23:00:00,499.0
4445114986,2016-04-23 00:00:00,0.0
4445114986,2016-04-23 01:00:00,0.0
4445114986,2016-04-23 02:00:00,0.0
4445114986,2016-04-23 03:00:00,0.0
4445114986,2016-04-23 04:00:00,0.0
4445114986,2016-04-23 05:00:00,0.0
4445114986,2016-04-23 06:00:00,0.0
4445114986,2016-04-23 07:00:00,0.0
4445114986,2016-04-23 08:00:00,0.0
4445114986,2016-04-23 09:00:00,0.0
4445114986,2016-04-23 10:00:00,0.0
4445114986,2016-04-23 11:00:00,0.0
4445114986,2016-04-23 12:00:00,210.0
4445114986,2016-04-23 13:00:00,864.0
4445114986,2016-04-23 14:00:00,408.0
4445114986,2016-04-23 15:00:00,39.0
4445114986,2016-04-23 16:00:00,193.0
4445114986,2016-04-23 17:00:00,235.0
4445114986,2016-04-23 18:00:00,520.0
4445114986,2016-04-23 19:00:00,561.0
4445114986,2016-04-23 20:00:00,266.0
4445114986,2016-04-23 21:00:00,413.0
4445114986,2016-04-23 22:00:00,511.0
4445114986,2016-04-23 23:00:00,143.0
4445114986,2016-04-24 00:00:00,148.0
4445114986,2016-04-24 01:00:00,232.0
4445114986,2016-04-24 02:00:00,80.0
4445114986,2016-04-24 03:00:00,0.0
4445114986,2016-04-24 04:00:00,0.0
4445114986,2016-04-24 05:00:00,0.0
4445114986,2016-04-24 06:00:00,0.0
4445114986,2016-04-24 07:00:00,0.0
4445114986,2016-04-24 08:00:00,0.0
4445114986,2016-04-24 09:00:00,693.0
4445114986,2016-04-24 10:00:00,303.0
4445114986,2016-04-24 11:00:00,644.0
4445114986,2016-04-24 12:00:00,223.0
4445114986,2016-04-24 13:00:00,113.0
4445114986,2016-04-24 14:00:00,88.0
4445114986,2016-04-24 15:00:00,299.0
4445114986,2016-04-24 16:00:00,425.0
4445114986,2016-04-24 17:00:00,579.0
4445114986,2016-04-24 18:00:00,324.0
4445114986,2016-04-24 19:00:00,494.0
4445114986,2016-04-24 20:00:00,230.0
4445114986,2016-04-24 21:00:00,80.0
4445114986,2016-04-24 22:00:00,0.0
4445114986,2016-04-24 23:00:00,47.0
4445114986,2016-04-25 00:00:00,99.0
4445114986,2016-04-25 01:00:00,83.0
4445114986,2016-04-25 02:00:00,0.0
4445114986,2016-04-25 03:00:00,0.0
4445114986,2016-04-25 04:00:00,8.0
4445114986,2016-04-25 05:00:00,76.0
4445114986,2016-04-25 06:00:00,0.0
4445114986,2016-04-25 07:00:00,53.0
4445114986,2016-04-25 08:00:00,8.0
4445114986,2016-04-25 09:00:00,0.0
4445114986,2016-04-25 10:00:00,0.0
4445114986,2016-04-25 11:00:00,0.0
4445114986,2016-04-25 12:00:00,0.0
4445114986,2016-04-25 13:00:00,0.0
4445114986,2016-04-25 14:00:00,340.0
4445114986,2016-04-25 15:00:00,248.0
4445114986,2016-04-25 16:00:00,360.0
4445114986,2016-04-25 17:00:00,595.0
4445114986,2016-04-25 18:00:00,94.0
4445114986,2016-04-25 19:00:00,428.0
4445114986,2016-04-25 20:00:00,147.0
4445114986,2016-04-25 21:00:00,158.0
4445114986,2016-04-25 22:00:00,386.0
4445114986,2016-04-25 23:00:00,302.0
4445114986,2016-04-26 00:00:00,0.0
4445114986,2016-04-26 01:00:00,186.0
4445114986,2016-04-26 02:00:00,0.0
4445114986,2016-04-26 03:00:00,0.0
4445114986,2016-04-26 04:00:00,10.0
4445114986,2016-04-26 05:00:00,17.0
4445114986,2016-04-26 06:00:00,0.0
4445114986,2016-04-26 07:00:00,19.0
4445114986,2016-04-26 08:00:00,0.0
4445114986,2016-04-26 09:00:00,0.0
4445114986,2016-04-26 10:00:00,119.0
4445114986,2016-04-26 11:00:00,374.0
4445114986,2016-04-26 12:00:00,355.0
4445114986,2016-04-26 13:00:00,265.0
4445114986,2016-04-26 14:00:00,151.0
4445114986,2016-04-26 15:00:00,159.0
4445114986,2016-04-26 16:00:00,10.0
4445114986,2016-04-26 17:00:00,180.0
4445114986,2016-04-26 18:00:00,357.0
4445114986,2016-04-26 19:00:00,3567.0
4445114986,2016-04-26 20:00:00,81.0
4445114986,2016-04-26 21:00:00,13.0
4445114986,2016-04-26 22:00:00,95.0
4445114986,2016-04-26 23:00:00,368.0
4445114986,2016-04-27 00:00:00,7.0
4445114986,2016-04-27 01:00:00,62.0
4445114986,2016-04-27 02:00:00,103.0
4445114986,2016-04-27 03:00:00,17.0
4445114986,2016-04-27 04:00:00,0.0
4445114986,2016-04-27 05:00:00,23.0
4445114986,2016-04-27 06:00:00,12.0
4445114986,2016-04-27 07:00:00,0.0
4445114986,2016-04-27 08:00:00,0.0
4445114986,2016-04-27 09:00:00,0.0
4445114986,2016-04-27 10:00:00,42.0
4445114986,2016-04-27 11:00:00,58.0
4445114986,2016-04-27 12:00:00,392.0
4445114986,2016-04-27 13:00:00,197.0
4445114986,2016-04-27 14:00:00,92.0
4445114986,2016-04-27 15:00:00,129.0
4445114986,2016-04-27 16:00:00,326.0
4445114986,2016-04-27 17:00:00,318.0
4445114986,2016-04-27 18:00:00,3941.0
4445114986,2016-04-27 19:00:00,405.0
4445114986,2016-04-27 20:00:00,218.0
4445114986,2016-04-27 21:00:00,420.0
4445114986,2016-04-27 22:00:00,54.0
4445114986,2016-04-27 23:00:00,427.0
4445114986,2016-04-28 00:00:00,0.0
4445114986,2016-04-28 01:00:00,183.0
4445114986,2016-04-28 02:00:00,38.0
4445114986,2016-04-28 03:00:00,13.0
4445114986,2016-04-28 04:00:00,24.0
4445114986,2016-04-28 05:00:00,0.0
4445114986,2016-04-28 06:00:00,0.0
4445114986,2016-04-28 07:00:00,7.0
4445114986,2016-04-28 08:00:00,7.0
4445114986,2016-04-28 09:00:00,0.0
4445114986,2016-04-28 10:00:00,6.0
4445114986,2016-04-28 11:00:00,270.0
4445114986,2016-04-28 12:00:00,387.0
4445114986,2016-04-28 13:00:00,110.0
4445114986,2016-04-28 14:00:00,443.0
4445114986,2016-04-28 15:00:00,455.0
4445114986,2016-04-28 16:00:00,496.0
4445114986,2016-04-28 17:00:00,10.0
4445114986,2016-04-28 18:00:00,469.0
4445114986,2016-04-28 19:00:00,595.0
4445114986,2016-04-28 20:00:00,226.0
4445114986,2016-04-28 21:00:00,134.0
4445114986,2016-04-28 22:00:00,323.0
4445114986,2016-04-28 23:00:00,297.0
4445114986,2016-04-29 00:00:00,0.0
4445114986,2016-04-29 01:00:00,80.0
4445114986,2016-04-29 02:00:00,0.0
4445114986,2016-04-29 03:00:00,0.0
4445114986,2016-04-29 04:00:00,95.0
4445114986,2016-04-29 05:00:00,0.0
4445114986,2016-04-29 06:00:00,0.0
4445114986,2016-04-29 07:00:00,42.0
4445114986,2016-04-29 08:00:00,18.0
4445114986,2016-04-29 09:00:00,0.0
4445114986,2016-04-29 10:00:00,0.0
4445114986,2016-04-29 11:00:00,0.0
4445114986,2016-04-29 12:00:00,0.0
4445114986,2016-04-29 13:00:00,237.0
4445114986,2016-04-29 14:00:00,145.0
4445114986,2016-04-29 15:00:00,148.0
4445114986,2016-04-29 16:00:00,468.0
4445114986,2016-04-29 17:00:00,661.0
4445114986,2016-04-29 18:00:00,614.0
4445114986,2016-04-29 19:00:00,207.0
4445114986,2016-04-29 20:00:00,369.0
4445114986,2016-04-29 21:00:00,341.0
4445114986,2016-04-29 22:00:00,612.0
4445114986,2016-04-29 23:00:00,621.0
4445114986,2016-04-30 00:00:00,165.0
4445114986,2016-04-30 01:00:00,67.0
4445114986,2016-04-30 02:00:00,0.0
4445114986,2016-04-30 03:00:00,0.0
4445114986,2016-04-30 04:00:00,0.0
4445114986,2016-04-30 05:00:00,23.0
4445114986,2016-04-30 06:00:00,0.0
4445114986,2016-04-30 07:00:00,0.0
4445114986,2016-04-30 08:00:00,427.0
4445114986,2016-04-30 09:00:00,363.0
4445114986,2016-04-30 10:00:00,78.0
4445114986,2016-04-30 11:00:00,136.0
4445114986,2016-04-30 12:00:00,415.0
4445114986,2016-04-30 13:00:00,464.0
4445114986,2016-04-30 14:00:00,40.0
4445114986,2016-04-30 15:00:00,786.0
4445114986,2016-04-30 16:00:00,707.0
4445114986,2016-04-30 17:00:00,597.0
4445114986,2016-04-30 18:00:00,551.0
4445114986,2016-04-30 19:00:00,643.0
4445114986,2016-04-30 20:00:00,38.0
4445114986,2016-04-30 21:00:00,112.0
4445114986,2016-04-30 22:00:00,384.0
4445114986,2016-04-30 23:00:00,226.0
4445114986,2016-05-01 00:00:00,125.0
4445114986,2016-05-01 01:00:00,22.0
4445114986,2016-05-01 02:00:00,0.0
4445114986,2016-05-01 03:00:00,0.0
4445114986,2016-05-01 04:00:00,0.0
4445114986,2016-05-01 05:00:00,0.0
4445114986,2016-05-01 06:00:00,0.0
4445114986,2016-05-01 07:00:00,35.0
4445114986,2016-05-01 08:00:00,47.0
4445114986,2016-05-01 09:00:00,14.0
4445114986,2016-05-01 10:00:00,8.0
4445114986,2016-05-01 11:00:00,46.0
4445114986,2016-05-01 12:00:00,269.0
4445114986,2016-05-01 13:00:00,791.0
4445114986,2016-05-01 14:00:00,414.0
4445114986,2016-05-01 15:00:00,1298.0
4445114986,2016-05-01 16:00:00,222.0
4445114986,2016-05-01 17:00:00,316.0
4445114986,2016-05-01 18:00:00,110.0
4445114986,2016-05-01 19:00:00,459.0
4445114986,2016-05-01 20:00:00,289.0
4445114986,2016-05-01 21:00:00,213.0
4445114986,2016-05-01 22:00:00,379.0
4445114986,2016-05-01 23:00:00,175.0
4445114986,2016-05-02 00:00:00,0.0
4445114986,2016-05-02 01:00:00,52.0
4445114986,2016-05-02 02:00:00,12.0
4445114986,2016-05-02 03:00:00,0.0
4445114986,2016-05-02 04:00:00,11.0
4445114986,2016-05-02 05:00:00,0.0
4445114986,2016-05-02 06:00:00,0.0
4445114986,2016-05-02 07:00:00,0.0
4445114986,2016-05-02 08:00:00,54.0
4445114986,2016-05-02 09:00:00,0.0
4445114986,2016-05-02 10:00:00,9.0
4445114986,2016-05-02 11:00:00,71.0
4445114986,2016-05-02 12:00:00,432.0
4445114986,2016-05-02 13:00:00,256.0
4445114986,2016-05-02 14:00:00,277.0
4445114986,2016-05-02 15:00:00,202.0
4445114986,2016-05-02 16:00:00,172.0
4445114986,2016-05-02 17:00:00,15.0
4445114986,2016-05-02 18:00:00,3764.0
4445114986,2016-05-02 19:00:00,264.0
4445114986,2016-05-02 20:00:00,483.0
4445114986,2016-05-02 21:00:00,420.0
4445114986,2016-05-02 22:00:00,218.0
4445114986,2016-05-02 23:00:00,198.0
4445114986,2016-05-03 00:00:00,0.0
4445114986,2016-05-03 01:00:00,78.0
4445114986,2016-05-03 02:00:00,0.0
4445114986,2016-05-03 03:00:00,0.0
4445114986,2016-05-03 04:00:00,0.0
4445114986,2016-05-03 05:00:00,0.0
4445114986,2016-05-03 06:00:00,0.0
4445114986,2016-05-03 07:00:00,6.0
4445114986,2016-05-03 08:00:00,246.0
4445114986,2016-05-03 09:00:00,93.0
4445114986,2016-05-03 10:00:00,7.0
4445114986,2016-05-03 11:00:00,29.0
4445114986,2016-05-03 12:00:00,227.0
4445114986,2016-05-03 13:00:00,514.0
4445114986,2016-05-03 14:00:00,188.0
4445114986,2016-05-03 15:00:00,533.0
4445114986,2016-05-03 16:00:00,468.0
4445114986,2016-05-03 17:00:00,37.0
4445114986,2016-05-03 18:00:00,3955.0
4445114986,2016-05-03 19:00:00,245.0
4445114986,2016-05-03 20:00:00,185.0
4445114986,2016-05-03 21:00:00,337.0
4445114986,2016-05-03 22:00:00,215.0
4445114986,2016-05-03 23:00:00,139.0
4445114986,2016-05-04 00:00:00,92.0
4445114986,2016-05-04 01:00:00,45.0
4445114986,2016-05-04 02:00:00,31.0
4445114986,2016-05-04 03:00:00,0.0
4445114986,2016-05-04 04:00:00,0.0
4445114986,2016-05-04 05:00:00,10.0
4445114986,2016-05-04 06:00:00,54.0
4445114986,2016-05-04 07:00:00,25.0
4445114986,2016-05-04 08:00:00,0.0
4445114986,2016-05-04 09:00:00,0.0
4445114986,2016-05-04 10:00:00,14.0
4445114986,2016-05-04 11:00:00,28.0
4445114986,2016-05-04 12:00:00,207.0
4445114986,2016-05-04 13:00:00,110.0
4445114986,2016-05-04 14:00:00,38.0
4445114986,2016-05-04 15:00:00,232.0
4445114986,2016-05-04 16:00:00,133.0
4445114986,2016-05-04 17:00:00,173.0
4445114986,2016-05-04 18:00:00,400.0
4445114986,2016-05-04 19:00:00,737.0
4445114986,2016-05-04 20:00:00,122.0
4445114986,2016-05-04 21:00:00,144.0
4445114986,2016-05-04 22:00:00,30.0
4445114986,2016-05-04 23:00:00,298.0
4445114986,2016-05-05 00:00:00,9.0
4445114986,2016-05-05 01:00:00,74.0
4445114986,2016-05-05 02:00:00,0.0
4445114986,2016-05-05 03:00:00,0.0
4445114986,2016-05-05 04:00:00,0.0
4445114986,2016-05-05 05:00:00,14.0
4445114986,2016-05-05 06:00:00,0.0
4445114986,2016-05-05 07:00:00,44.0
4445114986,2016-05-05 08:00:00,21.0
4445114986,2016-05-05 09:00:00,0.0
4445114986,2016-05-05 10:00:00,0.0
4445114986,2016-05-05 11:00:00,0.0
4445114986,2016-05-05 12:00:00,210.0
4445114986,2016-05-05 13:00:00,96.0
4445114986,2016-05-05 14:00:00,530.0
4445114986,2016-05-05 15:00:00,172.0
4445114986,2016-05-05 16:00:00,842.0
4445114986,2016-05-05 17:00:00,454.0
4445114986,2016-05-05 18:00:00,125.0
4445114986,2016-05-05 19:00:00,372.0
4445114986,2016-05-05 20:00:00,0.0
4445114986,2016-05-05 21:00:00,349.0
4445114986,2016-05-05 22:00:00,244.0
4445114986,2016-05-05 23:00:00,244.0
4445114986,2016-05-06 00:00:00,33.0
4445114986,2016-05-06 01:00:00,111.0
4445114986,2016-05-06 02:00:00,7.0
4445114986,2016-05-06 03:00:00,44.0
4445114986,2016-05-06 04:00:00,12.0
4445114986,2016-05-06 05:00:00,0.0
4445114986,2016-05-06 06:00:00,0.0
4445114986,2016-05-06 07:00:00,86.0
4445114986,2016-05-06 08:00:00,447.0
4445114986,2016-05-06 09:00:00,22.0
4445114986,2016-05-06 10:00:00,11.0
4445114986,2016-05-06 11:00:00,58.0
4445114986,2016-05-06 12:00:00,341.0
4445114986,2016-05-06 13:00:00,377.0
4445114986,2016-05-06 14:00:00,150.0
4445114986,2016-05-06 15:00:00,104.0
4445114986,2016-05-06 16:00:00,133.0
4445114986,2016-05-06 17:00:00,340.0
4445114986,2016-05-06 18:00:00,669.0
4445114986,2016-05-06 19:00:00,597.0
4445114986,2016-05-06 20:00:00,233.0
4445114986,2016-05-06 21:00:00,10.0
4445114986,2016-05-06 22:00:00,162.0
4445114986,2016-05-06 23:00:00,567.0
4445114986,2016-05-07 00:00:00,201.0
4445114986,2016-05-07 01:00:00,165.0
4445114986,2016-05-07 02:00:00,55.0
4445114986,2016-05-07 03:00:00,0.0
4445114986,2016-05-07 04:00:00,0.0
4445114986,2016-05-07 05:00:00,0.0
4445114986,2016-05-07 06:00:00,15.0
4445114986,2016-05-07 07:00:00,7.0
4445114986,2016-05-07 08:00:00,0.0
4445114986,2016-05-07 09:00:00,270.0
4445114986,2016-05-07 10:00:00,3403.0
4445114986,2016-05-07 11:00:00,0.0
4445114986,2016-05-07 12:00:00,0.0
4445114986,2016-05-07 13:00:00,0.0
4445114986,2016-05-07 14:00:00,14.0
4445114986,2016-05-07 15:00:00,0.0
4445114986,2016-05-07 16:00:00,0.0
4445114986,2016-05-07 17:00:00,154.0
4445114986,2016-05-07 18:00:00,359.0
4445114986,2016-05-07 19:00:00,138.0
4445114986,2016-05-07 20:00:00,155.0
4445114986,2016-05-07 21:00:00,41.0
4445114986,2016-05-07 22:00:00,190.0
4445114986,2016-05-07 23:00:00,0.0
4445114986,2016-05-08 00:00:00,0.0
4445114986,2016-05-08 01:00:00,0.0
4445114986,2016-05-08 02:00:00,0.0
4445114986,2016-05-08 03:00:00,0.0
4445114986,2016-05-08 04:00:00,0.0
4445114986,2016-05-08 05:00:00,0.0
4445114986,2016-05-08 06:00:00,0.0
4445114986,2016-05-08 07:00:00,0.0
4445114986,2016-05-08 08:00:00,0.0
4445114986,2016-05-08 09:00:00,147.0
4445114986,2016-05-08 10:00:00,219.0
4445114986,2016-05-08 11:00:00,539.0
4445114986,2016-05-08 12:00:00,415.0
4445114986,2016-05-08 13:00:00,864.0
4445114986,2016-05-08 14:00:00,939.0
4445114986,2016-05-08 15:00:00,1217.0
4445114986,2016-05-08 16:00:00,630.0
4445114986,2016-05-08 17:00:00,765.0
4445114986,2016-05-08 18:00:00,238.0
4445114986,2016-05-08 19:00:00,692.0
4445114986,2016-05-08 20:00:00,378.0
4445114986,2016-05-08 21:00:00,42.0
4445114986,2016-05-08 22:00:00,191.0
4445114986,2016-05-08 23:00:00,27.0
4445114986,2016-05-09 00:00:00,4.0
4445114986,2016-05-09 01:00:00,10.0
4445114986,2016-05-09 02:00:00,8.0
4445114986,2016-05-09 03:00:00,11.0
4445114986,2016-05-09 04:00:00,0.0
4445114986,2016-05-09 05:00:00,0.0
4445114986,2016-05-09 06:00:00,40.0
4445114986,2016-05-09 07:00:00,18.0
4445114986,2016-05-09 08:00:00,0.0
4445114986,2016-05-09 09:00:00,18.0
4445114986,2016-05-09 10:00:00,341.0
4445114986,2016-05-09 11:00:00,839.0
4445114986,2016-05-09 12:00:00,96.0
4445114986,2016-05-09 13:00:00,411.0
4445114986,2016-05-09 14:00:00,522.0
4445114986,2016-05-09 15:00:00,135.0
4445114986,2016-05-09 16:00:00,232.0
4445114986,2016-05-09 17:00:00,160.0
4445114986,2016-05-09 18:00:00,127.0
4445114986,2016-05-09 19:00:00,336.0
4445114986,2016-05-09 20:00:00,839.0
4445114986,2016-05-09 21:00:00,479.0
4445114986,2016-05-09 22:00:00,402.0
4445114986,2016-05-09 23:00:00,247.0
4445114986,2016-05-10 00:00:00,106.0
4445114986,2016-05-10 01:00:00,46.0
4445114986,2016-05-10 02:00:00,32.0
4445114986,2016-05-10 03:00:00,0.0
4445114986,2016-05-10 04:00:00,0.0
4445114986,2016-05-10 05:00:00,39.0
4445114986,2016-05-10 06:00:00,0.0
4445114986,2016-05-10 07:00:00,6.0
4445114986,2016-05-10 08:00:00,86.0
4445114986,2016-05-10 09:00:00,16.0
4445114986,2016-05-10 10:00:00,79.0
4445114986,2016-05-10 11:00:00,189.0
4445114986,2016-05-10 12:00:00,238.0
4445114986,2016-05-10 13:00:00,365.0
4445114986,2016-05-10 14:00:00,157.0
4445114986,2016-05-10 15:00:00,148.0
4445114986,2016-05-10 16:00:00,430.0
4445114986,2016-05-10 17:00:00,265.0
4445114986,2016-05-10 18:00:00,564.0
4445114986,2016-05-10 19:00:00,407.0
4445114986,2016-05-10 20:00:00,79.0
4445114986,2016-05-10 21:00:00,163.0
4445114986,2016-05-10 22:00:00,330.0
4445114986,2016-05-10 23:00:00,170.0
4445114986,2016-05-11 00:00:00,51.0
4445114986,2016-05-11 01:00:00,56.0
4445114986,2016-05-11 02:00:00,0.0
4445114986,2016-05-11 03:00:00,0.0
4445114986,2016-05-11 04:00:00,11.0
4445114986,2016-05-11 05:00:00,16.0
4445114986,2016-05-11 06:00:00,0.0
4445114986,2016-05-11 07:00:00,0.0
4445114986,2016-05-11 08:00:00,0.0
4445114986,2016-05-11 09:00:00,0.0
4445114986,2016-05-11 10:00:00,253.0
4445114986,2016-05-11 11:00:00,0.0
4445114986,2016-05-11 12:00:00,258.0
4445114986,2016-05-11 13:00:00,4379.0
4445114986,2016-05-11 14:00:00,890.0
4445114986,2016-05-11 15:00:00,79.0
4445114986,2016-05-11 16:00:00,339.0
4445114986,2016-05-11 17:00:00,214.0
4445114986,2016-05-11 18:00:00,318.0
4445114986,2016-05-11 19:00:00,445.0
4445114986,2016-05-11 20:00:00,487.0
4445114986,2016-05-11 21:00:00,389.0
4445114986,2016-05-11 22:00:00,188.0
4445114986,2016-05-11 23:00:00,732.0
4445114986,2016-05-12 00:00:00,0.0
4445114986,2016-05-12 01:00:00,11.0
4445114986,2016-05-12 02:00:00,0.0
4445114986,2016-05-12 03:00:00,8.0
4445114986,2016-05-12 04:00:00,29.0
4445114986,2016-05-12 05:00:00,0.0
4445114986,2016-05-12 06:00:00,0.0
4445114986,2016-05-12 07:00:00,16.0
4445114986,2016-05-12 08:00:00,0.0
4445114986,2016-05-12 09:00:00,0.0
4445114986,2016-05-12 10:00:00,180.0
4445114986,2016-05-12 11:00:00,142.0
4445114986,2016-05-12 12:00:00,98.0
4445114986,2016-05-12 13:00:00,51.0
4445114986,2016-05-12 14:00:00,152.0
4558609924,2016-04-12 00:00:00,0.0
4558609924,2016-04-12 01:00:00,0.0
4558609924,2016-04-12 02:00:00,0.0
4558609924,2016-04-12 03:00:00,0.0
4558609924,2016-04-12 04:00:00,0.0
4558609924,2016-04-12 05:00:00,0.0
4558609924,2016-04-12 06:00:00,151.0
4558609924,2016-04-12 07:00:00,208.0
4558609924,2016-04-12 08:00:00,163.0
4558609924,2016-04-12 09:00:00,514.0
4558609924,2016-04-12 10:00:00,526.0
4558609924,2016-04-12 11:00:00,397.0
4558609924,2016-04-12 12:00:00,230.0
4558609924,2016-04-12 13:00:00,277.0
4558609924,2016-04-12 14:00:00,561.0
4558609924,2016-04-12 15:00:00,24.0
4558609924,2016-04-12 16:00:00,684.0
4558609924,2016-04-12 17:00:00,402.0
4558609924,2016-04-12 18:00:00,398.0
4558609924,2016-04-12 19:00:00,161.0
4558609924,2016-04-12 20:00:00,148.0
4558609924,2016-04-12 21:00:00,146.0
4558609924,2016-04-12 22:00:00,145.0
4558609924,2016-04-12 23:00:00,0.0
4558609924,2016-04-13 00:00:00,0.0
4558609924,2016-04-13 01:00:00,0.0
4558609924,2016-04-13 02:00:00,0.0
4558609924,2016-04-13 03:00:00,0.0
4558609924,2016-04-13 04:00:00,0.0
4558609924,2016-04-13 05:00:00,0.0
4558609924,2016-04-13 06:00:00,0.0
4558609924,2016-04-13 07:00:00,0.0
4558609924,2016-04-13 08:00:00,0.0
4558609924,2016-04-13 09:00:00,0.0
4558609924,2016-04-13 10:00:00,0.0
4558609924,2016-04-13 11:00:00,272.0
4558609924,2016-04-13 12:00:00,701.0
4558609924,2016-04-13 13:00:00,316.0
4558609924,2016-04-13 14:00:00,292.0
4558609924,2016-04-13 15:00:00,113.0
4558609924,2016-04-13 16:00:00,1957.0
4558609924,2016-04-13 17:00:00,1303.0
4558609924,2016-04-13 18:00:00,24.0
4558609924,2016-04-13 19:00:00,0.0
4558609924,2016-04-13 20:00:00,0.0
4558609924,2016-04-13 21:00:00,0.0
4558609924,2016-04-13 22:00:00,0.0
4558609924,2016-04-13 23:00:00,0.0
4558609924,2016-04-14 00:00:00,0.0
4558609924,2016-04-14 01:00:00,0.0
4558609924,2016-04-14 02:00:00,0.0
4558609924,2016-04-14 03:00:00,0.0
4558609924,2016-04-14 04:00:00,0.0
4558609924,2016-04-14 05:00:00,0.0
4558609924,2016-04-14 06:00:00,0.0
4558609924,2016-04-14 07:00:00,0.0
4558609924,2016-04-14 08:00:00,0.0
4558609924,2016-04-14 09:00:00,622.0
4558609924,2016-04-14 10:00:00,280.0
4558609924,2016-04-14 11:00:00,238.0
4558609924,2016-04-14 12:00:00,528.0
4558609924,2016-04-14 13:00:00,688.0
4558609924,2016-04-14 14:00:00,1032.0
4558609924,2016-04-14 15:00:00,71.0
4558609924,2016-04-14 16:00:00,984.0
4558609924,2016-04-14 17:00:00,966.0
4558609924,2016-04-14 18:00:00,216.0
4558609924,2016-04-14 19:00:00,431.0
4558609924,2016-04-14 20:00:00,576.0
4558609924,2016-04-14 21:00:00,112.0
4558609924,2016-04-14 22:00:00,55.0
4558609924,2016-04-14 23:00:00,0.0
4558609924,2016-04-15 00:00:00,0.0
4558609924,2016-04-15 01:00:00,0.0
4558609924,2016-04-15 02:00:00,0.0
4558609924,2016-04-15 03:00:00,0.0
4558609924,2016-04-15 04:00:00,0.0
4558609924,2016-04-15 05:00:00,0.0
4558609924,2016-04-15 06:00:00,0.0
4558609924,2016-04-15 07:00:00,0.0
4558609924,2016-04-15 08:00:00,110.0
4558609924,2016-04-15 09:00:00,269.0
4558609924,2016-04-15 10:00:00,411.0
4558609924,2016-04-15 11:00:00,468.0
4558609924,2016-04-15 12:00:00,459.0
4558609924,2016-04-15 13:00:00,1578.0
4558609924,2016-04-15 14:00:00,962.0
4558609924,2016-04-15 15:00:00,237.0
4558609924,2016-04-15 16:00:00,414.0
4558609924,2016-04-15 17:00:00,932.0
4558609924,2016-04-15 18:00:00,259.0
4558609924,2016-04-15 19:00:00,1238.0
4558609924,2016-04-15 20:00:00,234.0
4558609924,2016-04-15 21:00:00,10.0
4558609924,2016-04-15 22:00:00,150.0
4558609924,2016-04-15 23:00:00,64.0
4558609924,2016-04-16 00:00:00,89.0
4558609924,2016-04-16 01:00:00,0.0
4558609924,2016-04-16 02:00:00,11.0
4558609924,2016-04-16 03:00:00,0.0
4558609924,2016-04-16 04:00:00,0.0
4558609924,2016-04-16 05:00:00,0.0
4558609924,2016-04-16 06:00:00,0.0
4558609924,2016-04-16 07:00:00,0.0
4558609924,2016-04-16 08:00:00,0.0
4558609924,2016-04-16 09:00:00,270.0
4558609924,2016-04-16 10:00:00,604.0
4558609924,2016-04-16 11:00:00,128.0
4558609924,2016-04-16 12:00:00,514.0
4558609924,2016-04-16 13:00:00,464.0
4558609924,2016-04-16 14:00:00,917.0
4558609924,2016-04-16 15:00:00,573.0
4558609924,2016-04-16 16:00:00,465.0
4558609924,2016-04-16 17:00:00,279.0
4558609924,2016-04-16 18:00:00,364.0
4558609924,2016-04-16 19:00:00,2036.0
4558609924,2016-04-16 20:00:00,384.0
4558609924,2016-04-16 21:00:00,30.0
4558609924,2016-04-16 22:00:00,29.0
4558609924,2016-04-16 23:00:00,108.0
4558609924,2016-04-17 00:00:00,32.0
4558609924,2016-04-17 01:00:00,0.0
4558609924,2016-04-17 02:00:00,0.0
4558609924,2016-04-17 03:00:00,0.0
4558609924,2016-04-17 04:00:00,0.0
4558609924,2016-04-17 05:00:00,0.0
4558609924,2016-04-17 06:00:00,0.0
4558609924,2016-04-17 07:00:00,0.0
4558609924,2016-04-17 08:00:00,0.0
4558609924,2016-04-17 09:00:00,360.0
4558609924,2016-04-17 10:00:00,661.0
4558609924,2016-04-17 11:00:00,2127.0
4558609924,2016-04-17 12:00:00,2483.0
4558609924,2016-04-17 13:00:00,258.0
4558609924,2016-04-17 14:00:00,717.0
4558609924,2016-04-17 15:00:00,246.0
4558609924,2016-04-17 16:00:00,336.0
4558609924,2016-04-17 17:00:00,800.0
4558609924,2016-04-17 18:00:00,45.0
4558609924,2016-04-17 19:00:00,659.0
4558609924,2016-04-17 20:00:00,272.0
4558609924,2016-04-17 21:00:00,349.0
4558609924,2016-04-17 22:00:00,284.0
4558609924,2016-04-17 23:00:00,5.0
4558609924,2016-04-18 00:00:00,0.0
4558609924,2016-04-18 01:00:00,0.0
4558609924,2016-04-18 02:00:00,0.0
4558609924,2016-04-18 03:00:00,0.0
4558609924,2016-04-18 04:00:00,0.0
4558609924,2016-04-18 05:00:00,0.0
4558609924,2016-04-18 06:00:00,0.0
4558609924,2016-04-18 07:00:00,120.0
4558609924,2016-04-18 08:00:00,401.0
4558609924,2016-04-18 09:00:00,329.0
4558609924,2016-04-18 10:00:00,292.0
4558609924,2016-04-18 11:00:00,893.0
4558609924,2016-04-18 12:00:00,309.0
4558609924,2016-04-18 13:00:00,487.0
4558609924,2016-04-18 14:00:00,243.0
4558609924,2016-04-18 15:00:00,292.0
4558609924,2016-04-18 16:00:00,3396.0
4558609924,2016-04-18 17:00:00,547.0
4558609924,2016-04-18 18:00:00,463.0
4558609924,2016-04-18 19:00:00,596.0
4558609924,2016-04-18 20:00:00,471.0
4558609924,2016-04-18 21:00:00,92.0
4558609924,2016-04-18 22:00:00,9.0
4558609924,2016-04-18 23:00:00,0.0
4558609924,2016-04-19 00:00:00,0.0
4558609924,2016-04-19 01:00:00,0.0
4558609924,2016-04-19 02:00:00,0.0
4558609924,2016-04-19 03:00:00,0.0
4558609924,2016-04-19 04:00:00,0.0
4558609924,2016-04-19 05:00:00,0.0
4558609924,2016-04-19 06:00:00,0.0
4558609924,2016-04-19 07:00:00,0.0
4558609924,2016-04-19 08:00:00,0.0
4558609924,2016-04-19 09:00:00,0.0
4558609924,2016-04-19 10:00:00,0.0
4558609924,2016-04-19 11:00:00,0.0
4558609924,2016-04-19 12:00:00,27.0
4558609924,2016-04-19 13:00:00,480.0
4558609924,2016-04-19 14:00:00,444.0
4558609924,2016-04-19 15:00:00,197.0
4558609924,2016-04-19 16:00:00,386.0
4558609924,2016-04-19 17:00:00,1134.0
4558609924,2016-04-19 18:00:00,503.0
4558609924,2016-04-19 19:00:00,882.0
4558609924,2016-04-19 20:00:00,501.0
4558609924,2016-04-19 21:00:00,278.0
4558609924,2016-04-19 22:00:00,539.0
4558609924,2016-04-19 23:00:00,30.0
4558609924,2016-04-20 00:00:00,29.0
4558609924,2016-04-20 01:00:00,0.0
4558609924,2016-04-20 02:00:00,0.0
4558609924,2016-04-20 03:00:00,0.0
4558609924,2016-04-20 04:00:00,0.0
4558609924,2016-04-20 05:00:00,0.0
4558609924,2016-04-20 06:00:00,0.0
4558609924,2016-04-20 07:00:00,0.0
4558609924,2016-04-20 08:00:00,0.0
4558609924,2016-04-20 09:00:00,0.0
4558609924,2016-04-20 10:00:00,69.0
4558609924,2016-04-20 11:00:00,442.0
4558609924,2016-04-20 12:00:00,305.0
4558609924,2016-04-20 13:00:00,442.0
4558609924,2016-04-20 14:00:00,315.0
4558609924,2016-04-20 15:00:00,252.0
4558609924,2016-04-20 16:00:00,190.0
4558609924,2016-04-20 17:00:00,453.0
4558609924,2016-04-20 18:00:00,723.0
4558609924,2016-04-20 19:00:00,640.0
4558609924,2016-04-20 20:00:00,499.0
4558609924,2016-04-20 21:00:00,100.0
4558609924,2016-04-20 22:00:00,139.0
4558609924,2016-04-20 23:00:00,205.0
4558609924,2016-04-21 00:00:00,58.0
4558609924,2016-04-21 01:00:00,0.0
4558609924,2016-04-21 02:00:00,11.0
4558609924,2016-04-21 03:00:00,0.0
4558609924,2016-04-21 04:00:00,0.0
4558609924,2016-04-21 05:00:00,0.0
4558609924,2016-04-21 06:00:00,0.0
4558609924,2016-04-21 07:00:00,188.0
4558609924,2016-04-21 08:00:00,1190.0
4558609924,2016-04-21 09:00:00,1096.0
4558609924,2016-04-21 10:00:00,1954.0
4558609924,2016-04-21 11:00:00,1449.0
4558609924,2016-04-21 12:00:00,1045.0
4558609924,2016-04-21 13:00:00,556.0
4558609924,2016-04-21 14:00:00,548.0
4558609924,2016-04-21 15:00:00,446.0
4558609924,2016-04-21 16:00:00,803.0
4558609924,2016-04-21 17:00:00,1498.0
4558609924,2016-04-21 18:00:00,1686.0
4558609924,2016-04-21 19:00:00,422.0
4558609924,2016-04-21 20:00:00,212.0
4558609924,2016-04-21 21:00:00,271.0
4558609924,2016-04-21 22:00:00,208.0
4558609924,2016-04-21 23:00:00,102.0
4558609924,2016-04-22 00:00:00,32.0
4558609924,2016-04-22 01:00:00,62.0
4558609924,2016-04-22 02:00:00,0.0
4558609924,2016-04-22 03:00:00,0.0
4558609924,2016-04-22 04:00:00,0.0
4558609924,2016-04-22 05:00:00,0.0
4558609924,2016-04-22 06:00:00,0.0
4558609924,2016-04-22 07:00:00,0.0
4558609924,2016-04-22 08:00:00,0.0
4558609924,2016-04-22 09:00:00,235.0
4558609924,2016-04-22 10:00:00,487.0
4558609924,2016-04-22 11:00:00,387.0
4558609924,2016-04-22 12:00:00,147.0
4558609924,2016-04-22 13:00:00,365.0
4558609924,2016-04-22 14:00:00,438.0
4558609924,2016-04-22 15:00:00,829.0
4558609924,2016-04-22 16:00:00,367.0
4558609924,2016-04-22 17:00:00,317.0
4558609924,2016-04-22 18:00:00,4688.0
4558609924,2016-04-22 19:00:00,73.0
4558609924,2016-04-22 20:00:00,520.0
4558609924,2016-04-22 21:00:00,173.0
4558609924,2016-04-22 22:00:00,454.0
4558609924,2016-04-22 23:00:00,27.0
4558609924,2016-04-23 00:00:00,489.0
4558609924,2016-04-23 01:00:00,56.0
4558609924,2016-04-23 02:00:00,0.0
4558609924,2016-04-23 03:00:00,0.0
4558609924,2016-04-23 04:00:00,0.0
4558609924,2016-04-23 05:00:00,0.0
4558609924,2016-04-23 06:00:00,0.0
4558609924,2016-04-23 07:00:00,0.0
4558609924,2016-04-23 08:00:00,0.0
4558609924,2016-04-23 09:00:00,385.0
4558609924,2016-04-23 10:00:00,269.0
4558609924,2016-04-23 11:00:00,145.0
4558609924,2016-04-23 12:00:00,187.0
4558609924,2016-04-23 13:00:00,387.0
4558609924,2016-04-23 14:00:00,1265.0
4558609924,2016-04-23 15:00:00,838.0
4558609924,2016-04-23 16:00:00,551.0
4558609924,2016-04-23 17:00:00,350.0
4558609924,2016-04-23 18:00:00,640.0
4558609924,2016-04-23 19:00:00,516.0
4558609924,2016-04-23 20:00:00,256.0
4558609924,2016-04-23 21:00:00,399.0
4558609924,2016-04-23 22:00:00,8.0
4558609924,2016-04-23 23:00:00,149.0
4558609924,2016-04-24 00:00:00,0.0
4558609924,2016-04-24 01:00:00,0.0
4558609924,2016-04-24 02:00:00,0.0
4558609924,2016-04-24 03:00:00,0.0
4558609924,2016-04-24 04:00:00,0.0
4558609924,2016-04-24 05:00:00,0.0
4558609924,2016-04-24 06:00:00,0.0
4558609924,2016-04-24 07:00:00,0.0
4558609924,2016-04-24 08:00:00,522.0
4558609924,2016-04-24 09:00:00,422.0
4558609924,2016-04-24 10:00:00,1081.0
4558609924,2016-04-24 11:00:00,420.0
4558609924,2016-04-24 12:00:00,1046.0
4558609924,2016-04-24 13:00:00,214.0
4558609924,2016-04-24 14:00:00,657.0
4558609924,2016-04-24 15:00:00,1136.0
4558609924,2016-04-24 16:00:00,484.0
4558609924,2016-04-24 17:00:00,563.0
4558609924,2016-04-24 18:00:00,401.0
4558609924,2016-04-24 19:00:00,395.0
4558609924,2016-04-24 20:00:00,219.0
4558609924,2016-04-24 21:00:00,239.0
4558609924,2016-04-24 22:00:00,271.0
4558609924,2016-04-24 23:00:00,483.0
4558609924,2016-04-25 00:00:00,98.0
4558609924,2016-04-25 01:00:00,54.0
4558609924,2016-04-25 02:00:00,0.0
4558609924,2016-04-25 03:00:00,0.0
4558609924,2016-04-25 04:00:00,0.0
4558609924,2016-04-25 05:00:00,0.0
4558609924,2016-04-25 06:00:00,0.0
4558609924,2016-04-25 07:00:00,0.0
4558609924,2016-04-25 08:00:00,0.0
4558609924,2016-04-25 09:00:00,359.0
4558609924,2016-04-25 10:00:00,476.0
4558609924,2016-04-25 11:00:00,289.0
4558609924,2016-04-25 12:00:00,272.0
4558609924,2016-04-25 13:00:00,499.0
4558609924,2016-04-25 14:00:00,570.0
4558609924,2016-04-25 15:00:00,670.0
4558609924,2016-04-25 16:00:00,1641.0
4558609924,2016-04-25 17:00:00,358.0
4558609924,2016-04-25 18:00:00,433.0
4558609924,2016-04-25 19:00:00,654.0
4558609924,2016-04-25 20:00:00,449.0
4558609924,2016-04-25 21:00:00,990.0
4558609924,2016-04-25 22:00:00,283.0
4558609924,2016-04-25 23:00:00,0.0
4558609924,2016-04-26 00:00:00,0.0
4558609924,2016-04-26 01:00:00,0.0
4558609924,2016-04-26 02:00:00,0.0
4558609924,2016-04-26 03:00:00,0.0
4558609924,2016-04-26 04:00:00,0.0
4558609924,2016-04-26 05:00:00,0.0
4558609924,2016-04-26 06:00:00,0.0
4558609924,2016-04-26 07:00:00,0.0
4558609924,2016-04-26 08:00:00,192.0
4558609924,2016-04-26 09:00:00,491.0
4558609924,2016-04-26 10:00:00,303.0
4558609924,2016-04-26 11:00:00,628.0
4558609924,2016-04-26 12:00:00,334.0
4558609924,2016-04-26 13:00:00,228.0
4558609924,2016-04-26 14:00:00,150.0
4558609924,2016-04-26 15:00:00,1319.0
4558609924,2016-04-26 16:00:00,152.0
4558609924,2016-04-26 17:00:00,2600.0
4558609924,2016-04-26 18:00:00,1500.0
4558609924,2016-04-26 19:00:00,124.0
4558609924,2016-04-26 20:00:00,651.0
4558609924,2016-04-26 21:00:00,187.0
4558609924,2016-04-26 22:00:00,64.0
4558609924,2016-04-26 23:00:00,225.0
4558609924,2016-04-27 00:00:00,72.0
4558609924,2016-04-27 01:00:00,0.0
4558609924,2016-04-27 02:00:00,0.0
4558609924,2016-04-27 03:00:00,0.0
4558609924,2016-04-27 04:00:00,0.0
4558609924,2016-04-27 05:00:00,0.0
4558609924,2016-04-27 06:00:00,0.0
4558609924,2016-04-27 07:00:00,0.0
4558609924,2016-04-27 08:00:00,0.0
4558609924,2016-04-27 09:00:00,263.0
4558609924,2016-04-27 10:00:00,601.0
4558609924,2016-04-27 11:00:00,242.0
4558609924,2016-04-27 12:00:00,598.0
4558609924,2016-04-27 13:00:00,233.0
4558609924,2016-04-27 14:00:00,201.0
4558609924,2016-04-27 15:00:00,720.0
4558609924,2016-04-27 16:00:00,264.0
4558609924,2016-04-27 17:00:00,346.0
4558609924,2016-04-27 18:00:00,3807.0
4558609924,2016-04-27 19:00:00,1113.0
4558609924,2016-04-27 20:00:00,602.0
4558609924,2016-04-27 21:00:00,351.0
4558609924,2016-04-27 22:00:00,144.0
4558609924,2016-04-27 23:00:00,0.0
4558609924,2016-04-28 00:00:00,0.0
4558609924,2016-04-28 01:00:00,0.0
4558609924,2016-04-28 02:00:00,0.0
4558609924,2016-04-28 03:00:00,0.0
4558609924,2016-04-28 04:00:00,0.0
4558609924,2016-04-28 05:00:00,0.0
4558609924,2016-04-28 06:00:00,480.0
4558609924,2016-04-28 07:00:00,840.0
4558609924,2016-04-28 08:00:00,875.0
4558609924,2016-04-28 09:00:00,770.0
4558609924,2016-04-28 10:00:00,566.0
4558609924,2016-04-28 11:00:00,515.0
4558609924,2016-04-28 12:00:00,459.0
4558609924,2016-04-28 13:00:00,797.0
4558609924,2016-04-28 14:00:00,565.0
4558609924,2016-04-28 15:00:00,821.0
4558609924,2016-04-28 16:00:00,1606.0
4558609924,2016-04-28 17:00:00,498.0
4558609924,2016-04-28 18:00:00,110.0
4558609924,2016-04-28 19:00:00,156.0
4558609924,2016-04-28 20:00:00,178.0
4558609924,2016-04-28 21:00:00,143.0
4558609924,2016-04-28 22:00:00,67.0
4558609924,2016-04-28 23:00:00,5.0
4558609924,2016-04-29 00:00:00,0.0
4558609924,2016-04-29 01:00:00,0.0
4558609924,2016-04-29 02:00:00,0.0
4558609924,2016-04-29 03:00:00,0.0
4558609924,2016-04-29 04:00:00,0.0
4558609924,2016-04-29 05:00:00,0.0
4558609924,2016-04-29 06:00:00,0.0
4558609924,2016-04-29 07:00:00,0.0
4558609924,2016-04-29 08:00:00,0.0
4558609924,2016-04-29 09:00:00,41.0
4558609924,2016-04-29 10:00:00,416.0
4558609924,2016-04-29 11:00:00,213.0
4558609924,2016-04-29 12:00:00,411.0
4558609924,2016-04-29 13:00:00,612.0
4558609924,2016-04-29 14:00:00,66.0
4558609924,2016-04-29 15:00:00,2190.0
4558609924,2016-04-29 16:00:00,2660.0
4558609924,2016-04-29 17:00:00,93.0
4558609924,2016-04-29 18:00:00,95.0
4558609924,2016-04-29 19:00:00,279.0
4558609924,2016-04-29 20:00:00,164.0
4558609924,2016-04-29 21:00:00,410.0
4558609924,2016-04-29 22:00:00,86.0
4558609924,2016-04-29 23:00:00,97.0
4558609924,2016-04-30 00:00:00,0.0
4558609924,2016-04-30 01:00:00,105.0
4558609924,2016-04-30 02:00:00,0.0
4558609924,2016-04-30 03:00:00,0.0
4558609924,2016-04-30 04:00:00,0.0
4558609924,2016-04-30 05:00:00,0.0
4558609924,2016-04-30 06:00:00,303.0
4558609924,2016-04-30 07:00:00,218.0
4558609924,2016-04-30 08:00:00,155.0
4558609924,2016-04-30 09:00:00,360.0
4558609924,2016-04-30 10:00:00,365.0
4558609924,2016-04-30 11:00:00,117.0
4558609924,2016-04-30 12:00:00,273.0
4558609924,2016-04-30 13:00:00,360.0
4558609924,2016-04-30 14:00:00,1721.0
4558609924,2016-04-30 15:00:00,410.0
4558609924,2016-04-30 16:00:00,142.0
4558609924,2016-04-30 17:00:00,812.0
4558609924,2016-04-30 18:00:00,3370.0
4558609924,2016-04-30 19:00:00,1239.0
4558609924,2016-04-30 20:00:00,15.0
4558609924,2016-04-30 21:00:00,143.0
4558609924,2016-04-30 22:00:00,156.0
4558609924,2016-04-30 23:00:00,46.0
4558609924,2016-05-01 00:00:00,0.0
4558609924,2016-05-01 01:00:00,0.0
4558609924,2016-05-01 02:00:00,0.0
4558609924,2016-05-01 03:00:00,0.0
4558609924,2016-05-01 04:00:00,0.0
4558609924,2016-05-01 05:00:00,0.0
4558609924,2016-05-01 06:00:00,0.0
4558609924,2016-05-01 07:00:00,0.0
4558609924,2016-05-01 08:00:00,0.0
4558609924,2016-05-01 09:00:00,361.0
4558609924,2016-05-01 10:00:00,594.0
4558609924,2016-05-01 11:00:00,117.0
4558609924,2016-05-01 12:00:00,305.0
4558609924,2016-05-01 13:00:00,287.0
4558609924,2016-05-01 14:00:00,409.0
4558609924,2016-05-01 15:00:00,433.0
4558609924,2016-05-01 16:00:00,25.0
4558609924,2016-05-01 17:00:00,282.0
4558609924,2016-05-01 18:00:00,190.0
4558609924,2016-05-01 19:00:00,343.0
4558609924,2016-05-01 20:00:00,50.0
4558609924,2016-05-01 21:00:00,32.0
4558609924,2016-05-01 22:00:00,0.0
4558609924,2016-05-01 23:00:00,0.0
4558609924,2016-05-02 00:00:00,0.0
4558609924,2016-05-02 01:00:00,0.0
4558609924,2016-05-02 02:00:00,0.0
4558609924,2016-05-02 03:00:00,0.0
4558609924,2016-05-02 04:00:00,0.0
4558609924,2016-05-02 05:00:00,0.0
4558609924,2016-05-02 06:00:00,0.0
4558609924,2016-05-02 07:00:00,0.0
4558609924,2016-05-02 08:00:00,623.0
4558609924,2016-05-02 09:00:00,452.0
4558609924,2016-05-02 10:00:00,902.0
4558609924,2016-05-02 11:00:00,1036.0
4558609924,2016-05-02 12:00:00,308.0
4558609924,2016-05-02 13:00:00,180.0
4558609924,2016-05-02 14:00:00,362.0
4558609924,2016-05-02 15:00:00,356.0
4558609924,2016-05-02 16:00:00,532.0
4558609924,2016-05-02 17:00:00,283.0
4558609924,2016-05-02 18:00:00,582.0
4558609924,2016-05-02 19:00:00,515.0
4558609924,2016-05-02 20:00:00,746.0
4558609924,2016-05-02 21:00:00,849.0
4558609924,2016-05-02 22:00:00,131.0
4558609924,2016-05-02 23:00:00,34.0
4558609924,2016-05-03 00:00:00,36.0
4558609924,2016-05-03 01:00:00,48.0
4558609924,2016-05-03 02:00:00,2.0
4558609924,2016-05-03 03:00:00,0.0
4558609924,2016-05-03 04:00:00,0.0
4558609924,2016-05-03 05:00:00,0.0
4558609924,2016-05-03 06:00:00,0.0
4558609924,2016-05-03 07:00:00,0.0
4558609924,2016-05-03 08:00:00,0.0
4558609924,2016-05-03 09:00:00,245.0
4558609924,2016-05-03 10:00:00,301.0
4558609924,2016-05-03 11:00:00,367.0
4558609924,2016-05-03 12:00:00,253.0
4558609924,2016-05-03 13:00:00,200.0
4558609924,2016-05-03 14:00:00,266.0
4558609924,2016-05-03 15:00:00,86.0
4558609924,2016-05-03 16:00:00,758.0
4558609924,2016-05-03 17:00:00,337.0
4558609924,2016-05-03 18:00:00,1714.0
4558609924,2016-05-03 19:00:00,44.0
4558609924,2016-05-03 20:00:00,29.0
4558609924,2016-05-03 21:00:00,307.0
4558609924,2016-05-03 22:00:00,229.0
4558609924,2016-05-03 23:00:00,45.0
4558609924,2016-05-04 00:00:00,0.0
4558609924,2016-05-04 01:00:00,0.0
4558609924,2016-05-04 02:00:00,0.0
4558609924,2016-05-04 03:00:00,0.0
4558609924,2016-05-04 04:00:00,0.0
4558609924,2016-05-04 05:00:00,0.0
4558609924,2016-05-04 06:00:00,0.0
4558609924,2016-05-04 07:00:00,0.0
4558609924,2016-05-04 08:00:00,0.0
4558609924,2016-05-04 09:00:00,0.0
4558609924,2016-05-04 10:00:00,243.0
4558609924,2016-05-04 11:00:00,261.0
4558609924,2016-05-04 12:00:00,203.0
4558609924,2016-05-04 13:00:00,51.0
4558609924,2016-05-04 14:00:00,195.0
4558609924,2016-05-04 15:00:00,893.0
4558609924,2016-05-04 16:00:00,166.0
4558609924,2016-05-04 17:00:00,1119.0
4558609924,2016-05-04 18:00:00,287.0
4558609924,2016-05-04 19:00:00,390.0
4558609924,2016-05-04 20:00:00,434.0
4558609924,2016-05-04 21:00:00,502.0
4558609924,2016-05-04 22:00:00,212.0
4558609924,2016-05-04 23:00:00,276.0
4558609924,2016-05-05 00:00:00,0.0
4558609924,2016-05-05 01:00:00,0.0
4558609924,2016-05-05 02:00:00,0.0
4558609924,2016-05-05 03:00:00,0.0
4558609924,2016-05-05 04:00:00,0.0
4558609924,2016-05-05 05:00:00,0.0
4558609924,2016-05-05 06:00:00,0.0
4558609924,2016-05-05 07:00:00,140.0
4558609924,2016-05-05 08:00:00,420.0
4558609924,2016-05-05 09:00:00,1240.0
4558609924,2016-05-05 10:00:00,237.0
4558609924,2016-05-05 11:00:00,2975.0
4558609924,2016-05-05 12:00:00,887.0
4558609924,2016-05-05 13:00:00,244.0
4558609924,2016-05-05 14:00:00,127.0
4558609924,2016-05-05 15:00:00,451.0
4558609924,2016-05-05 16:00:00,1183.0
4558609924,2016-05-05 17:00:00,768.0
4558609924,2016-05-05 18:00:00,520.0
4558609924,2016-05-05 19:00:00,444.0
4558609924,2016-05-05 20:00:00,447.0
4558609924,2016-05-05 21:00:00,325.0
4558609924,2016-05-05 22:00:00,186.0
4558609924,2016-05-05 23:00:00,17.0
4558609924,2016-05-06 00:00:00,9.0
4558609924,2016-05-06 01:00:00,0.0
4558609924,2016-05-06 02:00:00,0.0
4558609924,2016-05-06 03:00:00,0.0
4558609924,2016-05-06 04:00:00,0.0
4558609924,2016-05-06 05:00:00,0.0
4558609924,2016-05-06 06:00:00,0.0
4558609924,2016-05-06 07:00:00,0.0
4558609924,2016-05-06 08:00:00,0.0
4558609924,2016-05-06 09:00:00,571.0
4558609924,2016-05-06 10:00:00,596.0
4558609924,2016-05-06 11:00:00,366.0
4558609924,2016-05-06 12:00:00,547.0
4558609924,2016-05-06 13:00:00,331.0
4558609924,2016-05-06 14:00:00,212.0
4558609924,2016-05-06 15:00:00,183.0
4558609924,2016-05-06 16:00:00,348.0
4558609924,2016-05-06 17:00:00,57.0
4558609924,2016-05-06 18:00:00,49.0
4558609924,2016-05-06 19:00:00,43.0
4558609924,2016-05-06 20:00:00,70.0
4558609924,2016-05-06 21:00:00,321.0
4558609924,2016-05-06 22:00:00,42.0
4558609924,2016-05-06 23:00:00,10.0
4558609924,2016-05-07 00:00:00,0.0
4558609924,2016-05-07 01:00:00,0.0
4558609924,2016-05-07 02:00:00,0.0
4558609924,2016-05-07 03:00:00,0.0
4558609924,2016-05-07 04:00:00,0.0
4558609924,2016-05-07 05:00:00,0.0
4558609924,2016-05-07 06:00:00,0.0
4558609924,2016-05-07 07:00:00,0.0
4558609924,2016-05-07 08:00:00,49.0
4558609924,2016-05-07 09:00:00,292.0
4558609924,2016-05-07 10:00:00,263.0
4558609924,2016-05-07 11:00:00,382.0
4558609924,2016-05-07 12:00:00,97.0
4558609924,2016-05-07 13:00:00,79.0
4558609924,2016-05-07 14:00:00,361.0
4558609924,2016-05-07 15:00:00,602.0
4558609924,2016-05-07 16:00:00,4281.0
4558609924,2016-05-07 17:00:00,121.0
4558609924,2016-05-07 18:00:00,241.0
4558609924,2016-05-07 19:00:00,428.0
4558609924,2016-05-07 20:00:00,495.0
4558609924,2016-05-07 21:00:00,169.0
4558609924,2016-05-07 22:00:00,370.0
4558609924,2016-05-07 23:00:00,7.0
4558609924,2016-05-08 00:00:00,0.0
4558609924,2016-05-08 01:00:00,0.0
4558609924,2016-05-08 02:00:00,0.0
4558609924,2016-05-08 03:00:00,0.0
4558609924,2016-05-08 04:00:00,0.0
4558609924,2016-05-08 05:00:00,0.0
4558609924,2016-05-08 06:00:00,0.0
4558609924,2016-05-08 07:00:00,0.0
4558609924,2016-05-08 08:00:00,0.0
4558609924,2016-05-08 09:00:00,0.0
4558609924,2016-05-08 10:00:00,0.0
4558609924,2016-05-08 11:00:00,0.0
4558609924,2016-05-08 12:00:00,0.0
4558609924,2016-05-08 13:00:00,2136.0
4558609924,2016-05-08 14:00:00,1782.0
4558609924,2016-05-08 15:00:00,882.0
4558609924,2016-05-08 16:00:00,481.0
4558609924,2016-05-08 17:00:00,100.0
4558609924,2016-05-08 18:00:00,182.0
4558609924,2016-05-08 19:00:00,118.0
4558609924,2016-05-08 20:00:00,838.0
4558609924,2016-05-08 21:00:00,24.0
4558609924,2016-05-08 22:00:00,0.0
4558609924,2016-05-08 23:00:00,0.0
4558609924,2016-05-09 00:00:00,0.0
4558609924,2016-05-09 01:00:00,0.0
4558609924,2016-05-09 02:00:00,0.0
4558609924,2016-05-09 03:00:00,0.0
4558609924,2016-05-09 04:00:00,0.0
4558609924,2016-05-09 05:00:00,0.0
4558609924,2016-05-09 06:00:00,0.0
4558609924,2016-05-09 07:00:00,127.0
4558609924,2016-05-09 08:00:00,390.0
4558609924,2016-05-09 09:00:00,705.0
4558609924,2016-05-09 10:00:00,485.0
4558609924,2016-05-09 11:00:00,1760.0
4558609924,2016-05-09 12:00:00,175.0
4558609924,2016-05-09 13:00:00,3432.0
4558609924,2016-05-09 14:00:00,976.0
4558609924,2016-05-09 15:00:00,444.0
4558609924,2016-05-09 16:00:00,575.0
4558609924,2016-05-09 17:00:00,139.0
4558609924,2016-05-09 18:00:00,92.0
4558609924,2016-05-09 19:00:00,496.0
4558609924,2016-05-09 20:00:00,503.0
4558609924,2016-05-09 21:00:00,785.0
4558609924,2016-05-09 22:00:00,348.0
4558609924,2016-05-09 23:00:00,19.0
4558609924,2016-05-10 00:00:00,37.0
4558609924,2016-05-10 01:00:00,92.0
4558609924,2016-05-10 02:00:00,0.0
4558609924,2016-05-10 03:00:00,0.0
4558609924,2016-05-10 04:00:00,0.0
4558609924,2016-05-10 05:00:00,0.0
4558609924,2016-05-10 06:00:00,0.0
4558609924,2016-05-10 07:00:00,0.0
4558609924,2016-05-10 08:00:00,0.0
4558609924,2016-05-10 09:00:00,0.0
4558609924,2016-05-10 10:00:00,0.0
4558609924,2016-05-10 11:00:00,101.0
4558609924,2016-05-10 12:00:00,209.0
4558609924,2016-05-10 13:00:00,150.0
4558609924,2016-05-10 14:00:00,313.0
4558609924,2016-05-10 15:00:00,43.0
4558609924,2016-05-10 16:00:00,257.0
4558609924,2016-05-10 17:00:00,314.0
4558609924,2016-05-10 18:00:00,271.0
4558609924,2016-05-10 19:00:00,3420.0
4558609924,2016-05-10 20:00:00,92.0
4558609924,2016-05-10 21:00:00,419.0
4558609924,2016-05-10 22:00:00,631.0
4558609924,2016-05-10 23:00:00,86.0
4558609924,2016-05-11 00:00:00,63.0
4558609924,2016-05-11 01:00:00,70.0
4558609924,2016-05-11 02:00:00,0.0
4558609924,2016-05-11 03:00:00,0.0
4558609924,2016-05-11 04:00:00,0.0
4558609924,2016-05-11 05:00:00,0.0
4558609924,2016-05-11 06:00:00,0.0
4558609924,2016-05-11 07:00:00,0.0
4558609924,2016-05-11 08:00:00,0.0
4558609924,2016-05-11 09:00:00,382.0
4558609924,2016-05-11 10:00:00,380.0
4558609924,2016-05-11 11:00:00,360.0
4558609924,2016-05-11 12:00:00,160.0
4558609924,2016-05-11 13:00:00,326.0
4558609924,2016-05-11 14:00:00,3580.0
4558609924,2016-05-11 15:00:00,527.0
4558609924,2016-05-11 16:00:00,374.0
4558609924,2016-05-11 17:00:00,170.0
4558609924,2016-05-11 18:00:00,627.0
4558609924,2016-05-11 19:00:00,504.0
4558609924,2016-05-11 20:00:00,272.0
4558609924,2016-05-11 21:00:00,596.0
4558609924,2016-05-11 22:00:00,285.0
4558609924,2016-05-11 23:00:00,432.0
4558609924,2016-05-12 00:00:00,0.0
4558609924,2016-05-12 01:00:00,0.0
4558609924,2016-05-12 02:00:00,0.0
4558609924,2016-05-12 03:00:00,0.0
4558609924,2016-05-12 04:00:00,0.0
4558609924,2016-05-12 05:00:00,0.0
4558609924,2016-05-12 06:00:00,0.0
4558609924,2016-05-12 07:00:00,49.0
4558609924,2016-05-12 08:00:00,246.0
4558609924,2016-05-12 09:00:00,700.0
4558609924,2016-05-12 10:00:00,826.0
4558609924,2016-05-12 11:00:00,440.0
4558609924,2016-05-12 12:00:00,698.0
4558609924,2016-05-12 13:00:00,1233.0
4558609924,2016-05-12 14:00:00,1332.0
4558609924,2016-05-12 15:00:00,496.0
4702921684,2016-04-12 00:00:00,0.0
4702921684,2016-04-12 01:00:00,0.0
4702921684,2016-04-12 02:00:00,0.0
4702921684,2016-04-12 03:00:00,4.0
4702921684,2016-04-12 04:00:00,0.0
4702921684,2016-04-12 05:00:00,0.0
4702921684,2016-04-12 06:00:00,558.0
4702921684,2016-04-12 07:00:00,177.0
4702921684,2016-04-12 08:00:00,446.0
4702921684,2016-04-12 09:00:00,1264.0
4702921684,2016-04-12 10:00:00,353.0
4702921684,2016-04-12 11:00:00,209.0
4702921684,2016-04-12 12:00:00,937.0
4702921684,2016-04-12 13:00:00,20.0
4702921684,2016-04-12 14:00:00,257.0
4702921684,2016-04-12 15:00:00,6.0
4702921684,2016-04-12 16:00:00,130.0
4702921684,2016-04-12 17:00:00,890.0
4702921684,2016-04-12 18:00:00,620.0
4702921684,2016-04-12 19:00:00,46.0
4702921684,2016-04-12 20:00:00,480.0
4702921684,2016-04-12 21:00:00,659.0
4702921684,2016-04-12 22:00:00,157.0
4702921684,2016-04-12 23:00:00,0.0
4702921684,2016-04-13 00:00:00,0.0
4702921684,2016-04-13 01:00:00,0.0
4702921684,2016-04-13 02:00:00,185.0
4702921684,2016-04-13 03:00:00,0.0
4702921684,2016-04-13 04:00:00,0.0
4702921684,2016-04-13 05:00:00,0.0
4702921684,2016-04-13 06:00:00,409.0
4702921684,2016-04-13 07:00:00,256.0
4702921684,2016-04-13 08:00:00,223.0
4702921684,2016-04-13 09:00:00,125.0
4702921684,2016-04-13 10:00:00,122.0
4702921684,2016-04-13 11:00:00,167.0
4702921684,2016-04-13 12:00:00,253.0
4702921684,2016-04-13 13:00:00,71.0
4702921684,2016-04-13 14:00:00,182.0
4702921684,2016-04-13 15:00:00,57.0
4702921684,2016-04-13 16:00:00,38.0
4702921684,2016-04-13 17:00:00,840.0
4702921684,2016-04-13 18:00:00,474.0
4702921684,2016-04-13 19:00:00,725.0
4702921684,2016-04-13 20:00:00,329.0
4702921684,2016-04-13 21:00:00,1416.0
4702921684,2016-04-13 22:00:00,999.0
4702921684,2016-04-13 23:00:00,6.0
4702921684,2016-04-14 00:00:00,0.0
4702921684,2016-04-14 01:00:00,0.0
4702921684,2016-04-14 02:00:00,0.0
4702921684,2016-04-14 03:00:00,0.0
4702921684,2016-04-14 04:00:00,0.0
4702921684,2016-04-14 05:00:00,5.0
4702921684,2016-04-14 06:00:00,618.0
4702921684,2016-04-14 07:00:00,239.0
4702921684,2016-04-14 08:00:00,0.0
4702921684,2016-04-14 09:00:00,1377.0
4702921684,2016-04-14 10:00:00,204.0
4702921684,2016-04-14 11:00:00,157.0
4702921684,2016-04-14 12:00:00,210.0
4702921684,2016-04-14 13:00:00,795.0
4702921684,2016-04-14 14:00:00,528.0
4702921684,2016-04-14 15:00:00,191.0
4702921684,2016-04-14 16:00:00,226.0
4702921684,2016-04-14 17:00:00,543.0
4702921684,2016-04-14 18:00:00,948.0
4702921684,2016-04-14 19:00:00,554.0
4702921684,2016-04-14 20:00:00,127.0
4702921684,2016-04-14 21:00:00,417.0
4702921684,2016-04-14 22:00:00,721.0
4702921684,2016-04-14 23:00:00,0.0
4702921684,2016-04-15 00:00:00,0.0
4702921684,2016-04-15 01:00:00,0.0
4702921684,2016-04-15 02:00:00,0.0
4702921684,2016-04-15 03:00:00,0.0
4702921684,2016-04-15 04:00:00,0.0
4702921684,2016-04-15 05:00:00,0.0
4702921684,2016-04-15 06:00:00,0.0
4702921684,2016-04-15 07:00:00,550.0
4702921684,2016-04-15 08:00:00,351.0
4702921684,2016-04-15 09:00:00,0.0
4702921684,2016-04-15 10:00:00,118.0
4702921684,2016-04-15 11:00:00,58.0
4702921684,2016-04-15 12:00:00,337.0
4702921684,2016-04-15 13:00:00,109.0
4702921684,2016-04-15 14:00:00,105.0
4702921684,2016-04-15 15:00:00,101.0
4702921684,2016-04-15 16:00:00,1006.0
4702921684,2016-04-15 17:00:00,406.0
4702921684,2016-04-15 18:00:00,755.0
4702921684,2016-04-15 19:00:00,553.0
4702921684,2016-04-15 20:00:00,623.0
4702921684,2016-04-15 21:00:00,794.0
4702921684,2016-04-15 22:00:00,562.0
4702921684,2016-04-15 23:00:00,78.0
4702921684,2016-04-16 00:00:00,0.0
4702921684,2016-04-16 01:00:00,0.0
4702921684,2016-04-16 02:00:00,0.0
4702921684,2016-04-16 03:00:00,0.0
4702921684,2016-04-16 04:00:00,33.0
4702921684,2016-04-16 05:00:00,28.0
4702921684,2016-04-16 06:00:00,0.0
4702921684,2016-04-16 07:00:00,365.0
4702921684,2016-04-16 08:00:00,385.0
4702921684,2016-04-16 09:00:00,187.0
4702921684,2016-04-16 10:00:00,1383.0
4702921684,2016-04-16 11:00:00,1657.0
4702921684,2016-04-16 12:00:00,754.0
4702921684,2016-04-16 13:00:00,1463.0
4702921684,2016-04-16 14:00:00,744.0
4702921684,2016-04-16 15:00:00,191.0
4702921684,2016-04-16 16:00:00,843.0
4702921684,2016-04-16 17:00:00,452.0
4702921684,2016-04-16 18:00:00,194.0
4702921684,2016-04-16 19:00:00,848.0
4702921684,2016-04-16 20:00:00,634.0
4702921684,2016-04-16 21:00:00,973.0
4702921684,2016-04-16 22:00:00,0.0
4702921684,2016-04-16 23:00:00,0.0
4702921684,2016-04-17 00:00:00,0.0
4702921684,2016-04-17 01:00:00,0.0
4702921684,2016-04-17 02:00:00,0.0
4702921684,2016-04-17 03:00:00,0.0
4702921684,2016-04-17 04:00:00,0.0
4702921684,2016-04-17 05:00:00,0.0
4702921684,2016-04-17 06:00:00,0.0
4702921684,2016-04-17 07:00:00,9.0
4702921684,2016-04-17 08:00:00,551.0
4702921684,2016-04-17 09:00:00,1105.0
4702921684,2016-04-17 10:00:00,805.0
4702921684,2016-04-17 11:00:00,440.0
4702921684,2016-04-17 12:00:00,1417.0
4702921684,2016-04-17 13:00:00,1214.0
4702921684,2016-04-17 14:00:00,3926.0
4702921684,2016-04-17 15:00:00,1724.0
4702921684,2016-04-17 16:00:00,0.0
4702921684,2016-04-17 17:00:00,363.0
4702921684,2016-04-17 18:00:00,222.0
4702921684,2016-04-17 19:00:00,414.0
4702921684,2016-04-17 20:00:00,271.0
4702921684,2016-04-17 21:00:00,231.0
4702921684,2016-04-17 22:00:00,0.0
4702921684,2016-04-17 23:00:00,0.0
4702921684,2016-04-18 00:00:00,0.0
4702921684,2016-04-18 01:00:00,0.0
4702921684,2016-04-18 02:00:00,0.0
4702921684,2016-04-18 03:00:00,0.0
4702921684,2016-04-18 04:00:00,0.0
4702921684,2016-04-18 05:00:00,0.0
4702921684,2016-04-18 06:00:00,81.0
4702921684,2016-04-18 07:00:00,837.0
4702921684,2016-04-18 08:00:00,99.0
4702921684,2016-04-18 09:00:00,1272.0
4702921684,2016-04-18 10:00:00,110.0
4702921684,2016-04-18 11:00:00,0.0
4702921684,2016-04-18 12:00:00,961.0
4702921684,2016-04-18 13:00:00,230.0
4702921684,2016-04-18 14:00:00,253.0
4702921684,2016-04-18 15:00:00,116.0
4702921684,2016-04-18 16:00:00,221.0
4702921684,2016-04-18 17:00:00,338.0
4702921684,2016-04-18 18:00:00,2146.0
4702921684,2016-04-18 19:00:00,1263.0
4702921684,2016-04-18 20:00:00,865.0
4702921684,2016-04-18 21:00:00,313.0
4702921684,2016-04-18 22:00:00,0.0
4702921684,2016-04-18 23:00:00,0.0
4702921684,2016-04-19 00:00:00,0.0
4702921684,2016-04-19 01:00:00,0.0
4702921684,2016-04-19 02:00:00,0.0
4702921684,2016-04-19 03:00:00,0.0
4702921684,2016-04-19 04:00:00,0.0
4702921684,2016-04-19 05:00:00,7.0
4702921684,2016-04-19 06:00:00,680.0
4702921684,2016-04-19 07:00:00,217.0
4702921684,2016-04-19 08:00:00,324.0
4702921684,2016-04-19 09:00:00,1168.0
4702921684,2016-04-19 10:00:00,0.0
4702921684,2016-04-19 11:00:00,102.0
4702921684,2016-04-19 12:00:00,1000.0
4702921684,2016-04-19 13:00:00,49.0
4702921684,2016-04-19 14:00:00,216.0
4702921684,2016-04-19 15:00:00,37.0
4702921684,2016-04-19 16:00:00,395.0
4702921684,2016-04-19 17:00:00,860.0
4702921684,2016-04-19 18:00:00,483.0
4702921684,2016-04-19 19:00:00,248.0
4702921684,2016-04-19 20:00:00,336.0
4702921684,2016-04-19 21:00:00,586.0
4702921684,2016-04-19 22:00:00,0.0
4702921684,2016-04-19 23:00:00,0.0
4702921684,2016-04-20 00:00:00,0.0
4702921684,2016-04-20 01:00:00,7.0
4702921684,2016-04-20 02:00:00,0.0
4702921684,2016-04-20 03:00:00,0.0
4702921684,2016-04-20 04:00:00,0.0
4702921684,2016-04-20 05:00:00,15.0
4702921684,2016-04-20 06:00:00,1047.0
4702921684,2016-04-20 07:00:00,494.0
4702921684,2016-04-20 08:00:00,2.0
4702921684,2016-04-20 09:00:00,662.0
4702921684,2016-04-20 10:00:00,26.0
4702921684,2016-04-20 11:00:00,903.0
4702921684,2016-04-20 12:00:00,136.0
4702921684,2016-04-20 13:00:00,139.0
4702921684,2016-04-20 14:00:00,97.0
4702921684,2016-04-20 15:00:00,168.0
4702921684,2016-04-20 16:00:00,123.0
4702921684,2016-04-20 17:00:00,943.0
4702921684,2016-04-20 18:00:00,552.0
4702921684,2016-04-20 19:00:00,886.0
4702921684,2016-04-20 20:00:00,1072.0
4702921684,2016-04-20 21:00:00,935.0
4702921684,2016-04-20 22:00:00,586.0
4702921684,2016-04-20 23:00:00,0.0
4702921684,2016-04-21 00:00:00,0.0
4702921684,2016-04-21 01:00:00,0.0
4702921684,2016-04-21 02:00:00,0.0
4702921684,2016-04-21 03:00:00,0.0
4702921684,2016-04-21 04:00:00,7.0
4702921684,2016-04-21 05:00:00,28.0
4702921684,2016-04-21 06:00:00,1407.0
4702921684,2016-04-21 07:00:00,760.0
4702921684,2016-04-21 08:00:00,82.0
4702921684,2016-04-21 09:00:00,0.0
4702921684,2016-04-21 10:00:00,0.0
4702921684,2016-04-21 11:00:00,0.0
4702921684,2016-04-21 12:00:00,214.0
4702921684,2016-04-21 13:00:00,112.0
4702921684,2016-04-21 14:00:00,185.0
4702921684,2016-04-21 15:00:00,124.0
4702921684,2016-04-21 16:00:00,215.0
4702921684,2016-04-21 17:00:00,1439.0
4702921684,2016-04-21 18:00:00,608.0
4702921684,2016-04-21 19:00:00,806.0
4702921684,2016-04-21 20:00:00,543.0
4702921684,2016-04-21 21:00:00,0.0
4702921684,2016-04-21 22:00:00,0.0
4702921684,2016-04-21 23:00:00,0.0
4702921684,2016-04-22 00:00:00,0.0
4702921684,2016-04-22 01:00:00,0.0
4702921684,2016-04-22 02:00:00,0.0
4702921684,2016-04-22 03:00:00,0.0
4702921684,2016-04-22 04:00:00,0.0
4702921684,2016-04-22 05:00:00,0.0
4702921684,2016-04-22 06:00:00,0.0
4702921684,2016-04-22 07:00:00,0.0
4702921684,2016-04-22 08:00:00,0.0
4702921684,2016-04-22 09:00:00,0.0
4702921684,2016-04-22 10:00:00,0.0
4702921684,2016-04-22 11:00:00,0.0
4702921684,2016-04-22 12:00:00,0.0
4702921684,2016-04-22 13:00:00,0.0
4702921684,2016-04-22 14:00:00,0.0
4702921684,2016-04-22 15:00:00,0.0
4702921684,2016-04-22 16:00:00,0.0
4702921684,2016-04-22 17:00:00,0.0
4702921684,2016-04-22 18:00:00,0.0
4702921684,2016-04-22 19:00:00,0.0
4702921684,2016-04-22 20:00:00,368.0
4702921684,2016-04-22 21:00:00,939.0
4702921684,2016-04-22 22:00:00,357.0
4702921684,2016-04-22 23:00:00,0.0
4702921684,2016-04-23 00:00:00,0.0
4702921684,2016-04-23 01:00:00,0.0
4702921684,2016-04-23 02:00:00,0.0
4702921684,2016-04-23 03:00:00,0.0
4702921684,2016-04-23 04:00:00,0.0
4702921684,2016-04-23 05:00:00,0.0
4702921684,2016-04-23 06:00:00,0.0
4702921684,2016-04-23 07:00:00,156.0
4702921684,2016-04-23 08:00:00,247.0
4702921684,2016-04-23 09:00:00,1616.0
4702921684,2016-04-23 10:00:00,786.0
4702921684,2016-04-23 11:00:00,2196.0
4702921684,2016-04-23 12:00:00,1615.0
4702921684,2016-04-23 13:00:00,1259.0
4702921684,2016-04-23 14:00:00,964.0
4702921684,2016-04-23 15:00:00,1411.0
4702921684,2016-04-23 16:00:00,856.0
4702921684,2016-04-23 17:00:00,869.0
4702921684,2016-04-23 18:00:00,337.0
4702921684,2016-04-23 19:00:00,652.0
4702921684,2016-04-23 20:00:00,616.0
4702921684,2016-04-23 21:00:00,1272.0
4702921684,2016-04-23 22:00:00,274.0
4702921684,2016-04-23 23:00:00,0.0
4702921684,2016-04-24 00:00:00,0.0
4702921684,2016-04-24 01:00:00,0.0
4702921684,2016-04-24 02:00:00,0.0
4702921684,2016-04-24 03:00:00,4.0
4702921684,2016-04-24 04:00:00,0.0
4702921684,2016-04-24 05:00:00,0.0
4702921684,2016-04-24 06:00:00,23.0
4702921684,2016-04-24 07:00:00,214.0
4702921684,2016-04-24 08:00:00,272.0
4702921684,2016-04-24 09:00:00,684.0
4702921684,2016-04-24 10:00:00,864.0
4702921684,2016-04-24 11:00:00,490.0
4702921684,2016-04-24 12:00:00,3023.0
4702921684,2016-04-24 13:00:00,3962.0
4702921684,2016-04-24 14:00:00,1248.0
4702921684,2016-04-24 15:00:00,102.0
4702921684,2016-04-24 16:00:00,9.0
4702921684,2016-04-24 17:00:00,574.0
4702921684,2016-04-24 18:00:00,1726.0
4702921684,2016-04-24 19:00:00,1045.0
4702921684,2016-04-24 20:00:00,554.0
4702921684,2016-04-24 21:00:00,132.0
4702921684,2016-04-24 22:00:00,124.0
4702921684,2016-04-24 23:00:00,0.0
4702921684,2016-04-25 00:00:00,0.0
4702921684,2016-04-25 01:00:00,0.0
4702921684,2016-04-25 02:00:00,0.0
4702921684,2016-04-25 03:00:00,0.0
4702921684,2016-04-25 04:00:00,0.0
4702921684,2016-04-25 05:00:00,162.0
4702921684,2016-04-25 06:00:00,719.0
4702921684,2016-04-25 07:00:00,249.0
4702921684,2016-04-25 08:00:00,161.0
4702921684,2016-04-25 09:00:00,15.0
4702921684,2016-04-25 10:00:00,203.0
4702921684,2016-04-25 11:00:00,157.0
4702921684,2016-04-25 12:00:00,149.0
4702921684,2016-04-25 13:00:00,273.0
4702921684,2016-04-25 14:00:00,248.0
4702921684,2016-04-25 15:00:00,209.0
4702921684,2016-04-25 16:00:00,182.0
4702921684,2016-04-25 17:00:00,1087.0
4702921684,2016-04-25 18:00:00,577.0
4702921684,2016-04-25 19:00:00,2019.0
4702921684,2016-04-25 20:00:00,691.0
4702921684,2016-04-25 21:00:00,1395.0
4702921684,2016-04-25 22:00:00,644.0
4702921684,2016-04-25 23:00:00,0.0
4702921684,2016-04-26 00:00:00,0.0
4702921684,2016-04-26 01:00:00,0.0
4702921684,2016-04-26 02:00:00,0.0
4702921684,2016-04-26 03:00:00,0.0
4702921684,2016-04-26 04:00:00,0.0
4702921684,2016-04-26 05:00:00,57.0
4702921684,2016-04-26 06:00:00,924.0
4702921684,2016-04-26 07:00:00,263.0
4702921684,2016-04-26 08:00:00,0.0
4702921684,2016-04-26 09:00:00,0.0
4702921684,2016-04-26 10:00:00,0.0
4702921684,2016-04-26 11:00:00,155.0
4702921684,2016-04-26 12:00:00,286.0
4702921684,2016-04-26 13:00:00,86.0
4702921684,2016-04-26 14:00:00,241.0
4702921684,2016-04-26 15:00:00,131.0
4702921684,2016-04-26 16:00:00,31.0
4702921684,2016-04-26 17:00:00,974.0
4702921684,2016-04-26 18:00:00,936.0
4702921684,2016-04-26 19:00:00,741.0
4702921684,2016-04-26 20:00:00,505.0
4702921684,2016-04-26 21:00:00,606.0
4702921684,2016-04-26 22:00:00,172.0
4702921684,2016-04-26 23:00:00,0.0
4702921684,2016-04-27 00:00:00,0.0
4702921684,2016-04-27 01:00:00,0.0
4702921684,2016-04-27 02:00:00,0.0
4702921684,2016-04-27 03:00:00,0.0
4702921684,2016-04-27 04:00:00,0.0
4702921684,2016-04-27 05:00:00,36.0
4702921684,2016-04-27 06:00:00,1249.0
4702921684,2016-04-27 07:00:00,432.0
4702921684,2016-04-27 08:00:00,64.0
4702921684,2016-04-27 09:00:00,40.0
4702921684,2016-04-27 10:00:00,144.0
4702921684,2016-04-27 11:00:00,158.0
4702921684,2016-04-27 12:00:00,226.0
4702921684,2016-04-27 13:00:00,130.0
4702921684,2016-04-27 14:00:00,103.0
4702921684,2016-04-27 15:00:00,205.0
4702921684,2016-04-27 16:00:00,268.0
4702921684,2016-04-27 17:00:00,529.0
4702921684,2016-04-27 18:00:00,594.0
4702921684,2016-04-27 19:00:00,375.0
4702921684,2016-04-27 20:00:00,1649.0
4702921684,2016-04-27 21:00:00,686.0
4702921684,2016-04-27 22:00:00,88.0
4702921684,2016-04-27 23:00:00,0.0
4702921684,2016-04-28 00:00:00,0.0
4702921684,2016-04-28 01:00:00,0.0
4702921684,2016-04-28 02:00:00,0.0
4702921684,2016-04-28 03:00:00,0.0
4702921684,2016-04-28 04:00:00,0.0
4702921684,2016-04-28 05:00:00,6.0
4702921684,2016-04-28 06:00:00,744.0
4702921684,2016-04-28 07:00:00,174.0
4702921684,2016-04-28 08:00:00,107.0
4702921684,2016-04-28 09:00:00,1455.0
4702921684,2016-04-28 10:00:00,89.0
4702921684,2016-04-28 11:00:00,151.0
4702921684,2016-04-28 12:00:00,996.0
4702921684,2016-04-28 13:00:00,104.0
4702921684,2016-04-28 14:00:00,101.0
4702921684,2016-04-28 15:00:00,191.0
4702921684,2016-04-28 16:00:00,156.0
4702921684,2016-04-28 17:00:00,900.0
4702921684,2016-04-28 18:00:00,211.0
4702921684,2016-04-28 19:00:00,1962.0
4702921684,2016-04-28 20:00:00,614.0
4702921684,2016-04-28 21:00:00,612.0
4702921684,2016-04-28 22:00:00,450.0
4702921684,2016-04-28 23:00:00,0.0
4702921684,2016-04-29 00:00:00,0.0
4702921684,2016-04-29 01:00:00,0.0
4702921684,2016-04-29 02:00:00,0.0
4702921684,2016-04-29 03:00:00,0.0
4702921684,2016-04-29 04:00:00,0.0
4702921684,2016-04-29 05:00:00,0.0
4702921684,2016-04-29 06:00:00,816.0
4702921684,2016-04-29 07:00:00,483.0
4702921684,2016-04-29 08:00:00,151.0
4702921684,2016-04-29 09:00:00,901.0
4702921684,2016-04-29 10:00:00,162.0
4702921684,2016-04-29 11:00:00,175.0
4702921684,2016-04-29 12:00:00,1079.0
4702921684,2016-04-29 13:00:00,261.0
4702921684,2016-04-29 14:00:00,155.0
4702921684,2016-04-29 15:00:00,302.0
4702921684,2016-04-29 16:00:00,281.0
4702921684,2016-04-29 17:00:00,1223.0
4702921684,2016-04-29 18:00:00,1123.0
4702921684,2016-04-29 19:00:00,1278.0
4702921684,2016-04-29 20:00:00,678.0
4702921684,2016-04-29 21:00:00,533.0
4702921684,2016-04-29 22:00:00,329.0
4702921684,2016-04-29 23:00:00,0.0
4702921684,2016-04-30 00:00:00,0.0
4702921684,2016-04-30 01:00:00,0.0
4702921684,2016-04-30 02:00:00,0.0
4702921684,2016-04-30 03:00:00,0.0
4702921684,2016-04-30 04:00:00,0.0
4702921684,2016-04-30 05:00:00,0.0
4702921684,2016-04-30 06:00:00,138.0
4702921684,2016-04-30 07:00:00,261.0
4702921684,2016-04-30 08:00:00,545.0
4702921684,2016-04-30 09:00:00,494.0
4702921684,2016-04-30 10:00:00,392.0
4702921684,2016-04-30 11:00:00,2135.0
4702921684,2016-04-30 12:00:00,1083.0
4702921684,2016-04-30 13:00:00,1623.0
4702921684,2016-04-30 14:00:00,1757.0
4702921684,2016-04-30 15:00:00,1009.0
4702921684,2016-04-30 16:00:00,392.0
4702921684,2016-04-30 17:00:00,315.0
4702921684,2016-04-30 18:00:00,0.0
4702921684,2016-04-30 19:00:00,0.0
4702921684,2016-04-30 20:00:00,0.0
4702921684,2016-04-30 21:00:00,0.0
4702921684,2016-04-30 22:00:00,0.0
4702921684,2016-04-30 23:00:00,0.0
4702921684,2016-05-01 00:00:00,0.0
4702921684,2016-05-01 01:00:00,0.0
4702921684,2016-05-01 02:00:00,0.0
4702921684,2016-05-01 03:00:00,0.0
4702921684,2016-05-01 04:00:00,0.0
4702921684,2016-05-01 05:00:00,0.0
4702921684,2016-05-01 06:00:00,0.0
4702921684,2016-05-01 07:00:00,0.0
4702921684,2016-05-01 08:00:00,0.0
4702921684,2016-05-01 09:00:00,0.0
4702921684,2016-05-01 10:00:00,0.0
4702921684,2016-05-01 11:00:00,0.0
4702921684,2016-05-01 12:00:00,0.0
4702921684,2016-05-01 13:00:00,0.0
4702921684,2016-05-01 14:00:00,0.0
4702921684,2016-05-01 15:00:00,0.0
4702921684,2016-05-01 16:00:00,0.0
4702921684,2016-05-01 17:00:00,0.0
4702921684,2016-05-01 18:00:00,0.0
4702921684,2016-05-01 19:00:00,0.0
4702921684,2016-05-01 20:00:00,0.0
4702921684,2016-05-01 21:00:00,0.0
4702921684,2016-05-01 22:00:00,0.0
4702921684,2016-05-01 23:00:00,0.0
4702921684,2016-05-02 00:00:00,0.0
4702921684,2016-05-02 01:00:00,0.0
4702921684,2016-05-02 02:00:00,0.0
4702921684,2016-05-02 03:00:00,0.0
4702921684,2016-05-02 04:00:00,0.0
4702921684,2016-05-02 05:00:00,0.0
4702921684,2016-05-02 06:00:00,0.0
4702921684,2016-05-02 07:00:00,0.0
4702921684,2016-05-02 08:00:00,0.0
4702921684,2016-05-02 09:00:00,0.0
4702921684,2016-05-02 10:00:00,0.0
4702921684,2016-05-02 11:00:00,0.0
4702921684,2016-05-02 12:00:00,212.0
4702921684,2016-05-02 13:00:00,179.0
4702921684,2016-05-02 14:00:00,148.0
4702921684,2016-05-02 15:00:00,75.0
4702921684,2016-05-02 16:00:00,237.0
4702921684,2016-05-02 17:00:00,1507.0
4702921684,2016-05-02 18:00:00,614.0
4702921684,2016-05-02 19:00:00,1848.0
4702921684,2016-05-02 20:00:00,483.0
4702921684,2016-05-02 21:00:00,1507.0
4702921684,2016-05-02 22:00:00,435.0
4702921684,2016-05-02 23:00:00,0.0
4702921684,2016-05-03 00:00:00,0.0
4702921684,2016-05-03 01:00:00,0.0
4702921684,2016-05-03 02:00:00,0.0
4702921684,2016-05-03 03:00:00,13.0
4702921684,2016-05-03 04:00:00,24.0
4702921684,2016-05-03 05:00:00,617.0
4702921684,2016-05-03 06:00:00,1604.0
4702921684,2016-05-03 07:00:00,424.0
4702921684,2016-05-03 08:00:00,169.0
4702921684,2016-05-03 09:00:00,1321.0
4702921684,2016-05-03 10:00:00,54.0
4702921684,2016-05-03 11:00:00,113.0
4702921684,2016-05-03 12:00:00,272.0
4702921684,2016-05-03 13:00:00,176.0
4702921684,2016-05-03 14:00:00,320.0
4702921684,2016-05-03 15:00:00,351.0
4702921684,2016-05-03 16:00:00,163.0
4702921684,2016-05-03 17:00:00,1046.0
4702921684,2016-05-03 18:00:00,539.0
4702921684,2016-05-03 19:00:00,560.0
4702921684,2016-05-03 20:00:00,518.0
4702921684,2016-05-03 21:00:00,656.0
4702921684,2016-05-03 22:00:00,514.0
4702921684,2016-05-03 23:00:00,0.0
4702921684,2016-05-04 00:00:00,0.0
4702921684,2016-05-04 01:00:00,15.0
4702921684,2016-05-04 02:00:00,0.0
4702921684,2016-05-04 03:00:00,0.0
4702921684,2016-05-04 04:00:00,0.0
4702921684,2016-05-04 05:00:00,45.0
4702921684,2016-05-04 06:00:00,713.0
4702921684,2016-05-04 07:00:00,263.0
4702921684,2016-05-04 08:00:00,0.0
4702921684,2016-05-04 09:00:00,783.0
4702921684,2016-05-04 10:00:00,847.0
4702921684,2016-05-04 11:00:00,0.0
4702921684,2016-05-04 12:00:00,273.0
4702921684,2016-05-04 13:00:00,168.0
4702921684,2016-05-04 14:00:00,259.0
4702921684,2016-05-04 15:00:00,0.0
4702921684,2016-05-04 16:00:00,11.0
4702921684,2016-05-04 17:00:00,1353.0
4702921684,2016-05-04 18:00:00,730.0
4702921684,2016-05-04 19:00:00,876.0
4702921684,2016-05-04 20:00:00,537.0
4702921684,2016-05-04 21:00:00,915.0
4702921684,2016-05-04 22:00:00,373.0
4702921684,2016-05-04 23:00:00,0.0
4702921684,2016-05-05 00:00:00,0.0
4702921684,2016-05-05 01:00:00,0.0
4702921684,2016-05-05 02:00:00,11.0
4702921684,2016-05-05 03:00:00,0.0
4702921684,2016-05-05 04:00:00,0.0
4702921684,2016-05-05 05:00:00,11.0
4702921684,2016-05-05 06:00:00,1006.0
4702921684,2016-05-05 07:00:00,160.0
4702921684,2016-05-05 08:00:00,157.0
4702921684,2016-05-05 09:00:00,1326.0
4702921684,2016-05-05 10:00:00,143.0
4702921684,2016-05-05 11:00:00,117.0
4702921684,2016-05-05 12:00:00,1184.0
4702921684,2016-05-05 13:00:00,45.0
4702921684,2016-05-05 14:00:00,119.0
4702921684,2016-05-05 15:00:00,0.0
4702921684,2016-05-05 16:00:00,129.0
4702921684,2016-05-05 17:00:00,901.0
4702921684,2016-05-05 18:00:00,635.0
4702921684,2016-05-05 19:00:00,652.0
4702921684,2016-05-05 20:00:00,789.0
4702921684,2016-05-05 21:00:00,961.0
4702921684,2016-05-05 22:00:00,268.0
4702921684,2016-05-05 23:00:00,0.0
4702921684,2016-05-06 00:00:00,7.0
4702921684,2016-05-06 01:00:00,0.0
4702921684,2016-05-06 02:00:00,12.0
4702921684,2016-05-06 03:00:00,10.0
4702921684,2016-05-06 04:00:00,0.0
4702921684,2016-05-06 05:00:00,0.0
4702921684,2016-05-06 06:00:00,880.0
4702921684,2016-05-06 07:00:00,359.0
4702921684,2016-05-06 08:00:00,252.0
4702921684,2016-05-06 09:00:00,1163.0
4702921684,2016-05-06 10:00:00,113.0
4702921684,2016-05-06 11:00:00,177.0
4702921684,2016-05-06 12:00:00,407.0
4702921684,2016-05-06 13:00:00,126.0
4702921684,2016-05-06 14:00:00,227.0
4702921684,2016-05-06 15:00:00,125.0
4702921684,2016-05-06 16:00:00,695.0
4702921684,2016-05-06 17:00:00,676.0
4702921684,2016-05-06 18:00:00,732.0
4702921684,2016-05-06 19:00:00,575.0
4702921684,2016-05-06 20:00:00,152.0
4702921684,2016-05-06 21:00:00,222.0
4702921684,2016-05-06 22:00:00,0.0
4702921684,2016-05-06 23:00:00,0.0
4702921684,2016-05-07 00:00:00,8.0
4702921684,2016-05-07 01:00:00,0.0
4702921684,2016-05-07 02:00:00,0.0
4702921684,2016-05-07 03:00:00,0.0
4702921684,2016-05-07 04:00:00,0.0
4702921684,2016-05-07 05:00:00,0.0
4702921684,2016-05-07 06:00:00,306.0
4702921684,2016-05-07 07:00:00,742.0
4702921684,2016-05-07 08:00:00,1007.0
4702921684,2016-05-07 09:00:00,509.0
4702921684,2016-05-07 10:00:00,1441.0
4702921684,2016-05-07 11:00:00,1628.0
4702921684,2016-05-07 12:00:00,1598.0
4702921684,2016-05-07 13:00:00,714.0
4702921684,2016-05-07 14:00:00,910.0
4702921684,2016-05-07 15:00:00,1019.0
4702921684,2016-05-07 16:00:00,955.0
4702921684,2016-05-07 17:00:00,506.0
4702921684,2016-05-07 18:00:00,1140.0
4702921684,2016-05-07 19:00:00,266.0
4702921684,2016-05-07 20:00:00,1367.0
4702921684,2016-05-07 21:00:00,249.0
4702921684,2016-05-07 22:00:00,5.0
4702921684,2016-05-07 23:00:00,0.0
4702921684,2016-05-08 00:00:00,0.0
4702921684,2016-05-08 01:00:00,0.0
4702921684,2016-05-08 02:00:00,0.0
4702921684,2016-05-08 03:00:00,0.0
4702921684,2016-05-08 04:00:00,0.0
4702921684,2016-05-08 05:00:00,0.0
4702921684,2016-05-08 06:00:00,0.0
4702921684,2016-05-08 07:00:00,0.0
4702921684,2016-05-08 08:00:00,0.0
4702921684,2016-05-08 09:00:00,39.0
4702921684,2016-05-08 10:00:00,227.0
4702921684,2016-05-08 11:00:00,1570.0
4702921684,2016-05-08 12:00:00,3016.0
4702921684,2016-05-08 13:00:00,1236.0
4702921684,2016-05-08 14:00:00,2336.0
4702921684,2016-05-08 15:00:00,1050.0
4702921684,2016-05-08 16:00:00,2315.0
4702921684,2016-05-08 17:00:00,145.0
4702921684,2016-05-08 18:00:00,347.0
4702921684,2016-05-08 19:00:00,344.0
4702921684,2016-05-08 20:00:00,120.0
4702921684,2016-05-08 21:00:00,38.0
4702921684,2016-05-08 22:00:00,74.0
4702921684,2016-05-08 23:00:00,0.0
4702921684,2016-05-09 00:00:00,0.0
4702921684,2016-05-09 01:00:00,0.0
4702921684,2016-05-09 02:00:00,0.0
4702921684,2016-05-09 03:00:00,0.0
4702921684,2016-05-09 04:00:00,0.0
4702921684,2016-05-09 05:00:00,0.0
4702921684,2016-05-09 06:00:00,1112.0
4702921684,2016-05-09 07:00:00,509.0
4702921684,2016-05-09 08:00:00,0.0
4702921684,2016-05-09 09:00:00,1269.0
4702921684,2016-05-09 10:00:00,105.0
4702921684,2016-05-09 11:00:00,153.0
4702921684,2016-05-09 12:00:00,256.0
4702921684,2016-05-09 13:00:00,298.0
4702921684,2016-05-09 14:00:00,107.0
4702921684,2016-05-09 15:00:00,228.0
4702921684,2016-05-09 16:00:00,237.0
4702921684,2016-05-09 17:00:00,1077.0
4702921684,2016-05-09 18:00:00,1058.0
4702921684,2016-05-09 19:00:00,388.0
4702921684,2016-05-09 20:00:00,683.0
4702921684,2016-05-09 21:00:00,535.0
4702921684,2016-05-09 22:00:00,212.0
4702921684,2016-05-09 23:00:00,5.0
4702921684,2016-05-10 00:00:00,0.0
4702921684,2016-05-10 01:00:00,0.0
4702921684,2016-05-10 02:00:00,0.0
4702921684,2016-05-10 03:00:00,0.0
4702921684,2016-05-10 04:00:00,0.0
4702921684,2016-05-10 05:00:00,0.0
4702921684,2016-05-10 06:00:00,1421.0
4702921684,2016-05-10 07:00:00,280.0
4702921684,2016-05-10 08:00:00,1297.0
4702921684,2016-05-10 09:00:00,149.0
4702921684,2016-05-10 10:00:00,151.0
4702921684,2016-05-10 11:00:00,120.0
4702921684,2016-05-10 12:00:00,1310.0
4702921684,2016-05-10 13:00:00,82.0
4702921684,2016-05-10 14:00:00,75.0
4702921684,2016-05-10 15:00:00,163.0
4702921684,2016-05-10 16:00:00,232.0
4702921684,2016-05-10 17:00:00,820.0
4702921684,2016-05-10 18:00:00,298.0
4702921684,2016-05-10 19:00:00,1917.0
4702921684,2016-05-10 20:00:00,549.0
4702921684,2016-05-10 21:00:00,1523.0
4702921684,2016-05-10 22:00:00,226.0
4702921684,2016-05-10 23:00:00,0.0
4702921684,2016-05-11 00:00:00,0.0
4702921684,2016-05-11 01:00:00,0.0
4702921684,2016-05-11 02:00:00,0.0
4702921684,2016-05-11 03:00:00,0.0
4702921684,2016-05-11 04:00:00,0.0
4702921684,2016-05-11 05:00:00,41.0
4702921684,2016-05-11 06:00:00,776.0
4702921684,2016-05-11 07:00:00,102.0
4702921684,2016-05-11 08:00:00,1355.0
4702921684,2016-05-11 09:00:00,71.0
4702921684,2016-05-11 10:00:00,165.0
4702921684,2016-05-11 11:00:00,272.0
4702921684,2016-05-11 12:00:00,145.0
4702921684,2016-05-11 13:00:00,211.0
4702921684,2016-05-11 14:00:00,328.0
4702921684,2016-05-11 15:00:00,109.0
4702921684,2016-05-11 16:00:00,1016.0
4702921684,2016-05-11 17:00:00,527.0
4702921684,2016-05-11 18:00:00,2503.0
4702921684,2016-05-11 19:00:00,578.0
4702921684,2016-05-11 20:00:00,191.0
4702921684,2016-05-11 21:00:00,1013.0
4702921684,2016-05-11 22:00:00,369.0
4702921684,2016-05-11 23:00:00,0.0
4702921684,2016-05-12 00:00:00,0.0
4702921684,2016-05-12 01:00:00,9.0
4702921684,2016-05-12 02:00:00,0.0
4702921684,2016-05-12 03:00:00,0.0
4702921684,2016-05-12 04:00:00,4.0
4702921684,2016-05-12 05:00:00,0.0
4702921684,2016-05-12 06:00:00,707.0
4702921684,2016-05-12 07:00:00,224.0
4702921684,2016-05-12 08:00:00,154.0
4702921684,2016-05-12 09:00:00,814.0
4702921684,2016-05-12 10:00:00,840.0
5553957443,2016-04-12 00:00:00,2.0
5553957443,2016-04-12 01:00:00,0.0
5553957443,2016-04-12 02:00:00,0.0
5553957443,2016-04-12 03:00:00,0.0
5553957443,2016-04-12 04:00:00,0.0
5553957443,2016-04-12 05:00:00,0.0
5553957443,2016-04-12 06:00:00,248.0
5553957443,2016-04-12 07:00:00,2030.0
5553957443,2016-04-12 08:00:00,1168.0
5553957443,2016-04-12 09:00:00,64.0
5553957443,2016-04-12 10:00:00,65.0
5553957443,2016-04-12 11:00:00,52.0
5553957443,2016-04-12 12:00:00,656.0
5553957443,2016-04-12 13:00:00,459.0
5553957443,2016-04-12 14:00:00,0.0
5553957443,2016-04-12 15:00:00,80.0
5553957443,2016-04-12 16:00:00,2192.0
5553957443,2016-04-12 17:00:00,1243.0
5553957443,2016-04-12 18:00:00,321.0
5553957443,2016-04-12 19:00:00,776.0
5553957443,2016-04-12 20:00:00,330.0
5553957443,2016-04-12 21:00:00,740.0
5553957443,2016-04-12 22:00:00,534.0
5553957443,2016-04-12 23:00:00,636.0
5553957443,2016-04-13 00:00:00,61.0
5553957443,2016-04-13 01:00:00,0.0
5553957443,2016-04-13 02:00:00,0.0
5553957443,2016-04-13 03:00:00,0.0
5553957443,2016-04-13 04:00:00,0.0
5553957443,2016-04-13 05:00:00,0.0
5553957443,2016-04-13 06:00:00,0.0
5553957443,2016-04-13 07:00:00,0.0
5553957443,2016-04-13 08:00:00,121.0
5553957443,2016-04-13 09:00:00,138.0
5553957443,2016-04-13 10:00:00,189.0
5553957443,2016-04-13 11:00:00,32.0
5553957443,2016-04-13 12:00:00,120.0
5553957443,2016-04-13 13:00:00,48.0
5553957443,2016-04-13 14:00:00,29.0
5553957443,2016-04-13 15:00:00,481.0
5553957443,2016-04-13 16:00:00,367.0
5553957443,2016-04-13 17:00:00,268.0
5553957443,2016-04-13 18:00:00,119.0
5553957443,2016-04-13 19:00:00,1130.0
5553957443,2016-04-13 20:00:00,1055.0
5553957443,2016-04-13 21:00:00,415.0
5553957443,2016-04-13 22:00:00,259.0
5553957443,2016-04-13 23:00:00,0.0
5553957443,2016-04-14 00:00:00,16.0
5553957443,2016-04-14 01:00:00,12.0
5553957443,2016-04-14 02:00:00,14.0
5553957443,2016-04-14 03:00:00,11.0
5553957443,2016-04-14 04:00:00,8.0
5553957443,2016-04-14 05:00:00,125.0
5553957443,2016-04-14 06:00:00,1258.0
5553957443,2016-04-14 07:00:00,2257.0
5553957443,2016-04-14 08:00:00,0.0
5553957443,2016-04-14 09:00:00,0.0
5553957443,2016-04-14 10:00:00,107.0
5553957443,2016-04-14 11:00:00,0.0
5553957443,2016-04-14 12:00:00,95.0
5553957443,2016-04-14 13:00:00,478.0
5553957443,2016-04-14 14:00:00,2106.0
5553957443,2016-04-14 15:00:00,249.0
5553957443,2016-04-14 16:00:00,1641.0
5553957443,2016-04-14 17:00:00,5808.0
5553957443,2016-04-14 18:00:00,267.0
5553957443,2016-04-14 19:00:00,143.0
5553957443,2016-04-14 20:00:00,624.0
5553957443,2016-04-14 21:00:00,1519.0
5553957443,2016-04-14 22:00:00,247.0
5553957443,2016-04-14 23:00:00,37.0
5553957443,2016-04-15 00:00:00,6.0
5553957443,2016-04-15 01:00:00,0.0
5553957443,2016-04-15 02:00:00,0.0
5553957443,2016-04-15 03:00:00,7.0
5553957443,2016-04-15 04:00:00,0.0
5553957443,2016-04-15 05:00:00,6.0
5553957443,2016-04-15 06:00:00,860.0
5553957443,2016-04-15 07:00:00,1427.0
5553957443,2016-04-15 08:00:00,146.0
5553957443,2016-04-15 09:00:00,123.0
5553957443,2016-04-15 10:00:00,2718.0
5553957443,2016-04-15 11:00:00,1959.0
5553957443,2016-04-15 12:00:00,874.0
5553957443,2016-04-15 13:00:00,9.0
5553957443,2016-04-15 14:00:00,2183.0
5553957443,2016-04-15 15:00:00,261.0
5553957443,2016-04-15 16:00:00,3256.0
5553957443,2016-04-15 17:00:00,1035.0
5553957443,2016-04-15 18:00:00,762.0
5553957443,2016-04-15 19:00:00,484.0
5553957443,2016-04-15 20:00:00,0.0
5553957443,2016-04-15 21:00:00,148.0
5553957443,2016-04-15 22:00:00,280.0
5553957443,2016-04-15 23:00:00,12.0
5553957443,2016-04-16 00:00:00,0.0
5553957443,2016-04-16 01:00:00,8.0
5553957443,2016-04-16 02:00:00,0.0
5553957443,2016-04-16 03:00:00,10.0
5553957443,2016-04-16 04:00:00,15.0
5553957443,2016-04-16 05:00:00,8.0
5553957443,2016-04-16 06:00:00,9.0
5553957443,2016-04-16 07:00:00,9.0
5553957443,2016-04-16 08:00:00,0.0
5553957443,2016-04-16 09:00:00,65.0
5553957443,2016-04-16 10:00:00,501.0
5553957443,2016-04-16 11:00:00,18.0
5553957443,2016-04-16 12:00:00,17.0
5553957443,2016-04-16 13:00:00,280.0
5553957443,2016-04-16 14:00:00,671.0
5553957443,2016-04-16 15:00:00,564.0
5553957443,2016-04-16 16:00:00,1024.0
5553957443,2016-04-16 17:00:00,783.0
5553957443,2016-04-16 18:00:00,377.0
5553957443,2016-04-16 19:00:00,580.0
5553957443,2016-04-16 20:00:00,408.0
5553957443,2016-04-16 21:00:00,88.0
5553957443,2016-04-16 22:00:00,170.0
5553957443,2016-04-16 23:00:00,166.0
5553957443,2016-04-17 00:00:00,22.0
5553957443,2016-04-17 01:00:00,305.0
5553957443,2016-04-17 02:00:00,133.0
5553957443,2016-04-17 03:00:00,0.0
5553957443,2016-04-17 04:00:00,0.0
5553957443,2016-04-17 05:00:00,24.0
5553957443,2016-04-17 06:00:00,0.0
5553957443,2016-04-17 07:00:00,0.0
5553957443,2016-04-17 08:00:00,0.0
5553957443,2016-04-17 09:00:00,40.0
5553957443,2016-04-17 10:00:00,0.0
5553957443,2016-04-17 11:00:00,0.0
5553957443,2016-04-17 12:00:00,0.0
5553957443,2016-04-17 13:00:00,0.0
5553957443,2016-04-17 14:00:00,0.0
5553957443,2016-04-17 15:00:00,0.0
5553957443,2016-04-17 16:00:00,0.0
5553957443,2016-04-17 17:00:00,0.0
5553957443,2016-04-17 18:00:00,0.0
5553957443,2016-04-17 19:00:00,0.0
5553957443,2016-04-17 20:00:00,0.0
5553957443,2016-04-17 21:00:00,0.0
5553957443,2016-04-17 22:00:00,111.0
5553957443,2016-04-17 23:00:00,20.0
5553957443,2016-04-18 00:00:00,0.0
5553957443,2016-04-18 01:00:00,0.0
5553957443,2016-04-18 02:00:00,0.0
5553957443,2016-04-18 03:00:00,9.0
5553957443,2016-04-18 04:00:00,9.0
5553957443,2016-04-18 05:00:00,6.0
5553957443,2016-04-18 06:00:00,83.0
5553957443,2016-04-18 07:00:00,153.0
5553957443,2016-04-18 08:00:00,10.0
5553957443,2016-04-18 09:00:00,103.0
5553957443,2016-04-18 10:00:00,373.0
5553957443,2016-04-18 11:00:00,374.0
5553957443,2016-04-18 12:00:00,454.0
5553957443,2016-04-18 13:00:00,98.0
5553957443,2016-04-18 14:00:00,0.0
5553957443,2016-04-18 15:00:00,425.0
5553957443,2016-04-18 16:00:00,5.0
5553957443,2016-04-18 17:00:00,519.0
5553957443,2016-04-18 18:00:00,373.0
5553957443,2016-04-18 19:00:00,0.0
5553957443,2016-04-18 20:00:00,409.0
5553957443,2016-04-18 21:00:00,317.0
5553957443,2016-04-18 22:00:00,7.0
5553957443,2016-04-18 23:00:00,0.0
5553957443,2016-04-19 00:00:00,0.0
5553957443,2016-04-19 01:00:00,0.0
5553957443,2016-04-19 02:00:00,116.0
5553957443,2016-04-19 03:00:00,0.0
5553957443,2016-04-19 04:00:00,6.0
5553957443,2016-04-19 05:00:00,0.0
5553957443,2016-04-19 06:00:00,525.0
5553957443,2016-04-19 07:00:00,1983.0
5553957443,2016-04-19 08:00:00,950.0
5553957443,2016-04-19 09:00:00,125.0
5553957443,2016-04-19 10:00:00,6.0
5553957443,2016-04-19 11:00:00,70.0
5553957443,2016-04-19 12:00:00,2379.0
5553957443,2016-04-19 13:00:00,2277.0
5553957443,2016-04-19 14:00:00,7.0
5553957443,2016-04-19 15:00:00,2538.0
5553957443,2016-04-19 16:00:00,448.0
5553957443,2016-04-19 17:00:00,2598.0
5553957443,2016-04-19 18:00:00,554.0
5553957443,2016-04-19 19:00:00,217.0
5553957443,2016-04-19 20:00:00,120.0
5553957443,2016-04-19 21:00:00,466.0
5553957443,2016-04-19 22:00:00,97.0
5553957443,2016-04-19 23:00:00,0.0
5553957443,2016-04-20 00:00:00,0.0
5553957443,2016-04-20 01:00:00,4.0
5553957443,2016-04-20 02:00:00,16.0
5553957443,2016-04-20 03:00:00,0.0
5553957443,2016-04-20 04:00:00,17.0
5553957443,2016-04-20 05:00:00,7.0
5553957443,2016-04-20 06:00:00,96.0
5553957443,2016-04-20 07:00:00,0.0
5553957443,2016-04-20 08:00:00,11.0
5553957443,2016-04-20 09:00:00,0.0
5553957443,2016-04-20 10:00:00,144.0
5553957443,2016-04-20 11:00:00,118.0
5553957443,2016-04-20 12:00:00,479.0
5553957443,2016-04-20 13:00:00,534.0
5553957443,2016-04-20 14:00:00,135.0
5553957443,2016-04-20 15:00:00,42.0
5553957443,2016-04-20 16:00:00,114.0
5553957443,2016-04-20 17:00:00,85.0
5553957443,2016-04-20 18:00:00,38.0
5553957443,2016-04-20 19:00:00,46.0
5553957443,2016-04-20 20:00:00,349.0
5553957443,2016-04-20 21:00:00,228.0
5553957443,2016-04-20 22:00:00,239.0
5553957443,2016-04-20 23:00:00,11.0
5553957443,2016-04-21 00:00:00,0.0
5553957443,2016-04-21 01:00:00,0.0
5553957443,2016-04-21 02:00:00,111.0
5553957443,2016-04-21 03:00:00,0.0
5553957443,2016-04-21 04:00:00,0.0
5553957443,2016-04-21 05:00:00,13.0
5553957443,2016-04-21 06:00:00,410.0
5553957443,2016-04-21 07:00:00,644.0
5553957443,2016-04-21 08:00:00,1844.0
5553957443,2016-04-21 09:00:00,99.0
5553957443,2016-04-21 10:00:00,19.0
5553957443,2016-04-21 11:00:00,198.0
5553957443,2016-04-21 12:00:00,243.0
5553957443,2016-04-21 13:00:00,243.0
5553957443,2016-04-21 14:00:00,11.0
5553957443,2016-04-21 15:00:00,0.0
5553957443,2016-04-21 16:00:00,0.0
5553957443,2016-04-21 17:00:00,2325.0
5553957443,2016-04-21 18:00:00,3026.0
5553957443,2016-04-21 19:00:00,1021.0
5553957443,2016-04-21 20:00:00,9.0
5553957443,2016-04-21 21:00:00,1472.0
5553957443,2016-04-21 22:00:00,39.0
5553957443,2016-04-21 23:00:00,619.0
5553957443,2016-04-22 00:00:00,0.0
5553957443,2016-04-22 01:00:00,0.0
5553957443,2016-04-22 02:00:00,14.0
5553957443,2016-04-22 03:00:00,0.0
5553957443,2016-04-22 04:00:00,0.0
5553957443,2016-04-22 05:00:00,126.0
5553957443,2016-04-22 06:00:00,1360.0
5553957443,2016-04-22 07:00:00,1743.0
5553957443,2016-04-22 08:00:00,326.0
5553957443,2016-04-22 09:00:00,290.0
5553957443,2016-04-22 10:00:00,112.0
5553957443,2016-04-22 11:00:00,91.0
5553957443,2016-04-22 12:00:00,335.0
5553957443,2016-04-22 13:00:00,319.0
5553957443,2016-04-22 14:00:00,556.0
5553957443,2016-04-22 15:00:00,1002.0
5553957443,2016-04-22 16:00:00,1603.0
5553957443,2016-04-22 17:00:00,347.0
5553957443,2016-04-22 18:00:00,538.0
5553957443,2016-04-22 19:00:00,1419.0
5553957443,2016-04-22 20:00:00,489.0
5553957443,2016-04-22 21:00:00,736.0
5553957443,2016-04-22 22:00:00,53.0
5553957443,2016-04-22 23:00:00,211.0
5553957443,2016-04-23 00:00:00,258.0
5553957443,2016-04-23 01:00:00,10.0
5553957443,2016-04-23 02:00:00,9.0
5553957443,2016-04-23 03:00:00,0.0
5553957443,2016-04-23 04:00:00,0.0
5553957443,2016-04-23 05:00:00,76.0
5553957443,2016-04-23 06:00:00,8.0
5553957443,2016-04-23 07:00:00,0.0
5553957443,2016-04-23 08:00:00,0.0
5553957443,2016-04-23 09:00:00,10.0
5553957443,2016-04-23 10:00:00,28.0
5553957443,2016-04-23 11:00:00,102.0
5553957443,2016-04-23 12:00:00,88.0
5553957443,2016-04-23 13:00:00,26.0
5553957443,2016-04-23 14:00:00,0.0
5553957443,2016-04-23 15:00:00,66.0
5553957443,2016-04-23 16:00:00,394.0
5553957443,2016-04-23 17:00:00,412.0
5553957443,2016-04-23 18:00:00,501.0
5553957443,2016-04-23 19:00:00,785.0
5553957443,2016-04-23 20:00:00,484.0
5553957443,2016-04-23 21:00:00,237.0
5553957443,2016-04-23 22:00:00,266.0
5553957443,2016-04-23 23:00:00,350.0
5553957443,2016-04-24 00:00:00,154.0
5553957443,2016-04-24 01:00:00,0.0
5553957443,2016-04-24 02:00:00,0.0
5553957443,2016-04-24 03:00:00,25.0
5553957443,2016-04-24 04:00:00,80.0
5553957443,2016-04-24 05:00:00,18.0
5553957443,2016-04-24 06:00:00,23.0
5553957443,2016-04-24 07:00:00,6.0
5553957443,2016-04-24 08:00:00,0.0
5553957443,2016-04-24 09:00:00,10.0
5553957443,2016-04-24 10:00:00,204.0
5553957443,2016-04-24 11:00:00,119.0
5553957443,2016-04-24 12:00:00,89.0
5553957443,2016-04-24 13:00:00,24.0
5553957443,2016-04-24 14:00:00,80.0
5553957443,2016-04-24 15:00:00,0.0
5553957443,2016-04-24 16:00:00,39.0
5553957443,2016-04-24 17:00:00,297.0
5553957443,2016-04-24 18:00:00,59.0
5553957443,2016-04-24 19:00:00,26.0
5553957443,2016-04-24 20:00:00,251.0
5553957443,2016-04-24 21:00:00,282.0
5553957443,2016-04-24 22:00:00,21.0
5553957443,2016-04-24 23:00:00,0.0
5553957443,2016-04-25 00:00:00,0.0
5553957443,2016-04-25 01:00:00,0.0
5553957443,2016-04-25 02:00:00,0.0
5553957443,2016-04-25 03:00:00,0.0
5553957443,2016-04-25 04:00:00,0.0
5553957443,2016-04-25 05:00:00,40.0
5553957443,2016-04-25 06:00:00,572.0
5553957443,2016-04-25 07:00:00,2715.0
5553957443,2016-04-25 08:00:00,13.0
5553957443,2016-04-25 09:00:00,19.0
5553957443,2016-04-25 10:00:00,108.0
5553957443,2016-04-25 11:00:00,154.0
5553957443,2016-04-25 12:00:00,34.0
5553957443,2016-04-25 13:00:00,2451.0
5553957443,2016-04-25 14:00:00,601.0
5553957443,2016-04-25 15:00:00,275.0
5553957443,2016-04-25 16:00:00,83.0
5553957443,2016-04-25 17:00:00,1838.0
5553957443,2016-04-25 18:00:00,1149.0
5553957443,2016-04-25 19:00:00,380.0
5553957443,2016-04-25 20:00:00,65.0
5553957443,2016-04-25 21:00:00,423.0
5553957443,2016-04-25 22:00:00,26.0
5553957443,2016-04-25 23:00:00,0.0
5553957443,2016-04-26 00:00:00,0.0
5553957443,2016-04-26 01:00:00,0.0
5553957443,2016-04-26 02:00:00,5.0
5553957443,2016-04-26 03:00:00,10.0
5553957443,2016-04-26 04:00:00,0.0
5553957443,2016-04-26 05:00:00,11.0
5553957443,2016-04-26 06:00:00,888.0
5553957443,2016-04-26 07:00:00,2641.0
5553957443,2016-04-26 08:00:00,20.0
5553957443,2016-04-26 09:00:00,161.0
5553957443,2016-04-26 10:00:00,55.0
5553957443,2016-04-26 11:00:00,114.0
5553957443,2016-04-26 12:00:00,2595.0
5553957443,2016-04-26 13:00:00,834.0
5553957443,2016-04-26 14:00:00,74.0
5553957443,2016-04-26 15:00:00,0.0
5553957443,2016-04-26 16:00:00,0.0
5553957443,2016-04-26 17:00:00,2411.0
5553957443,2016-04-26 18:00:00,517.0
5553957443,2016-04-26 19:00:00,406.0
5553957443,2016-04-26 20:00:00,184.0
5553957443,2016-04-26 21:00:00,204.0
5553957443,2016-04-26 22:00:00,691.0
5553957443,2016-04-26 23:00:00,65.0
5553957443,2016-04-27 00:00:00,0.0
5553957443,2016-04-27 01:00:00,0.0
5553957443,2016-04-27 02:00:00,8.0
5553957443,2016-04-27 03:00:00,0.0
5553957443,2016-04-27 04:00:00,4.0
5553957443,2016-04-27 05:00:00,7.0
5553957443,2016-04-27 06:00:00,942.0
5553957443,2016-04-27 07:00:00,1267.0
5553957443,2016-04-27 08:00:00,466.0
5553957443,2016-04-27 09:00:00,177.0
5553957443,2016-04-27 10:00:00,142.0
5553957443,2016-04-27 11:00:00,423.0
5553957443,2016-04-27 12:00:00,480.0
5553957443,2016-04-27 13:00:00,395.0
5553957443,2016-04-27 14:00:00,106.0
5553957443,2016-04-27 15:00:00,542.0
5553957443,2016-04-27 16:00:00,95.0
5553957443,2016-04-27 17:00:00,3605.0
5553957443,2016-04-27 18:00:00,1341.0
5553957443,2016-04-27 19:00:00,4.0
5553957443,2016-04-27 20:00:00,276.0
5553957443,2016-04-27 21:00:00,258.0
5553957443,2016-04-27 22:00:00,0.0
5553957443,2016-04-27 23:00:00,0.0
5553957443,2016-04-28 00:00:00,0.0
5553957443,2016-04-28 01:00:00,0.0
5553957443,2016-04-28 02:00:00,9.0
5553957443,2016-04-28 03:00:00,15.0
5553957443,2016-04-28 04:00:00,0.0
5553957443,2016-04-28 05:00:00,0.0
5553957443,2016-04-28 06:00:00,107.0
5553957443,2016-04-28 07:00:00,2046.0
5553957443,2016-04-28 08:00:00,861.0
5553957443,2016-04-28 09:00:00,170.0
5553957443,2016-04-28 10:00:00,164.0
5553957443,2016-04-28 11:00:00,80.0
5553957443,2016-04-28 12:00:00,118.0
5553957443,2016-04-28 13:00:00,456.0
5553957443,2016-04-28 14:00:00,3729.0
5553957443,2016-04-28 15:00:00,42.0
5553957443,2016-04-28 16:00:00,1999.0
5553957443,2016-04-28 17:00:00,1157.0
5553957443,2016-04-28 18:00:00,31.0
5553957443,2016-04-28 19:00:00,96.0
5553957443,2016-04-28 20:00:00,95.0
5553957443,2016-04-28 21:00:00,210.0
5553957443,2016-04-28 22:00:00,0.0
5553957443,2016-04-28 23:00:00,8.0
5553957443,2016-04-29 00:00:00,0.0
5553957443,2016-04-29 01:00:00,0.0
5553957443,2016-04-29 02:00:00,8.0
5553957443,2016-04-29 03:00:00,60.0
5553957443,2016-04-29 04:00:00,13.0
5553957443,2016-04-29 05:00:00,0.0
5553957443,2016-04-29 06:00:00,687.0
5553957443,2016-04-29 07:00:00,2761.0
5553957443,2016-04-29 08:00:00,179.0
5553957443,2016-04-29 09:00:00,0.0
5553957443,2016-04-29 10:00:00,305.0
5553957443,2016-04-29 11:00:00,2456.0
5553957443,2016-04-29 12:00:00,469.0
5553957443,2016-04-29 13:00:00,359.0
5553957443,2016-04-29 14:00:00,73.0
5553957443,2016-04-29 15:00:00,247.0
5553957443,2016-04-29 16:00:00,2887.0
5553957443,2016-04-29 17:00:00,803.0
5553957443,2016-04-29 18:00:00,662.0
5553957443,2016-04-29 19:00:00,157.0
5553957443,2016-04-29 20:00:00,139.0
5553957443,2016-04-29 21:00:00,165.0
5553957443,2016-04-29 22:00:00,7.0
5553957443,2016-04-29 23:00:00,327.0
5553957443,2016-04-30 00:00:00,0.0
5553957443,2016-04-30 01:00:00,0.0
5553957443,2016-04-30 02:00:00,0.0
5553957443,2016-04-30 03:00:00,0.0
5553957443,2016-04-30 04:00:00,0.0
5553957443,2016-04-30 05:00:00,9.0
5553957443,2016-04-30 06:00:00,32.0
5553957443,2016-04-30 07:00:00,0.0
5553957443,2016-04-30 08:00:00,0.0
5553957443,2016-04-30 09:00:00,0.0
5553957443,2016-04-30 10:00:00,8.0
5553957443,2016-04-30 11:00:00,127.0
5553957443,2016-04-30 12:00:00,143.0
5553957443,2016-04-30 13:00:00,0.0
5553957443,2016-04-30 14:00:00,41.0
5553957443,2016-04-30 15:00:00,38.0
5553957443,2016-04-30 16:00:00,13.0
5553957443,2016-04-30 17:00:00,22.0
5553957443,2016-04-30 18:00:00,61.0
5553957443,2016-04-30 19:00:00,297.0
5553957443,2016-04-30 20:00:00,49.0
5553957443,2016-04-30 21:00:00,113.0
5553957443,2016-04-30 22:00:00,179.0
5553957443,2016-04-30 23:00:00,70.0
5553957443,2016-05-01 00:00:00,0.0
5553957443,2016-05-01 01:00:00,0.0
5553957443,2016-05-01 02:00:00,0.0
5553957443,2016-05-01 03:00:00,0.0
5553957443,2016-05-01 04:00:00,0.0
5553957443,2016-05-01 05:00:00,53.0
5553957443,2016-05-01 06:00:00,5.0
5553957443,2016-05-01 07:00:00,0.0
5553957443,2016-05-01 08:00:00,13.0
5553957443,2016-05-01 09:00:00,174.0
5553957443,2016-05-01 10:00:00,702.0
5553957443,2016-05-01 11:00:00,418.0
5553957443,2016-05-01 12:00:00,1171.0
5553957443,2016-05-01 13:00:00,605.0
5553957443,2016-05-01 14:00:00,225.0
5553957443,2016-05-01 15:00:00,0.0
5553957443,2016-05-01 16:00:00,105.0
5553957443,2016-05-01 17:00:00,332.0
5553957443,2016-05-01 18:00:00,384.0
5553957443,2016-05-01 19:00:00,504.0
5553957443,2016-05-01 20:00:00,322.0
5553957443,2016-05-01 21:00:00,68.0
5553957443,2016-05-01 22:00:00,83.0
5553957443,2016-05-01 23:00:00,0.0
5553957443,2016-05-02 00:00:00,0.0
5553957443,2016-05-02 01:00:00,0.0
5553957443,2016-05-02 02:00:00,8.0
5553957443,2016-05-02 03:00:00,0.0
5553957443,2016-05-02 04:00:00,0.0
5553957443,2016-05-02 05:00:00,24.0
5553957443,2016-05-02 06:00:00,831.0
5553957443,2016-05-02 07:00:00,1649.0
5553957443,2016-05-02 08:00:00,345.0
5553957443,2016-05-02 09:00:00,338.0
5553957443,2016-05-02 10:00:00,332.0
5553957443,2016-05-02 11:00:00,384.0
5553957443,2016-05-02 12:00:00,143.0
5553957443,2016-05-02 13:00:00,82.0
5553957443,2016-05-02 14:00:00,103.0
5553957443,2016-05-02 15:00:00,108.0
5553957443,2016-05-02 16:00:00,2457.0
5553957443,2016-05-02 17:00:00,1386.0
5553957443,2016-05-02 18:00:00,1181.0
5553957443,2016-05-02 19:00:00,102.0
5553957443,2016-05-02 20:00:00,140.0
5553957443,2016-05-02 21:00:00,126.0
5553957443,2016-05-02 22:00:00,30.0
5553957443,2016-05-02 23:00:00,0.0
5553957443,2016-05-03 00:00:00,24.0
5553957443,2016-05-03 01:00:00,8.0
5553957443,2016-05-03 02:00:00,12.0
5553957443,2016-05-03 03:00:00,5.0
5553957443,2016-05-03 04:00:00,0.0
5553957443,2016-05-03 05:00:00,201.0
5553957443,2016-05-03 06:00:00,1528.0
5553957443,2016-05-03 07:00:00,833.0
5553957443,2016-05-03 08:00:00,0.0
5553957443,2016-05-03 09:00:00,106.0
5553957443,2016-05-03 10:00:00,204.0
5553957443,2016-05-03 11:00:00,70.0
5553957443,2016-05-03 12:00:00,612.0
5553957443,2016-05-03 13:00:00,68.0
5553957443,2016-05-03 14:00:00,0.0
5553957443,2016-05-03 15:00:00,25.0
5553957443,2016-05-03 16:00:00,1613.0
5553957443,2016-05-03 17:00:00,2518.0
5553957443,2016-05-03 18:00:00,797.0
5553957443,2016-05-03 19:00:00,1502.0
5553957443,2016-05-03 20:00:00,1362.0
5553957443,2016-05-03 21:00:00,84.0
5553957443,2016-05-03 22:00:00,986.0
5553957443,2016-05-03 23:00:00,263.0
5553957443,2016-05-04 00:00:00,244.0
5553957443,2016-05-04 01:00:00,0.0
5553957443,2016-05-04 02:00:00,10.0
5553957443,2016-05-04 03:00:00,0.0
5553957443,2016-05-04 04:00:00,0.0
5553957443,2016-05-04 05:00:00,0.0
5553957443,2016-05-04 06:00:00,66.0
5553957443,2016-05-04 07:00:00,0.0
5553957443,2016-05-04 08:00:00,61.0
5553957443,2016-05-04 09:00:00,61.0
5553957443,2016-05-04 10:00:00,83.0
5553957443,2016-05-04 11:00:00,23.0
5553957443,2016-05-04 12:00:00,116.0
5553957443,2016-05-04 13:00:00,118.0
5553957443,2016-05-04 14:00:00,321.0
5553957443,2016-05-04 15:00:00,578.0
5553957443,2016-05-04 16:00:00,454.0
5553957443,2016-05-04 17:00:00,432.0
5553957443,2016-05-04 18:00:00,557.0
5553957443,2016-05-04 19:00:00,566.0
5553957443,2016-05-04 20:00:00,111.0
5553957443,2016-05-04 21:00:00,345.0
5553957443,2016-05-04 22:00:00,103.0
5553957443,2016-05-04 23:00:00,0.0
5553957443,2016-05-05 00:00:00,0.0
5553957443,2016-05-05 01:00:00,10.0
5553957443,2016-05-05 02:00:00,0.0
5553957443,2016-05-05 03:00:00,0.0
5553957443,2016-05-05 04:00:00,0.0
5553957443,2016-05-05 05:00:00,5.0
5553957443,2016-05-05 06:00:00,262.0
5553957443,2016-05-05 07:00:00,1366.0
5553957443,2016-05-05 08:00:00,1683.0
5553957443,2016-05-05 09:00:00,376.0
5553957443,2016-05-05 10:00:00,42.0
5553957443,2016-05-05 11:00:00,51.0
5553957443,2016-05-05 12:00:00,262.0
5553957443,2016-05-05 13:00:00,203.0
5553957443,2016-05-05 14:00:00,585.0
5553957443,2016-05-05 15:00:00,90.0
5553957443,2016-05-05 16:00:00,2951.0
5553957443,2016-05-05 17:00:00,3133.0
5553957443,2016-05-05 18:00:00,874.0
5553957443,2016-05-05 19:00:00,744.0
5553957443,2016-05-05 20:00:00,1061.0
5553957443,2016-05-05 21:00:00,271.0
5553957443,2016-05-05 22:00:00,348.0
5553957443,2016-05-05 23:00:00,14.0
5553957443,2016-05-06 00:00:00,0.0
5553957443,2016-05-06 01:00:00,0.0
5553957443,2016-05-06 02:00:00,0.0
5553957443,2016-05-06 03:00:00,13.0
5553957443,2016-05-06 04:00:00,86.0
5553957443,2016-05-06 05:00:00,7.0
5553957443,2016-05-06 06:00:00,225.0
5553957443,2016-05-06 07:00:00,1506.0
5553957443,2016-05-06 08:00:00,2054.0
5553957443,2016-05-06 09:00:00,21.0
5553957443,2016-05-06 10:00:00,4.0
5553957443,2016-05-06 11:00:00,68.0
5553957443,2016-05-06 12:00:00,280.0
5553957443,2016-05-06 13:00:00,52.0
5553957443,2016-05-06 14:00:00,339.0
5553957443,2016-05-06 15:00:00,75.0
5553957443,2016-05-06 16:00:00,0.0
5553957443,2016-05-06 17:00:00,2042.0
5553957443,2016-05-06 18:00:00,897.0
5553957443,2016-05-06 19:00:00,1142.0
5553957443,2016-05-06 20:00:00,293.0
5553957443,2016-05-06 21:00:00,31.0
5553957443,2016-05-06 22:00:00,497.0
5553957443,2016-05-06 23:00:00,0.0
5553957443,2016-05-07 00:00:00,0.0
5553957443,2016-05-07 01:00:00,7.0
5553957443,2016-05-07 02:00:00,0.0
5553957443,2016-05-07 03:00:00,0.0
5553957443,2016-05-07 04:00:00,0.0
5553957443,2016-05-07 05:00:00,0.0
5553957443,2016-05-07 06:00:00,0.0
5553957443,2016-05-07 07:00:00,102.0
5553957443,2016-05-07 08:00:00,0.0
5553957443,2016-05-07 09:00:00,0.0
5553957443,2016-05-07 10:00:00,0.0
5553957443,2016-05-07 11:00:00,0.0
5553957443,2016-05-07 12:00:00,0.0
5553957443,2016-05-07 13:00:00,0.0
5553957443,2016-05-07 14:00:00,80.0
5553957443,2016-05-07 15:00:00,0.0
5553957443,2016-05-07 16:00:00,0.0
5553957443,2016-05-07 17:00:00,98.0
5553957443,2016-05-07 18:00:00,550.0
5553957443,2016-05-07 19:00:00,144.0
5553957443,2016-05-07 20:00:00,56.0
5553957443,2016-05-07 21:00:00,294.0
5553957443,2016-05-07 22:00:00,336.0
5553957443,2016-05-07 23:00:00,201.0
5553957443,2016-05-08 00:00:00,0.0
5553957443,2016-05-08 01:00:00,0.0
5553957443,2016-05-08 02:00:00,0.0
5553957443,2016-05-08 03:00:00,0.0
5553957443,2016-05-08 04:00:00,42.0
5553957443,2016-05-08 05:00:00,9.0
5553957443,2016-05-08 06:00:00,7.0
5553957443,2016-05-08 07:00:00,0.0
5553957443,2016-05-08 08:00:00,0.0
5553957443,2016-05-08 09:00:00,123.0
5553957443,2016-05-08 10:00:00,350.0
5553957443,2016-05-08 11:00:00,9.0
5553957443,2016-05-08 12:00:00,1969.0
5553957443,2016-05-08 13:00:00,870.0
5553957443,2016-05-08 14:00:00,52.0
5553957443,2016-05-08 15:00:00,111.0
5553957443,2016-05-08 16:00:00,287.0
5553957443,2016-05-08 17:00:00,269.0
5553957443,2016-05-08 18:00:00,638.0
5553957443,2016-05-08 19:00:00,767.0
5553957443,2016-05-08 20:00:00,247.0
5553957443,2016-05-08 21:00:00,324.0
5553957443,2016-05-08 22:00:00,9.0
5553957443,2016-05-08 23:00:00,0.0
5553957443,2016-05-09 00:00:00,43.0
5553957443,2016-05-09 01:00:00,5.0
5553957443,2016-05-09 02:00:00,0.0
5553957443,2016-05-09 03:00:00,8.0
5553957443,2016-05-09 04:00:00,0.0
5553957443,2016-05-09 05:00:00,0.0
5553957443,2016-05-09 06:00:00,539.0
5553957443,2016-05-09 07:00:00,1782.0
5553957443,2016-05-09 08:00:00,1470.0
5553957443,2016-05-09 09:00:00,20.0
5553957443,2016-05-09 10:00:00,232.0
5553957443,2016-05-09 11:00:00,153.0
5553957443,2016-05-09 12:00:00,125.0
5553957443,2016-05-09 13:00:00,17.0
5553957443,2016-05-09 14:00:00,4.0
5553957443,2016-05-09 15:00:00,0.0
5553957443,2016-05-09 16:00:00,1736.0
5553957443,2016-05-09 17:00:00,722.0
5553957443,2016-05-09 18:00:00,2661.0
5553957443,2016-05-09 19:00:00,1283.0
5553957443,2016-05-09 20:00:00,443.0
5553957443,2016-05-09 21:00:00,261.0
5553957443,2016-05-09 22:00:00,107.0
5553957443,2016-05-09 23:00:00,0.0
5553957443,2016-05-10 00:00:00,0.0
5553957443,2016-05-10 01:00:00,0.0
5553957443,2016-05-10 02:00:00,0.0
5553957443,2016-05-10 03:00:00,61.0
5553957443,2016-05-10 04:00:00,0.0
5553957443,2016-05-10 05:00:00,0.0
5553957443,2016-05-10 06:00:00,737.0
5553957443,2016-05-10 07:00:00,2830.0
5553957443,2016-05-10 08:00:00,15.0
5553957443,2016-05-10 09:00:00,0.0
5553957443,2016-05-10 10:00:00,7.0
5553957443,2016-05-10 11:00:00,2690.0
5553957443,2016-05-10 12:00:00,3160.0
5553957443,2016-05-10 13:00:00,97.0
5553957443,2016-05-10 14:00:00,0.0
5553957443,2016-05-10 15:00:00,38.0
5553957443,2016-05-10 16:00:00,152.0
5553957443,2016-05-10 17:00:00,2245.0
5553957443,2016-05-10 18:00:00,969.0
5553957443,2016-05-10 19:00:00,309.0
5553957443,2016-05-10 20:00:00,497.0
5553957443,2016-05-10 21:00:00,1098.0
5553957443,2016-05-10 22:00:00,971.0
5553957443,2016-05-10 23:00:00,439.0
5553957443,2016-05-11 00:00:00,109.0
5553957443,2016-05-11 01:00:00,0.0
5553957443,2016-05-11 02:00:00,6.0
5553957443,2016-05-11 03:00:00,0.0
5553957443,2016-05-11 04:00:00,0.0
5553957443,2016-05-11 05:00:00,0.0
5553957443,2016-05-11 06:00:00,5.0
5553957443,2016-05-11 07:00:00,0.0
5553957443,2016-05-11 08:00:00,407.0
5553957443,2016-05-11 09:00:00,79.0
5553957443,2016-05-11 10:00:00,455.0
5553957443,2016-05-11 11:00:00,69.0
5553957443,2016-05-11 12:00:00,392.0
5553957443,2016-05-11 13:00:00,9.0
5553957443,2016-05-11 14:00:00,532.0
5553957443,2016-05-11 15:00:00,523.0
5553957443,2016-05-11 16:00:00,302.0
5553957443,2016-05-11 17:00:00,10.0
5553957443,2016-05-11 18:00:00,469.0
5553957443,2016-05-11 19:00:00,745.0
5553957443,2016-05-11 20:00:00,441.0
5553957443,2016-05-11 21:00:00,344.0
5553957443,2016-05-11 22:00:00,0.0
5553957443,2016-05-11 23:00:00,29.0
5553957443,2016-05-12 00:00:00,11.0
5553957443,2016-05-12 01:00:00,9.0
5553957443,2016-05-12 02:00:00,24.0
5553957443,2016-05-12 03:00:00,0.0
5553957443,2016-05-12 04:00:00,0.0
5553957443,2016-05-12 05:00:00,55.0
5553957443,2016-05-12 06:00:00,312.0
5553957443,2016-05-12 07:00:00,2710.0
5553957443,2016-05-12 08:00:00,0.0
5553957443,2016-05-12 09:00:00,0.0
5577150313,2016-04-12 00:00:00,0.0
5577150313,2016-04-12 01:00:00,0.0
5577150313,2016-04-12 02:00:00,0.0
5577150313,2016-04-12 03:00:00,0.0
5577150313,2016-04-12 04:00:00,0.0
5577150313,2016-04-12 05:00:00,31.0
5577150313,2016-04-12 06:00:00,2073.0
5577150313,2016-04-12 07:00:00,112.0
5577150313,2016-04-12 08:00:00,339.0
5577150313,2016-04-12 09:00:00,120.0
5577150313,2016-04-12 10:00:00,276.0
5577150313,2016-04-12 11:00:00,1434.0
5577150313,2016-04-12 12:00:00,58.0
5577150313,2016-04-12 13:00:00,142.0
5577150313,2016-04-12 14:00:00,14.0
5577150313,2016-04-12 15:00:00,200.0
5577150313,2016-04-12 16:00:00,1653.0
5577150313,2016-04-12 17:00:00,229.0
5577150313,2016-04-12 18:00:00,222.0
5577150313,2016-04-12 19:00:00,875.0
5577150313,2016-04-12 20:00:00,216.0
5577150313,2016-04-12 21:00:00,105.0
5577150313,2016-04-12 22:00:00,36.0
5577150313,2016-04-12 23:00:00,0.0
5577150313,2016-04-13 00:00:00,0.0
5577150313,2016-04-13 01:00:00,0.0
5577150313,2016-04-13 02:00:00,6.0
5577150313,2016-04-13 03:00:00,8.0
5577150313,2016-04-13 04:00:00,64.0
5577150313,2016-04-13 05:00:00,32.0
5577150313,2016-04-13 06:00:00,1908.0
5577150313,2016-04-13 07:00:00,219.0
5577150313,2016-04-13 08:00:00,366.0
5577150313,2016-04-13 09:00:00,71.0
5577150313,2016-04-13 10:00:00,285.0
5577150313,2016-04-13 11:00:00,467.0
5577150313,2016-04-13 12:00:00,0.0
5577150313,2016-04-13 13:00:00,0.0
5577150313,2016-04-13 14:00:00,0.0
5577150313,2016-04-13 15:00:00,0.0
5577150313,2016-04-13 16:00:00,0.0
5577150313,2016-04-13 17:00:00,420.0
5577150313,2016-04-13 18:00:00,0.0
5577150313,2016-04-13 19:00:00,339.0
5577150313,2016-04-13 20:00:00,869.0
5577150313,2016-04-13 21:00:00,23.0
5577150313,2016-04-13 22:00:00,0.0
5577150313,2016-04-13 23:00:00,0.0
5577150313,2016-04-14 00:00:00,72.0
5577150313,2016-04-14 01:00:00,0.0
5577150313,2016-04-14 02:00:00,0.0
5577150313,2016-04-14 03:00:00,0.0
5577150313,2016-04-14 04:00:00,6.0
5577150313,2016-04-14 05:00:00,158.0
5577150313,2016-04-14 06:00:00,1410.0
5577150313,2016-04-14 07:00:00,430.0
5577150313,2016-04-14 08:00:00,98.0
5577150313,2016-04-14 09:00:00,124.0
5577150313,2016-04-14 10:00:00,0.0
5577150313,2016-04-14 11:00:00,1444.0
5577150313,2016-04-14 12:00:00,267.0
5577150313,2016-04-14 13:00:00,169.0
5577150313,2016-04-14 14:00:00,1489.0
5577150313,2016-04-14 15:00:00,870.0
5577150313,2016-04-14 16:00:00,582.0
5577150313,2016-04-14 17:00:00,205.0
5577150313,2016-04-14 18:00:00,119.0
5577150313,2016-04-14 19:00:00,688.0
5577150313,2016-04-14 20:00:00,351.0
5577150313,2016-04-14 21:00:00,100.0
5577150313,2016-04-14 22:00:00,14.0
5577150313,2016-04-14 23:00:00,0.0
5577150313,2016-04-15 00:00:00,48.0
5577150313,2016-04-15 01:00:00,0.0
5577150313,2016-04-15 02:00:00,5.0
5577150313,2016-04-15 03:00:00,6.0
5577150313,2016-04-15 04:00:00,9.0
5577150313,2016-04-15 05:00:00,787.0
5577150313,2016-04-15 06:00:00,1822.0
5577150313,2016-04-15 07:00:00,239.0
5577150313,2016-04-15 08:00:00,215.0
5577150313,2016-04-15 09:00:00,199.0
5577150313,2016-04-15 10:00:00,291.0
5577150313,2016-04-15 11:00:00,1295.0
5577150313,2016-04-15 12:00:00,255.0
5577150313,2016-04-15 13:00:00,581.0
5577150313,2016-04-15 14:00:00,634.0
5577150313,2016-04-15 15:00:00,1940.0
5577150313,2016-04-15 16:00:00,288.0
5577150313,2016-04-15 17:00:00,106.0
5577150313,2016-04-15 18:00:00,785.0
5577150313,2016-04-15 19:00:00,1431.0
5577150313,2016-04-15 20:00:00,1102.0
5577150313,2016-04-15 21:00:00,4.0
5577150313,2016-04-15 22:00:00,45.0
5577150313,2016-04-15 23:00:00,0.0
5577150313,2016-04-16 00:00:00,68.0
5577150313,2016-04-16 01:00:00,4.0
5577150313,2016-04-16 02:00:00,62.0
5577150313,2016-04-16 03:00:00,5.0
5577150313,2016-04-16 04:00:00,0.0
5577150313,2016-04-16 05:00:00,0.0
5577150313,2016-04-16 06:00:00,2088.0
5577150313,2016-04-16 07:00:00,1525.0
5577150313,2016-04-16 08:00:00,85.0
5577150313,2016-04-16 09:00:00,4.0
5577150313,2016-04-16 10:00:00,1526.0
5577150313,2016-04-16 11:00:00,964.0
5577150313,2016-04-16 12:00:00,316.0
5577150313,2016-04-16 13:00:00,1173.0
5577150313,2016-04-16 14:00:00,3729.0
5577150313,2016-04-16 15:00:00,457.0
5577150313,2016-04-16 16:00:00,173.0
5577150313,2016-04-16 17:00:00,471.0
5577150313,2016-04-16 18:00:00,715.0
5577150313,2016-04-16 19:00:00,648.0
5577150313,2016-04-16 20:00:00,241.0
5577150313,2016-04-16 21:00:00,0.0
5577150313,2016-04-16 22:00:00,7.0
5577150313,2016-04-16 23:00:00,0.0
5577150313,2016-04-17 00:00:00,8.0
5577150313,2016-04-17 01:00:00,0.0
5577150313,2016-04-17 02:00:00,62.0
5577150313,2016-04-17 03:00:00,0.0
5577150313,2016-04-17 04:00:00,7.0
5577150313,2016-04-17 05:00:00,8.0
5577150313,2016-04-17 06:00:00,569.0
5577150313,2016-04-17 07:00:00,2249.0
5577150313,2016-04-17 08:00:00,312.0
5577150313,2016-04-17 09:00:00,807.0
5577150313,2016-04-17 10:00:00,1034.0
5577150313,2016-04-17 11:00:00,1091.0
5577150313,2016-04-17 12:00:00,2035.0
5577150313,2016-04-17 13:00:00,1695.0
5577150313,2016-04-17 14:00:00,401.0
5577150313,2016-04-17 15:00:00,222.0
5577150313,2016-04-17 16:00:00,23.0
5577150313,2016-04-17 17:00:00,6.0
5577150313,2016-04-17 18:00:00,401.0
5577150313,2016-04-17 19:00:00,186.0
5577150313,2016-04-17 20:00:00,382.0
5577150313,2016-04-17 21:00:00,719.0
5577150313,2016-04-17 22:00:00,14.0
5577150313,2016-04-17 23:00:00,0.0
5577150313,2016-04-18 00:00:00,0.0
5577150313,2016-04-18 01:00:00,0.0
5577150313,2016-04-18 02:00:00,0.0
5577150313,2016-04-18 03:00:00,0.0
5577150313,2016-04-18 04:00:00,0.0
5577150313,2016-04-18 05:00:00,11.0
5577150313,2016-04-18 06:00:00,0.0
5577150313,2016-04-18 07:00:00,223.0
5577150313,2016-04-18 08:00:00,41.0
5577150313,2016-04-18 09:00:00,4181.0
5577150313,2016-04-18 10:00:00,2539.0
5577150313,2016-04-18 11:00:00,11.0
5577150313,2016-04-18 12:00:00,53.0
5577150313,2016-04-18 13:00:00,7.0
5577150313,2016-04-18 14:00:00,631.0
5577150313,2016-04-18 15:00:00,56.0
5577150313,2016-04-18 16:00:00,419.0
5577150313,2016-04-18 17:00:00,134.0
5577150313,2016-04-18 18:00:00,866.0
5577150313,2016-04-18 19:00:00,362.0
5577150313,2016-04-18 20:00:00,96.0
5577150313,2016-04-18 21:00:00,248.0
5577150313,2016-04-18 22:00:00,0.0
5577150313,2016-04-18 23:00:00,15.0
5577150313,2016-04-19 00:00:00,0.0
5577150313,2016-04-19 01:00:00,0.0
5577150313,2016-04-19 02:00:00,0.0
5577150313,2016-04-19 03:00:00,0.0
5577150313,2016-04-19 04:00:00,0.0
5577150313,2016-04-19 05:00:00,0.0
5577150313,2016-04-19 06:00:00,38.0
5577150313,2016-04-19 07:00:00,3910.0
5577150313,2016-04-19 08:00:00,1704.0
5577150313,2016-04-19 09:00:00,9.0
5577150313,2016-04-19 10:00:00,176.0
5577150313,2016-04-19 11:00:00,69.0
5577150313,2016-04-19 12:00:00,929.0
5577150313,2016-04-19 13:00:00,257.0
5577150313,2016-04-19 14:00:00,2181.0
5577150313,2016-04-19 15:00:00,393.0
5577150313,2016-04-19 16:00:00,249.0
5577150313,2016-04-19 17:00:00,0.0
5577150313,2016-04-19 18:00:00,142.0
5577150313,2016-04-19 19:00:00,114.0
5577150313,2016-04-19 20:00:00,2303.0
5577150313,2016-04-19 21:00:00,74.0
5577150313,2016-04-19 22:00:00,14.0
5577150313,2016-04-19 23:00:00,12.0
5577150313,2016-04-20 00:00:00,0.0
5577150313,2016-04-20 01:00:00,0.0
5577150313,2016-04-20 02:00:00,6.0
5577150313,2016-04-20 03:00:00,4.0
5577150313,2016-04-20 04:00:00,9.0
5577150313,2016-04-20 05:00:00,0.0
5577150313,2016-04-20 06:00:00,0.0
5577150313,2016-04-20 07:00:00,0.0
5577150313,2016-04-20 08:00:00,4000.0
5577150313,2016-04-20 09:00:00,702.0
5577150313,2016-04-20 10:00:00,536.0
5577150313,2016-04-20 11:00:00,307.0
5577150313,2016-04-20 12:00:00,283.0
5577150313,2016-04-20 13:00:00,499.0
5577150313,2016-04-20 14:00:00,343.0
5577150313,2016-04-20 15:00:00,5.0
5577150313,2016-04-20 16:00:00,353.0
5577150313,2016-04-20 17:00:00,60.0
5577150313,2016-04-20 18:00:00,342.0
5577150313,2016-04-20 19:00:00,435.0
5577150313,2016-04-20 20:00:00,281.0
5577150313,2016-04-20 21:00:00,27.0
5577150313,2016-04-20 22:00:00,83.0
5577150313,2016-04-20 23:00:00,55.0
5577150313,2016-04-21 00:00:00,0.0
5577150313,2016-04-21 01:00:00,0.0
5577150313,2016-04-21 02:00:00,5.0
5577150313,2016-04-21 03:00:00,6.0
5577150313,2016-04-21 04:00:00,0.0
5577150313,2016-04-21 05:00:00,5.0
5577150313,2016-04-21 06:00:00,2017.0
5577150313,2016-04-21 07:00:00,326.0
5577150313,2016-04-21 08:00:00,382.0
5577150313,2016-04-21 09:00:00,230.0
5577150313,2016-04-21 10:00:00,0.0
5577150313,2016-04-21 11:00:00,1738.0
5577150313,2016-04-21 12:00:00,64.0
5577150313,2016-04-21 13:00:00,236.0
5577150313,2016-04-21 14:00:00,1409.0
5577150313,2016-04-21 15:00:00,2020.0
5577150313,2016-04-21 16:00:00,477.0
5577150313,2016-04-21 17:00:00,640.0
5577150313,2016-04-21 18:00:00,101.0
5577150313,2016-04-21 19:00:00,788.0
5577150313,2016-04-21 20:00:00,239.0
5577150313,2016-04-21 21:00:00,8.0
5577150313,2016-04-21 22:00:00,139.0
5577150313,2016-04-21 23:00:00,0.0
5577150313,2016-04-22 00:00:00,9.0
5577150313,2016-04-22 01:00:00,0.0
5577150313,2016-04-22 02:00:00,0.0
5577150313,2016-04-22 03:00:00,206.0
5577150313,2016-04-22 04:00:00,0.0
5577150313,2016-04-22 05:00:00,608.0
5577150313,2016-04-22 06:00:00,2196.0
5577150313,2016-04-22 07:00:00,432.0
5577150313,2016-04-22 08:00:00,315.0
5577150313,2016-04-22 09:00:00,293.0
5577150313,2016-04-22 10:00:00,271.0
5577150313,2016-04-22 11:00:00,335.0
5577150313,2016-04-22 12:00:00,540.0
5577150313,2016-04-22 13:00:00,49.0
5577150313,2016-04-22 14:00:00,37.0
5577150313,2016-04-22 15:00:00,9.0
5577150313,2016-04-22 16:00:00,88.0
5577150313,2016-04-22 17:00:00,316.0
5577150313,2016-04-22 18:00:00,663.0
5577150313,2016-04-22 19:00:00,714.0
5577150313,2016-04-22 20:00:00,874.0
5577150313,2016-04-22 21:00:00,92.0
5577150313,2016-04-22 22:00:00,536.0
5577150313,2016-04-22 23:00:00,117.0
5577150313,2016-04-23 00:00:00,6.0
5577150313,2016-04-23 01:00:00,0.0
5577150313,2016-04-23 02:00:00,9.0
5577150313,2016-04-23 03:00:00,0.0
5577150313,2016-04-23 04:00:00,41.0
5577150313,2016-04-23 05:00:00,0.0
5577150313,2016-04-23 06:00:00,193.0
5577150313,2016-04-23 07:00:00,325.0
5577150313,2016-04-23 08:00:00,56.0
5577150313,2016-04-23 09:00:00,346.0
5577150313,2016-04-23 10:00:00,973.0
5577150313,2016-04-23 11:00:00,550.0
5577150313,2016-04-23 12:00:00,376.0
5577150313,2016-04-23 13:00:00,407.0
5577150313,2016-04-23 14:00:00,63.0
5577150313,2016-04-23 15:00:00,1764.0
5577150313,2016-04-23 16:00:00,175.0
5577150313,2016-04-23 17:00:00,854.0
5577150313,2016-04-23 18:00:00,628.0
5577150313,2016-04-23 19:00:00,267.0
5577150313,2016-04-23 20:00:00,556.0
5577150313,2016-04-23 21:00:00,31.0
5577150313,2016-04-23 22:00:00,7.0
5577150313,2016-04-23 23:00:00,11.0
5577150313,2016-04-24 00:00:00,0.0
5577150313,2016-04-24 01:00:00,44.0
5577150313,2016-04-24 02:00:00,58.0
5577150313,2016-04-24 03:00:00,0.0
5577150313,2016-04-24 04:00:00,0.0
5577150313,2016-04-24 05:00:00,0.0
5577150313,2016-04-24 06:00:00,10.0
5577150313,2016-04-24 07:00:00,206.0
5577150313,2016-04-24 08:00:00,175.0
5577150313,2016-04-24 09:00:00,329.0
5577150313,2016-04-24 10:00:00,2833.0
5577150313,2016-04-24 11:00:00,3857.0
5577150313,2016-04-24 12:00:00,191.0
5577150313,2016-04-24 13:00:00,280.0
5577150313,2016-04-24 14:00:00,399.0
5577150313,2016-04-24 15:00:00,3393.0
5577150313,2016-04-24 16:00:00,1512.0
5577150313,2016-04-24 17:00:00,1154.0
5577150313,2016-04-24 18:00:00,399.0
5577150313,2016-04-24 19:00:00,629.0
5577150313,2016-04-24 20:00:00,138.0
5577150313,2016-04-24 21:00:00,108.0
5577150313,2016-04-24 22:00:00,17.0
5577150313,2016-04-24 23:00:00,32.0
5577150313,2016-04-25 00:00:00,7.0
5577150313,2016-04-25 01:00:00,0.0
5577150313,2016-04-25 02:00:00,0.0
5577150313,2016-04-25 03:00:00,7.0
5577150313,2016-04-25 04:00:00,11.0
5577150313,2016-04-25 05:00:00,99.0
5577150313,2016-04-25 06:00:00,1597.0
5577150313,2016-04-25 07:00:00,657.0
5577150313,2016-04-25 08:00:00,304.0
5577150313,2016-04-25 09:00:00,83.0
5577150313,2016-04-25 10:00:00,253.0
5577150313,2016-04-25 11:00:00,568.0
5577150313,2016-04-25 12:00:00,236.0
5577150313,2016-04-25 13:00:00,202.0
5577150313,2016-04-25 14:00:00,211.0
5577150313,2016-04-25 15:00:00,190.0
5577150313,2016-04-25 16:00:00,365.0
5577150313,2016-04-25 17:00:00,449.0
5577150313,2016-04-25 18:00:00,86.0
5577150313,2016-04-25 19:00:00,734.0
5577150313,2016-04-25 20:00:00,229.0
5577150313,2016-04-25 21:00:00,95.0
5577150313,2016-04-25 22:00:00,10.0
5577150313,2016-04-25 23:00:00,0.0
5577150313,2016-04-26 00:00:00,42.0
5577150313,2016-04-26 01:00:00,0.0
5577150313,2016-04-26 02:00:00,0.0
5577150313,2016-04-26 03:00:00,0.0
5577150313,2016-04-26 04:00:00,20.0
5577150313,2016-04-26 05:00:00,884.0
5577150313,2016-04-26 06:00:00,1128.0
5577150313,2016-04-26 07:00:00,212.0
5577150313,2016-04-26 08:00:00,129.0
5577150313,2016-04-26 09:00:00,10.0
5577150313,2016-04-26 10:00:00,168.0
5577150313,2016-04-26 11:00:00,280.0
5577150313,2016-04-26 12:00:00,596.0
5577150313,2016-04-26 13:00:00,125.0
5577150313,2016-04-26 14:00:00,265.0
5577150313,2016-04-26 15:00:00,117.0
5577150313,2016-04-26 16:00:00,205.0
5577150313,2016-04-26 17:00:00,0.0
5577150313,2016-04-26 18:00:00,298.0
5577150313,2016-04-26 19:00:00,368.0
5577150313,2016-04-26 20:00:00,370.0
5577150313,2016-04-26 21:00:00,77.0
5577150313,2016-04-26 22:00:00,0.0
5577150313,2016-04-26 23:00:00,31.0
5577150313,2016-04-27 00:00:00,0.0
5577150313,2016-04-27 01:00:00,5.0
5577150313,2016-04-27 02:00:00,0.0
5577150313,2016-04-27 03:00:00,0.0
5577150313,2016-04-27 04:00:00,0.0
5577150313,2016-04-27 05:00:00,313.0
5577150313,2016-04-27 06:00:00,2153.0
5577150313,2016-04-27 07:00:00,286.0
5577150313,2016-04-27 08:00:00,290.0
5577150313,2016-04-27 09:00:00,429.0
5577150313,2016-04-27 10:00:00,92.0
5577150313,2016-04-27 11:00:00,207.0
5577150313,2016-04-27 12:00:00,168.0
5577150313,2016-04-27 13:00:00,117.0
5577150313,2016-04-27 14:00:00,15.0
5577150313,2016-04-27 15:00:00,382.0
5577150313,2016-04-27 16:00:00,350.0
5577150313,2016-04-27 17:00:00,252.0
5577150313,2016-04-27 18:00:00,418.0
5577150313,2016-04-27 19:00:00,939.0
5577150313,2016-04-27 20:00:00,61.0
5577150313,2016-04-27 21:00:00,203.0
5577150313,2016-04-27 22:00:00,118.0
5577150313,2016-04-27 23:00:00,7.0
5577150313,2016-04-28 00:00:00,10.0
5577150313,2016-04-28 01:00:00,0.0
5577150313,2016-04-28 02:00:00,4.0
5577150313,2016-04-28 03:00:00,0.0
5577150313,2016-04-28 04:00:00,0.0
5577150313,2016-04-28 05:00:00,1064.0
5577150313,2016-04-28 06:00:00,1556.0
5577150313,2016-04-28 07:00:00,356.0
5577150313,2016-04-28 08:00:00,238.0
5577150313,2016-04-28 09:00:00,117.0
5577150313,2016-04-28 10:00:00,100.0
5577150313,2016-04-28 11:00:00,1635.0
5577150313,2016-04-28 12:00:00,0.0
5577150313,2016-04-28 13:00:00,1001.0
5577150313,2016-04-28 14:00:00,1076.0
5577150313,2016-04-28 15:00:00,511.0
5577150313,2016-04-28 16:00:00,106.0
5577150313,2016-04-28 17:00:00,526.0
5577150313,2016-04-28 18:00:00,153.0
5577150313,2016-04-28 19:00:00,1035.0
5577150313,2016-04-28 20:00:00,241.0
5577150313,2016-04-28 21:00:00,112.0
5577150313,2016-04-28 22:00:00,0.0
5577150313,2016-04-28 23:00:00,0.0
5577150313,2016-04-29 00:00:00,0.0
5577150313,2016-04-29 01:00:00,58.0
5577150313,2016-04-29 02:00:00,0.0
5577150313,2016-04-29 03:00:00,0.0
5577150313,2016-04-29 04:00:00,0.0
5577150313,2016-04-29 05:00:00,31.0
5577150313,2016-04-29 06:00:00,1744.0
5577150313,2016-04-29 07:00:00,562.0
5577150313,2016-04-29 08:00:00,148.0
5577150313,2016-04-29 09:00:00,383.0
5577150313,2016-04-29 10:00:00,158.0
5577150313,2016-04-29 11:00:00,252.0
5577150313,2016-04-29 12:00:00,353.0
5577150313,2016-04-29 13:00:00,86.0
5577150313,2016-04-29 14:00:00,68.0
5577150313,2016-04-29 15:00:00,80.0
5577150313,2016-04-29 16:00:00,119.0
5577150313,2016-04-29 17:00:00,143.0
5577150313,2016-04-29 18:00:00,413.0
5577150313,2016-04-29 19:00:00,1014.0
5577150313,2016-04-29 20:00:00,2206.0
5577150313,2016-04-29 21:00:00,28.0
5577150313,2016-04-29 22:00:00,78.0
5577150313,2016-04-29 23:00:00,0.0
5577150313,2016-04-30 00:00:00,0.0
5577150313,2016-04-30 01:00:00,0.0
5577150313,2016-04-30 02:00:00,0.0
5577150313,2016-04-30 03:00:00,0.0
5577150313,2016-04-30 04:00:00,0.0
5577150313,2016-04-30 05:00:00,9.0
5577150313,2016-04-30 06:00:00,86.0
5577150313,2016-04-30 07:00:00,199.0
5577150313,2016-04-30 08:00:00,256.0
5577150313,2016-04-30 09:00:00,72.0
5577150313,2016-04-30 10:00:00,1228.0
5577150313,2016-04-30 11:00:00,2444.0
5577150313,2016-04-30 12:00:00,952.0
5577150313,2016-04-30 13:00:00,1031.0
5577150313,2016-04-30 14:00:00,621.0
5577150313,2016-04-30 15:00:00,240.0
5577150313,2016-04-30 16:00:00,36.0
5577150313,2016-04-30 17:00:00,390.0
5577150313,2016-04-30 18:00:00,2249.0
5577150313,2016-04-30 19:00:00,1832.0
5577150313,2016-04-30 20:00:00,278.0
5577150313,2016-04-30 21:00:00,259.0
5577150313,2016-04-30 22:00:00,125.0
5577150313,2016-04-30 23:00:00,56.0
5577150313,2016-05-01 00:00:00,0.0
5577150313,2016-05-01 01:00:00,8.0
5577150313,2016-05-01 02:00:00,11.0
5577150313,2016-05-01 03:00:00,0.0
5577150313,2016-05-01 04:00:00,0.0
5577150313,2016-05-01 05:00:00,0.0
5577150313,2016-05-01 06:00:00,133.0
5577150313,2016-05-01 07:00:00,21.0
5577150313,2016-05-01 08:00:00,1404.0
5577150313,2016-05-01 09:00:00,2010.0
5577150313,2016-05-01 10:00:00,2161.0
5577150313,2016-05-01 11:00:00,2110.0
5577150313,2016-05-01 12:00:00,230.0
5577150313,2016-05-01 13:00:00,369.0
5577150313,2016-05-01 14:00:00,643.0
5577150313,2016-05-01 15:00:00,281.0
5577150313,2016-05-01 16:00:00,1028.0
5577150313,2016-05-01 17:00:00,288.0
5577150313,2016-05-01 18:00:00,1098.0
5577150313,2016-05-01 19:00:00,1388.0
5577150313,2016-05-01 20:00:00,108.0
5577150313,2016-05-01 21:00:00,71.0
5577150313,2016-05-01 22:00:00,0.0
5577150313,2016-05-01 23:00:00,6.0
5577150313,2016-05-02 00:00:00,0.0
5577150313,2016-05-02 01:00:00,0.0
5577150313,2016-05-02 02:00:00,67.0
5577150313,2016-05-02 03:00:00,0.0
5577150313,2016-05-02 04:00:00,0.0
5577150313,2016-05-02 05:00:00,8.0
5577150313,2016-05-02 06:00:00,1856.0
5577150313,2016-05-02 07:00:00,556.0
5577150313,2016-05-02 08:00:00,210.0
5577150313,2016-05-02 09:00:00,74.0
5577150313,2016-05-02 10:00:00,448.0
5577150313,2016-05-02 11:00:00,391.0
5577150313,2016-05-02 12:00:00,259.0
5577150313,2016-05-02 13:00:00,610.0
5577150313,2016-05-02 14:00:00,564.0
5577150313,2016-05-02 15:00:00,495.0
5577150313,2016-05-02 16:00:00,297.0
5577150313,2016-05-02 17:00:00,146.0
5577150313,2016-05-02 18:00:00,345.0
5577150313,2016-05-02 19:00:00,255.0
5577150313,2016-05-02 20:00:00,695.0
5577150313,2016-05-02 21:00:00,63.0
5577150313,2016-05-02 22:00:00,43.0
5577150313,2016-05-02 23:00:00,32.0
5577150313,2016-05-03 00:00:00,582.0
5577150313,2016-05-03 01:00:00,1719.0
5577150313,2016-05-03 02:00:00,203.0
5577150313,2016-05-03 03:00:00,101.0
5577150313,2016-05-03 04:00:00,1036.0
5577150313,2016-05-03 05:00:00,717.0
5577150313,2016-05-03 06:00:00,419.0
5577150313,2016-05-03 07:00:00,520.0
5577150313,2016-05-03 08:00:00,271.0
5577150313,2016-05-03 09:00:00,1775.0
5577150313,2016-05-03 10:00:00,2557.0
5577150313,2016-05-03 11:00:00,129.0
5577150313,2016-05-03 12:00:00,10.0
5577150313,2016-05-03 13:00:00,10.0
5577150313,2016-05-03 14:00:00,0.0
5577150313,2016-05-03 15:00:00,12.0
5577150313,2016-05-03 16:00:00,0.0
5577150313,2016-05-03 17:00:00,0.0
5577150313,2016-05-03 18:00:00,0.0
5577150313,2016-05-03 19:00:00,9.0
5577150313,2016-05-03 20:00:00,21.0
5577150313,2016-05-03 21:00:00,394.0
5577150313,2016-05-03 22:00:00,540.0
5577150313,2016-05-03 23:00:00,20.0
5577150313,2016-05-04 00:00:00,342.0
5577150313,2016-05-04 01:00:00,36.0
5577150313,2016-05-04 02:00:00,316.0
5577150313,2016-05-04 03:00:00,40.0
5577150313,2016-05-04 04:00:00,390.0
5577150313,2016-05-04 05:00:00,287.0
5577150313,2016-05-04 06:00:00,77.0
5577150313,2016-05-04 07:00:00,354.0
5577150313,2016-05-04 08:00:00,450.0
5577150313,2016-05-04 09:00:00,1673.0
5577150313,2016-05-04 10:00:00,476.0
5577150313,2016-05-04 11:00:00,0.0
5577150313,2016-05-04 12:00:00,9.0
5577150313,2016-05-04 13:00:00,0.0
5577150313,2016-05-04 14:00:00,0.0
5577150313,2016-05-04 15:00:00,0.0
5577150313,2016-05-04 16:00:00,0.0
5577150313,2016-05-04 17:00:00,0.0
5577150313,2016-05-04 18:00:00,0.0
5577150313,2016-05-04 19:00:00,0.0
5577150313,2016-05-04 20:00:00,6.0
5577150313,2016-05-04 21:00:00,110.0
5577150313,2016-05-04 22:00:00,616.0
5577150313,2016-05-04 23:00:00,24.0
5577150313,2016-05-05 00:00:00,297.0
5577150313,2016-05-05 01:00:00,0.0
5577150313,2016-05-05 02:00:00,0.0
5577150313,2016-05-05 03:00:00,0.0
5577150313,2016-05-05 04:00:00,0.0
5577150313,2016-05-05 05:00:00,0.0
5577150313,2016-05-05 06:00:00,0.0
5577150313,2016-05-05 07:00:00,0.0
5577150313,2016-05-05 08:00:00,0.0
5577150313,2016-05-05 09:00:00,0.0
5577150313,2016-05-05 10:00:00,243.0
5577150313,2016-05-05 11:00:00,828.0
5577150313,2016-05-05 12:00:00,2089.0
5577150313,2016-05-05 13:00:00,7.0
5577150313,2016-05-05 14:00:00,523.0
5577150313,2016-05-05 15:00:00,12.0
5577150313,2016-05-05 16:00:00,57.0
5577150313,2016-05-05 17:00:00,668.0
5577150313,2016-05-05 18:00:00,145.0
5577150313,2016-05-05 19:00:00,1142.0
5577150313,2016-05-05 20:00:00,226.0
5577150313,2016-05-05 21:00:00,1313.0
5577150313,2016-05-05 22:00:00,0.0
5577150313,2016-05-05 23:00:00,0.0
5577150313,2016-05-06 00:00:00,0.0
5577150313,2016-05-06 01:00:00,0.0
5577150313,2016-05-06 02:00:00,0.0
5577150313,2016-05-06 03:00:00,0.0
5577150313,2016-05-06 04:00:00,0.0
5577150313,2016-05-06 05:00:00,0.0
5577150313,2016-05-06 06:00:00,5.0
5577150313,2016-05-06 07:00:00,923.0
5577150313,2016-05-06 08:00:00,798.0
5577150313,2016-05-06 09:00:00,4.0
5577150313,2016-05-06 10:00:00,770.0
5577150313,2016-05-06 11:00:00,1537.0
5577150313,2016-05-06 12:00:00,511.0
5577150313,2016-05-06 13:00:00,69.0
5577150313,2016-05-06 14:00:00,180.0
5577150313,2016-05-06 15:00:00,0.0
5577150313,2016-05-06 16:00:00,153.0
5577150313,2016-05-06 17:00:00,0.0
5577150313,2016-05-06 18:00:00,0.0
5577150313,2016-05-06 19:00:00,0.0
5577150313,2016-05-06 20:00:00,0.0
5577150313,2016-05-06 21:00:00,0.0
5577150313,2016-05-06 22:00:00,0.0
5577150313,2016-05-06 23:00:00,0.0
5577150313,2016-05-07 00:00:00,0.0
5577150313,2016-05-07 01:00:00,0.0
5577150313,2016-05-07 02:00:00,0.0
5577150313,2016-05-07 03:00:00,0.0
5577150313,2016-05-07 04:00:00,0.0
5577150313,2016-05-07 05:00:00,0.0
5577150313,2016-05-07 06:00:00,0.0
5577150313,2016-05-07 07:00:00,0.0
5577150313,2016-05-07 08:00:00,0.0
5577150313,2016-05-07 09:00:00,0.0
5577150313,2016-05-07 10:00:00,0.0
5577150313,2016-05-07 11:00:00,0.0
5577150313,2016-05-07 12:00:00,0.0
5577150313,2016-05-07 13:00:00,0.0
5577150313,2016-05-07 14:00:00,0.0
5577150313,2016-05-07 15:00:00,0.0
5577150313,2016-05-07 16:00:00,0.0
5577150313,2016-05-07 17:00:00,0.0
5577150313,2016-05-07 18:00:00,0.0
5577150313,2016-05-07 19:00:00,0.0
5577150313,2016-05-07 20:00:00,0.0
5577150313,2016-05-07 21:00:00,0.0
5577150313,2016-05-07 22:00:00,0.0
5577150313,2016-05-07 23:00:00,0.0
5577150313,2016-05-08 00:00:00,0.0
5577150313,2016-05-08 01:00:00,0.0
5577150313,2016-05-08 02:00:00,0.0
5577150313,2016-05-08 03:00:00,0.0
5577150313,2016-05-08 04:00:00,0.0
5577150313,2016-05-08 05:00:00,0.0
5577150313,2016-05-08 06:00:00,0.0
5577150313,2016-05-08 07:00:00,0.0
5577150313,2016-05-08 08:00:00,0.0
5577150313,2016-05-08 09:00:00,0.0
5577150313,2016-05-08 10:00:00,0.0
5577150313,2016-05-08 11:00:00,0.0
5577150313,2016-05-08 12:00:00,0.0
5577150313,2016-05-08 13:00:00,0.0
5577150313,2016-05-08 14:00:00,0.0
5577150313,2016-05-08 15:00:00,0.0
5577150313,2016-05-08 16:00:00,0.0
5577150313,2016-05-08 17:00:00,0.0
5577150313,2016-05-08 18:00:00,0.0
5577150313,2016-05-08 19:00:00,0.0
5577150313,2016-05-08 20:00:00,0.0
5577150313,2016-05-08 21:00:00,0.0
5577150313,2016-05-08 22:00:00,0.0
5577150313,2016-05-08 23:00:00,0.0
5577150313,2016-05-09 00:00:00,0.0
5577150313,2016-05-09 01:00:00,0.0
5577150313,2016-05-09 02:00:00,0.0
5577150313,2016-05-09 03:00:00,0.0
5577150313,2016-05-09 04:00:00,0.0
5577150313,2016-05-09 05:00:00,0.0
5577150313,2016-05-09 06:00:00,0.0
5577150313,2016-05-09 07:00:00,0.0
5577150313,2016-05-09 08:00:00,0.0
5577150313,2016-05-09 09:00:00,0.0
5577150313,2016-05-09 10:00:00,0.0
5577150313,2016-05-09 11:00:00,57.0
5577150313,2016-05-09 12:00:00,1305.0
5577150313,2016-05-09 13:00:00,166.0
5577150313,2016-05-09 14:00:00,217.0
5577150313,2016-05-09 15:00:00,250.0
5577150313,2016-05-09 16:00:00,82.0
5577150313,2016-05-09 17:00:00,252.0
5577150313,2016-05-09 18:00:00,175.0
5577150313,2016-05-09 19:00:00,652.0
5577150313,2016-05-09 20:00:00,144.0
5577150313,2016-05-09 21:00:00,68.0
5577150313,2016-05-09 22:00:00,0.0
5577150313,2016-05-09 23:00:00,53.0
5577150313,2016-05-10 00:00:00,8.0
5577150313,2016-05-10 01:00:00,0.0
5577150313,2016-05-10 02:00:00,4.0
5577150313,2016-05-10 03:00:00,0.0
5577150313,2016-05-10 04:00:00,0.0
5577150313,2016-05-10 05:00:00,182.0
5577150313,2016-05-10 06:00:00,1559.0
5577150313,2016-05-10 07:00:00,163.0
5577150313,2016-05-10 08:00:00,183.0
5577150313,2016-05-10 09:00:00,578.0
5577150313,2016-05-10 10:00:00,119.0
5577150313,2016-05-10 11:00:00,1572.0
5577150313,2016-05-10 12:00:00,61.0
5577150313,2016-05-10 13:00:00,319.0
5577150313,2016-05-10 14:00:00,1911.0
5577150313,2016-05-10 15:00:00,241.0
5577150313,2016-05-10 16:00:00,268.0
5577150313,2016-05-10 17:00:00,460.0
5577150313,2016-05-10 18:00:00,148.0
5577150313,2016-05-10 19:00:00,848.0
5577150313,2016-05-10 20:00:00,102.0
5577150313,2016-05-10 21:00:00,82.0
5577150313,2016-05-10 22:00:00,4.0
5577150313,2016-05-10 23:00:00,57.0
5577150313,2016-05-11 00:00:00,0.0
5577150313,2016-05-11 01:00:00,0.0
5577150313,2016-05-11 02:00:00,14.0
5577150313,2016-05-11 03:00:00,0.0
5577150313,2016-05-11 04:00:00,14.0
5577150313,2016-05-11 05:00:00,42.0
5577150313,2016-05-11 06:00:00,1589.0
5577150313,2016-05-11 07:00:00,187.0
5577150313,2016-05-11 08:00:00,248.0
5577150313,2016-05-11 09:00:00,255.0
5577150313,2016-05-11 10:00:00,304.0
5577150313,2016-05-11 11:00:00,1276.0
6117666160,2016-04-12 00:00:00,0.0
6117666160,2016-04-12 01:00:00,0.0
6117666160,2016-04-12 02:00:00,0.0
6117666160,2016-04-12 03:00:00,0.0
6117666160,2016-04-12 04:00:00,0.0
6117666160,2016-04-12 05:00:00,0.0
6117666160,2016-04-12 06:00:00,0.0
6117666160,2016-04-12 07:00:00,0.0
6117666160,2016-04-12 08:00:00,0.0
6117666160,2016-04-12 09:00:00,0.0
6117666160,2016-04-12 10:00:00,0.0
6117666160,2016-04-12 11:00:00,0.0
6117666160,2016-04-12 12:00:00,0.0
6117666160,2016-04-12 13:00:00,0.0
6117666160,2016-04-12 14:00:00,0.0
6117666160,2016-04-12 15:00:00,0.0
6117666160,2016-04-12 16:00:00,0.0
6117666160,2016-04-12 17:00:00,0.0
6117666160,2016-04-12 18:00:00,0.0
6117666160,2016-04-12 19:00:00,0.0
6117666160,2016-04-12 20:00:00,0.0
6117666160,2016-04-12 21:00:00,0.0
6117666160,2016-04-12 22:00:00,0.0
6117666160,2016-04-12 23:00:00,0.0
6117666160,2016-04-13 00:00:00,0.0
6117666160,2016-04-13 01:00:00,0.0
6117666160,2016-04-13 02:00:00,0.0
6117666160,2016-04-13 03:00:00,0.0
6117666160,2016-04-13 04:00:00,0.0
6117666160,2016-04-13 05:00:00,0.0
6117666160,2016-04-13 06:00:00,0.0
6117666160,2016-04-13 07:00:00,0.0
6117666160,2016-04-13 08:00:00,0.0
6117666160,2016-04-13 09:00:00,0.0
6117666160,2016-04-13 10:00:00,0.0
6117666160,2016-04-13 11:00:00,0.0
6117666160,2016-04-13 12:00:00,0.0
6117666160,2016-04-13 13:00:00,0.0
6117666160,2016-04-13 14:00:00,0.0
6117666160,2016-04-13 15:00:00,0.0
6117666160,2016-04-13 16:00:00,0.0
6117666160,2016-04-13 17:00:00,0.0
6117666160,2016-04-13 18:00:00,0.0
6117666160,2016-04-13 19:00:00,0.0
6117666160,2016-04-13 20:00:00,0.0
6117666160,2016-04-13 21:00:00,0.0
6117666160,2016-04-13 22:00:00,0.0
6117666160,2016-04-13 23:00:00,0.0
6117666160,2016-04-14 00:00:00,0.0
6117666160,2016-04-14 01:00:00,0.0
6117666160,2016-04-14 02:00:00,0.0
6117666160,2016-04-14 03:00:00,0.0
6117666160,2016-04-14 04:00:00,0.0
6117666160,2016-04-14 05:00:00,0.0
6117666160,2016-04-14 06:00:00,0.0
6117666160,2016-04-14 07:00:00,0.0
6117666160,2016-04-14 08:00:00,0.0
6117666160,2016-04-14 09:00:00,0.0
6117666160,2016-04-14 10:00:00,0.0
6117666160,2016-04-14 11:00:00,0.0
6117666160,2016-04-14 12:00:00,0.0
6117666160,2016-04-14 13:00:00,0.0
6117666160,2016-04-14 14:00:00,0.0
6117666160,2016-04-14 15:00:00,0.0
6117666160,2016-04-14 16:00:00,0.0
6117666160,2016-04-14 17:00:00,0.0
6117666160,2016-04-14 18:00:00,0.0
6117666160,2016-04-14 19:00:00,0.0
6117666160,2016-04-14 20:00:00,0.0
6117666160,2016-04-14 21:00:00,0.0
6117666160,2016-04-14 22:00:00,0.0
6117666160,2016-04-14 23:00:00,0.0
6117666160,2016-04-15 00:00:00,0.0
6117666160,2016-04-15 01:00:00,0.0
6117666160,2016-04-15 02:00:00,0.0
6117666160,2016-04-15 03:00:00,0.0
6117666160,2016-04-15 04:00:00,0.0
6117666160,2016-04-15 05:00:00,0.0
6117666160,2016-04-15 06:00:00,0.0
6117666160,2016-04-15 07:00:00,0.0
6117666160,2016-04-15 08:00:00,0.0
6117666160,2016-04-15 09:00:00,0.0
6117666160,2016-04-15 10:00:00,0.0
6117666160,2016-04-15 11:00:00,1201.0
6117666160,2016-04-15 12:00:00,2175.0
6117666160,2016-04-15 13:00:00,1020.0
6117666160,2016-04-15 14:00:00,1000.0
6117666160,2016-04-15 15:00:00,831.0
6117666160,2016-04-15 16:00:00,1427.0
6117666160,2016-04-15 17:00:00,1313.0
6117666160,2016-04-15 18:00:00,1195.0
6117666160,2016-04-15 19:00:00,1277.0
6117666160,2016-04-15 20:00:00,1523.0
6117666160,2016-04-15 21:00:00,550.0
6117666160,2016-04-15 22:00:00,190.0
6117666160,2016-04-15 23:00:00,317.0
6117666160,2016-04-16 00:00:00,131.0
6117666160,2016-04-16 01:00:00,0.0
6117666160,2016-04-16 02:00:00,9.0
6117666160,2016-04-16 03:00:00,15.0
6117666160,2016-04-16 04:00:00,0.0
6117666160,2016-04-16 05:00:00,0.0
6117666160,2016-04-16 06:00:00,0.0
6117666160,2016-04-16 07:00:00,268.0
6117666160,2016-04-16 08:00:00,1274.0
6117666160,2016-04-16 09:00:00,982.0
6117666160,2016-04-16 10:00:00,1549.0
6117666160,2016-04-16 11:00:00,1019.0
6117666160,2016-04-16 12:00:00,1297.0
6117666160,2016-04-16 13:00:00,1196.0
6117666160,2016-04-16 14:00:00,740.0
6117666160,2016-04-16 15:00:00,1030.0
6117666160,2016-04-16 16:00:00,548.0
6117666160,2016-04-16 17:00:00,570.0
6117666160,2016-04-16 18:00:00,491.0
6117666160,2016-04-16 19:00:00,370.0
6117666160,2016-04-16 20:00:00,1513.0
6117666160,2016-04-16 21:00:00,62.0
6117666160,2016-04-16 22:00:00,893.0
6117666160,2016-04-16 23:00:00,493.0
6117666160,2016-04-17 00:00:00,169.0
6117666160,2016-04-17 01:00:00,671.0
6117666160,2016-04-17 02:00:00,19.0
6117666160,2016-04-17 03:00:00,182.0
6117666160,2016-04-17 04:00:00,0.0
6117666160,2016-04-17 05:00:00,7.0
6117666160,2016-04-17 06:00:00,0.0
6117666160,2016-04-17 07:00:00,0.0
6117666160,2016-04-17 08:00:00,167.0
6117666160,2016-04-17 09:00:00,178.0
6117666160,2016-04-17 10:00:00,80.0
6117666160,2016-04-17 11:00:00,271.0
6117666160,2016-04-17 12:00:00,172.0
6117666160,2016-04-17 13:00:00,1772.0
6117666160,2016-04-17 14:00:00,434.0
6117666160,2016-04-17 15:00:00,366.0
6117666160,2016-04-17 16:00:00,0.0
6117666160,2016-04-17 17:00:00,911.0
6117666160,2016-04-17 18:00:00,499.0
6117666160,2016-04-17 19:00:00,30.0
6117666160,2016-04-17 20:00:00,5.0
6117666160,2016-04-17 21:00:00,723.0
6117666160,2016-04-17 22:00:00,494.0
6117666160,2016-04-17 23:00:00,0.0
6117666160,2016-04-18 00:00:00,317.0
6117666160,2016-04-18 01:00:00,7.0
6117666160,2016-04-18 02:00:00,4.0
6117666160,2016-04-18 03:00:00,0.0
6117666160,2016-04-18 04:00:00,0.0
6117666160,2016-04-18 05:00:00,0.0
6117666160,2016-04-18 06:00:00,0.0
6117666160,2016-04-18 07:00:00,391.0
6117666160,2016-04-18 08:00:00,561.0
6117666160,2016-04-18 09:00:00,235.0
6117666160,2016-04-18 10:00:00,0.0
6117666160,2016-04-18 11:00:00,0.0
6117666160,2016-04-18 12:00:00,0.0
6117666160,2016-04-18 13:00:00,631.0
6117666160,2016-04-18 14:00:00,36.0
6117666160,2016-04-18 15:00:00,237.0
6117666160,2016-04-18 16:00:00,299.0
6117666160,2016-04-18 17:00:00,643.0
6117666160,2016-04-18 18:00:00,333.0
6117666160,2016-04-18 19:00:00,927.0
6117666160,2016-04-18 20:00:00,133.0
6117666160,2016-04-18 21:00:00,0.0
6117666160,2016-04-18 22:00:00,212.0
6117666160,2016-04-18 23:00:00,187.0
6117666160,2016-04-19 00:00:00,0.0
6117666160,2016-04-19 01:00:00,4.0
6117666160,2016-04-19 02:00:00,0.0
6117666160,2016-04-19 03:00:00,7.0
6117666160,2016-04-19 04:00:00,0.0
6117666160,2016-04-19 05:00:00,0.0
6117666160,2016-04-19 06:00:00,0.0
6117666160,2016-04-19 07:00:00,0.0
6117666160,2016-04-19 08:00:00,521.0
6117666160,2016-04-19 09:00:00,361.0
6117666160,2016-04-19 10:00:00,933.0
6117666160,2016-04-19 11:00:00,908.0
6117666160,2016-04-19 12:00:00,316.0
6117666160,2016-04-19 13:00:00,615.0
6117666160,2016-04-19 14:00:00,902.0
6117666160,2016-04-19 15:00:00,800.0
6117666160,2016-04-19 16:00:00,1148.0
6117666160,2016-04-19 17:00:00,1202.0
6117666160,2016-04-19 18:00:00,841.0
6117666160,2016-04-19 19:00:00,1063.0
6117666160,2016-04-19 20:00:00,739.0
6117666160,2016-04-19 21:00:00,264.0
6117666160,2016-04-19 22:00:00,174.0
6117666160,2016-04-19 23:00:00,337.0
6117666160,2016-04-20 00:00:00,0.0
6117666160,2016-04-20 01:00:00,0.0
6117666160,2016-04-20 02:00:00,8.0
6117666160,2016-04-20 03:00:00,0.0
6117666160,2016-04-20 04:00:00,8.0
6117666160,2016-04-20 05:00:00,0.0
6117666160,2016-04-20 06:00:00,0.0
6117666160,2016-04-20 07:00:00,327.0
6117666160,2016-04-20 08:00:00,458.0
6117666160,2016-04-20 09:00:00,686.0
6117666160,2016-04-20 10:00:00,624.0
6117666160,2016-04-20 11:00:00,567.0
6117666160,2016-04-20 12:00:00,741.0
6117666160,2016-04-20 13:00:00,627.0
6117666160,2016-04-20 14:00:00,984.0
6117666160,2016-04-20 15:00:00,1850.0
6117666160,2016-04-20 16:00:00,2448.0
6117666160,2016-04-20 17:00:00,366.0
6117666160,2016-04-20 18:00:00,6.0
6117666160,2016-04-20 19:00:00,295.0
6117666160,2016-04-20 20:00:00,274.0
6117666160,2016-04-20 21:00:00,24.0
6117666160,2016-04-20 22:00:00,0.0
6117666160,2016-04-20 23:00:00,156.0
6117666160,2016-04-21 00:00:00,0.0
6117666160,2016-04-21 01:00:00,10.0
6117666160,2016-04-21 02:00:00,0.0
6117666160,2016-04-21 03:00:00,0.0
6117666160,2016-04-21 04:00:00,0.0
6117666160,2016-04-21 05:00:00,0.0
6117666160,2016-04-21 06:00:00,0.0
6117666160,2016-04-21 07:00:00,23.0
6117666160,2016-04-21 08:00:00,15.0
6117666160,2016-04-21 09:00:00,550.0
6117666160,2016-04-21 10:00:00,1798.0
6117666160,2016-04-21 11:00:00,0.0
6117666160,2016-04-21 12:00:00,1122.0
6117666160,2016-04-21 13:00:00,1240.0
6117666160,2016-04-21 14:00:00,999.0
6117666160,2016-04-21 15:00:00,807.0
6117666160,2016-04-21 16:00:00,149.0
6117666160,2016-04-21 17:00:00,100.0
6117666160,2016-04-21 18:00:00,824.0
6117666160,2016-04-21 19:00:00,744.0
6117666160,2016-04-21 20:00:00,49.0
6117666160,2016-04-21 21:00:00,411.0
6117666160,2016-04-21 22:00:00,152.0
6117666160,2016-04-21 23:00:00,100.0
6117666160,2016-04-22 00:00:00,80.0
6117666160,2016-04-22 01:00:00,0.0
6117666160,2016-04-22 02:00:00,0.0
6117666160,2016-04-22 03:00:00,4.0
6117666160,2016-04-22 04:00:00,0.0
6117666160,2016-04-22 05:00:00,0.0
6117666160,2016-04-22 06:00:00,26.0
6117666160,2016-04-22 07:00:00,126.0
6117666160,2016-04-22 08:00:00,0.0
6117666160,2016-04-22 09:00:00,284.0
6117666160,2016-04-22 10:00:00,275.0
6117666160,2016-04-22 11:00:00,336.0
6117666160,2016-04-22 12:00:00,551.0
6117666160,2016-04-22 13:00:00,526.0
6117666160,2016-04-22 14:00:00,542.0
6117666160,2016-04-22 15:00:00,646.0
6117666160,2016-04-22 16:00:00,707.0
6117666160,2016-04-22 17:00:00,890.0
6117666160,2016-04-22 18:00:00,617.0
6117666160,2016-04-22 19:00:00,678.0
6117666160,2016-04-22 20:00:00,976.0
6117666160,2016-04-22 21:00:00,557.0
6117666160,2016-04-22 22:00:00,323.0
6117666160,2016-04-22 23:00:00,62.0
6117666160,2016-04-23 00:00:00,7.0
6117666160,2016-04-23 01:00:00,0.0
6117666160,2016-04-23 02:00:00,166.0
6117666160,2016-04-23 03:00:00,8.0
6117666160,2016-04-23 04:00:00,0.0
6117666160,2016-04-23 05:00:00,0.0
6117666160,2016-04-23 06:00:00,0.0
6117666160,2016-04-23 07:00:00,143.0
6117666160,2016-04-23 08:00:00,542.0
6117666160,2016-04-23 09:00:00,1023.0
6117666160,2016-04-23 10:00:00,839.0
6117666160,2016-04-23 11:00:00,1042.0
6117666160,2016-04-23 12:00:00,877.0
6117666160,2016-04-23 13:00:00,957.0
6117666160,2016-04-23 14:00:00,820.0
6117666160,2016-04-23 15:00:00,1048.0
6117666160,2016-04-23 16:00:00,977.0
6117666160,2016-04-23 17:00:00,1211.0
6117666160,2016-04-23 18:00:00,662.0
6117666160,2016-04-23 19:00:00,77.0
6117666160,2016-04-23 20:00:00,478.0
6117666160,2016-04-23 21:00:00,26.0
6117666160,2016-04-23 22:00:00,39.0
6117666160,2016-04-23 23:00:00,553.0
6117666160,2016-04-24 00:00:00,162.0
6117666160,2016-04-24 01:00:00,234.0
6117666160,2016-04-24 02:00:00,8.0
6117666160,2016-04-24 03:00:00,0.0
6117666160,2016-04-24 04:00:00,10.0
6117666160,2016-04-24 05:00:00,0.0
6117666160,2016-04-24 06:00:00,0.0
6117666160,2016-04-24 07:00:00,0.0
6117666160,2016-04-24 08:00:00,262.0
6117666160,2016-04-24 09:00:00,775.0
6117666160,2016-04-24 10:00:00,1147.0
6117666160,2016-04-24 11:00:00,518.0
6117666160,2016-04-24 12:00:00,1069.0
6117666160,2016-04-24 13:00:00,1249.0
6117666160,2016-04-24 14:00:00,700.0
6117666160,2016-04-24 15:00:00,737.0
6117666160,2016-04-24 16:00:00,301.0
6117666160,2016-04-24 17:00:00,383.0
6117666160,2016-04-24 18:00:00,68.0
6117666160,2016-04-24 19:00:00,0.0
6117666160,2016-04-24 20:00:00,0.0
6117666160,2016-04-24 21:00:00,0.0
6117666160,2016-04-24 22:00:00,0.0
6117666160,2016-04-24 23:00:00,0.0
6117666160,2016-04-25 00:00:00,0.0
6117666160,2016-04-25 01:00:00,0.0
6117666160,2016-04-25 02:00:00,0.0
6117666160,2016-04-25 03:00:00,0.0
6117666160,2016-04-25 04:00:00,0.0
6117666160,2016-04-25 05:00:00,0.0
6117666160,2016-04-25 06:00:00,0.0
6117666160,2016-04-25 07:00:00,0.0
6117666160,2016-04-25 08:00:00,0.0
6117666160,2016-04-25 09:00:00,0.0
6117666160,2016-04-25 10:00:00,0.0
6117666160,2016-04-25 11:00:00,0.0
6117666160,2016-04-25 12:00:00,0.0
6117666160,2016-04-25 13:00:00,0.0
6117666160,2016-04-25 14:00:00,0.0
6117666160,2016-04-25 15:00:00,0.0
6117666160,2016-04-25 16:00:00,0.0
6117666160,2016-04-25 17:00:00,0.0
6117666160,2016-04-25 18:00:00,0.0
6117666160,2016-04-25 19:00:00,0.0
6117666160,2016-04-25 20:00:00,0.0
6117666160,2016-04-25 21:00:00,0.0
6117666160,2016-04-25 22:00:00,0.0
6117666160,2016-04-25 23:00:00,0.0
6117666160,2016-04-26 00:00:00,0.0
6117666160,2016-04-26 01:00:00,0.0
6117666160,2016-04-26 02:00:00,0.0
6117666160,2016-04-26 03:00:00,0.0
6117666160,2016-04-26 04:00:00,0.0
6117666160,2016-04-26 05:00:00,0.0
6117666160,2016-04-26 06:00:00,0.0
6117666160,2016-04-26 07:00:00,51.0
6117666160,2016-04-26 08:00:00,428.0
6117666160,2016-04-26 09:00:00,241.0
6117666160,2016-04-26 10:00:00,9.0
6117666160,2016-04-26 11:00:00,559.0
6117666160,2016-04-26 12:00:00,972.0
6117666160,2016-04-26 13:00:00,572.0
6117666160,2016-04-26 14:00:00,174.0
6117666160,2016-04-26 15:00:00,867.0
6117666160,2016-04-26 16:00:00,715.0
6117666160,2016-04-26 17:00:00,1049.0
6117666160,2016-04-26 18:00:00,1070.0
6117666160,2016-04-26 19:00:00,1098.0
6117666160,2016-04-26 20:00:00,1078.0
6117666160,2016-04-26 21:00:00,195.0
6117666160,2016-04-26 22:00:00,195.0
6117666160,2016-04-26 23:00:00,270.0
6117666160,2016-04-27 00:00:00,8.0
6117666160,2016-04-27 01:00:00,0.0
6117666160,2016-04-27 02:00:00,0.0
6117666160,2016-04-27 03:00:00,0.0
6117666160,2016-04-27 04:00:00,5.0
6117666160,2016-04-27 05:00:00,0.0
6117666160,2016-04-27 06:00:00,0.0
6117666160,2016-04-27 07:00:00,0.0
6117666160,2016-04-27 08:00:00,0.0
6117666160,2016-04-27 09:00:00,219.0
6117666160,2016-04-27 10:00:00,0.0
6117666160,2016-04-27 11:00:00,779.0
6117666160,2016-04-27 12:00:00,715.0
6117666160,2016-04-27 13:00:00,1072.0
6117666160,2016-04-27 14:00:00,720.0
6117666160,2016-04-27 15:00:00,1076.0
6117666160,2016-04-27 16:00:00,934.0
6117666160,2016-04-27 17:00:00,978.0
6117666160,2016-04-27 18:00:00,670.0
6117666160,2016-04-27 19:00:00,635.0
6117666160,2016-04-27 20:00:00,663.0
6117666160,2016-04-27 21:00:00,373.0
6117666160,2016-04-27 22:00:00,306.0
6117666160,2016-04-27 23:00:00,258.0
6117666160,2016-04-28 00:00:00,0.0
6117666160,2016-04-28 01:00:00,0.0
6117666160,2016-04-28 02:00:00,0.0
6117666160,2016-04-28 03:00:00,19.0
6117666160,2016-04-28 04:00:00,0.0
6117666160,2016-04-28 05:00:00,0.0
6117666160,2016-04-28 06:00:00,6.0
6117666160,2016-04-28 07:00:00,16.0
6117666160,2016-04-28 08:00:00,315.0
6117666160,2016-04-28 09:00:00,130.0
6117666160,2016-04-28 10:00:00,818.0
6117666160,2016-04-28 11:00:00,0.0
6117666160,2016-04-28 12:00:00,0.0
6117666160,2016-04-28 13:00:00,212.0
6117666160,2016-04-28 14:00:00,0.0
6117666160,2016-04-28 15:00:00,0.0
6117666160,2016-04-28 16:00:00,719.0
6117666160,2016-04-28 17:00:00,811.0
6117666160,2016-04-28 18:00:00,56.0
6117666160,2016-04-28 19:00:00,206.0
6117666160,2016-04-28 20:00:00,6.0
6117666160,2016-04-28 21:00:00,89.0
6117666160,2016-04-28 22:00:00,0.0
6117666160,2016-04-28 23:00:00,0.0
6117666160,2016-04-29 00:00:00,0.0
6117666160,2016-04-29 01:00:00,0.0
6117666160,2016-04-29 02:00:00,0.0
6117666160,2016-04-29 03:00:00,0.0
6117666160,2016-04-29 04:00:00,0.0
6117666160,2016-04-29 05:00:00,0.0
6117666160,2016-04-29 06:00:00,0.0
6117666160,2016-04-29 07:00:00,0.0
6117666160,2016-04-29 08:00:00,190.0
6117666160,2016-04-29 09:00:00,71.0
6117666160,2016-04-29 10:00:00,386.0
6117666160,2016-04-29 11:00:00,369.0
6117666160,2016-04-29 12:00:00,1147.0
6117666160,2016-04-29 13:00:00,1062.0
6117666160,2016-04-29 14:00:00,1134.0
6117666160,2016-04-29 15:00:00,774.0
6117666160,2016-04-29 16:00:00,1065.0
6117666160,2016-04-29 17:00:00,653.0
6117666160,2016-04-29 18:00:00,660.0
6117666160,2016-04-29 19:00:00,1029.0
6117666160,2016-04-29 20:00:00,592.0
6117666160,2016-04-29 21:00:00,116.0
6117666160,2016-04-29 22:00:00,235.0
6117666160,2016-04-29 23:00:00,109.0
6117666160,2016-04-30 00:00:00,13.0
6117666160,2016-04-30 01:00:00,0.0
6117666160,2016-04-30 02:00:00,0.0
6117666160,2016-04-30 03:00:00,0.0
6117666160,2016-04-30 04:00:00,0.0
6117666160,2016-04-30 05:00:00,0.0
6117666160,2016-04-30 06:00:00,0.0
6117666160,2016-04-30 07:00:00,0.0
6117666160,2016-04-30 08:00:00,0.0
6117666160,2016-04-30 09:00:00,0.0
6117666160,2016-04-30 10:00:00,432.0
6117666160,2016-04-30 11:00:00,418.0
6117666160,2016-04-30 12:00:00,542.0
6117666160,2016-04-30 13:00:00,712.0
6117666160,2016-04-30 14:00:00,468.0
6117666160,2016-04-30 15:00:00,1104.0
6117666160,2016-04-30 16:00:00,550.0
6117666160,2016-04-30 17:00:00,547.0
6117666160,2016-04-30 18:00:00,501.0
6117666160,2016-04-30 19:00:00,521.0
6117666160,2016-04-30 20:00:00,613.0
6117666160,2016-04-30 21:00:00,295.0
6117666160,2016-04-30 22:00:00,271.0
6117666160,2016-04-30 23:00:00,0.0
6117666160,2016-05-01 00:00:00,0.0
6117666160,2016-05-01 01:00:00,7.0
6117666160,2016-05-01 02:00:00,378.0
6117666160,2016-05-01 03:00:00,5.0
6117666160,2016-05-01 04:00:00,0.0
6117666160,2016-05-01 05:00:00,0.0
6117666160,2016-05-01 06:00:00,0.0
6117666160,2016-05-01 07:00:00,0.0
6117666160,2016-05-01 08:00:00,0.0
6117666160,2016-05-01 09:00:00,633.0
6117666160,2016-05-01 10:00:00,864.0
6117666160,2016-05-01 11:00:00,1252.0
6117666160,2016-05-01 12:00:00,683.0
6117666160,2016-05-01 13:00:00,947.0
6117666160,2016-05-01 14:00:00,851.0
6117666160,2016-05-01 15:00:00,426.0
6117666160,2016-05-01 16:00:00,419.0
6117666160,2016-05-01 17:00:00,707.0
6117666160,2016-05-01 18:00:00,1203.0
6117666160,2016-05-01 19:00:00,450.0
6117666160,2016-05-01 20:00:00,90.0
6117666160,2016-05-01 21:00:00,0.0
6117666160,2016-05-01 22:00:00,0.0
6117666160,2016-05-01 23:00:00,0.0
6117666160,2016-05-02 00:00:00,0.0
6117666160,2016-05-02 01:00:00,0.0
6117666160,2016-05-02 02:00:00,0.0
6117666160,2016-05-02 03:00:00,332.0
6117666160,2016-05-02 04:00:00,801.0
6117666160,2016-05-02 05:00:00,870.0
6117666160,2016-05-02 06:00:00,778.0
6117666160,2016-05-02 07:00:00,854.0
6117666160,2016-05-02 08:00:00,903.0
6117666160,2016-05-02 09:00:00,389.0
6117666160,2016-05-02 10:00:00,0.0
6117666160,2016-05-02 11:00:00,0.0
6117666160,2016-05-02 12:00:00,0.0
6117666160,2016-05-02 13:00:00,0.0
6117666160,2016-05-02 14:00:00,0.0
6117666160,2016-05-02 15:00:00,0.0
6117666160,2016-05-02 16:00:00,0.0
6117666160,2016-05-02 17:00:00,0.0
6117666160,2016-05-02 18:00:00,0.0
6117666160,2016-05-02 19:00:00,0.0
6117666160,2016-05-02 20:00:00,0.0
6117666160,2016-05-02 21:00:00,0.0
6117666160,2016-05-02 22:00:00,0.0
6117666160,2016-05-02 23:00:00,0.0
6117666160,2016-05-03 00:00:00,0.0
6117666160,2016-05-03 01:00:00,0.0
6117666160,2016-05-03 02:00:00,0.0
6117666160,2016-05-03 03:00:00,0.0
6117666160,2016-05-03 04:00:00,0.0
6117666160,2016-05-03 05:00:00,0.0
6117666160,2016-05-03 06:00:00,0.0
6117666160,2016-05-03 07:00:00,0.0
6117666160,2016-05-03 08:00:00,0.0
6117666160,2016-05-03 09:00:00,0.0
6117666160,2016-05-03 10:00:00,0.0
6117666160,2016-05-03 11:00:00,0.0
6117666160,2016-05-03 12:00:00,0.0
6117666160,2016-05-03 13:00:00,0.0
6117666160,2016-05-03 14:00:00,0.0
6117666160,2016-05-03 15:00:00,0.0
6117666160,2016-05-03 16:00:00,0.0
6117666160,2016-05-03 17:00:00,0.0
6117666160,2016-05-03 18:00:00,0.0
6117666160,2016-05-03 19:00:00,0.0
6117666160,2016-05-03 20:00:00,0.0
6117666160,2016-05-03 21:00:00,0.0
6117666160,2016-05-03 22:00:00,0.0
6117666160,2016-05-03 23:00:00,0.0
6117666160,2016-05-04 00:00:00,0.0
6117666160,2016-05-04 01:00:00,0.0
6117666160,2016-05-04 02:00:00,0.0
6117666160,2016-05-04 03:00:00,0.0
6117666160,2016-05-04 04:00:00,0.0
6117666160,2016-05-04 05:00:00,0.0
6117666160,2016-05-04 06:00:00,0.0
6117666160,2016-05-04 07:00:00,0.0
6117666160,2016-05-04 08:00:00,0.0
6117666160,2016-05-04 09:00:00,0.0
6117666160,2016-05-04 10:00:00,0.0
6117666160,2016-05-04 11:00:00,0.0
6117666160,2016-05-04 12:00:00,0.0
6117666160,2016-05-04 13:00:00,0.0
6117666160,2016-05-04 14:00:00,0.0
6117666160,2016-05-04 15:00:00,0.0
6117666160,2016-05-04 16:00:00,0.0
6117666160,2016-05-04 17:00:00,0.0
6117666160,2016-05-04 18:00:00,620.0
6117666160,2016-05-04 19:00:00,907.0
6117666160,2016-05-04 20:00:00,720.0
6117666160,2016-05-04 21:00:00,384.0
6117666160,2016-05-04 22:00:00,13.0
6117666160,2016-05-04 23:00:00,353.0
6117666160,2016-05-05 00:00:00,0.0
6117666160,2016-05-05 01:00:00,0.0
6117666160,2016-05-05 02:00:00,0.0
6117666160,2016-05-05 03:00:00,6.0
6117666160,2016-05-05 04:00:00,0.0
6117666160,2016-05-05 05:00:00,0.0
6117666160,2016-05-05 06:00:00,6.0
6117666160,2016-05-05 07:00:00,516.0
6117666160,2016-05-05 08:00:00,395.0
6117666160,2016-05-05 09:00:00,836.0
6117666160,2016-05-05 10:00:00,880.0
6117666160,2016-05-05 11:00:00,688.0
6117666160,2016-05-05 12:00:00,750.0
6117666160,2016-05-05 13:00:00,733.0
6117666160,2016-05-05 14:00:00,795.0
6117666160,2016-05-05 15:00:00,796.0
6117666160,2016-05-05 16:00:00,772.0
6117666160,2016-05-05 17:00:00,441.0
6117666160,2016-05-05 18:00:00,634.0
6117666160,2016-05-05 19:00:00,451.0
6117666160,2016-05-05 20:00:00,443.0
6117666160,2016-05-05 21:00:00,27.0
6117666160,2016-05-05 22:00:00,630.0
6117666160,2016-05-05 23:00:00,0.0
6117666160,2016-05-06 00:00:00,0.0
6117666160,2016-05-06 01:00:00,0.0
6117666160,2016-05-06 02:00:00,0.0
6117666160,2016-05-06 03:00:00,0.0
6117666160,2016-05-06 04:00:00,0.0
6117666160,2016-05-06 05:00:00,0.0
6117666160,2016-05-06 06:00:00,11.0
6117666160,2016-05-06 07:00:00,0.0
6117666160,2016-05-06 08:00:00,0.0
6117666160,2016-05-06 09:00:00,353.0
6117666160,2016-05-06 10:00:00,200.0
6117666160,2016-05-06 11:00:00,0.0
6117666160,2016-05-06 12:00:00,103.0
6117666160,2016-05-06 13:00:00,0.0
6117666160,2016-05-06 14:00:00,0.0
6117666160,2016-05-06 15:00:00,765.0
6117666160,2016-05-06 16:00:00,1149.0
6117666160,2016-05-06 17:00:00,0.0
6117666160,2016-05-06 18:00:00,421.0
6117666160,2016-05-06 19:00:00,146.0
6117666160,2016-05-06 20:00:00,32.0
6117666160,2016-05-06 21:00:00,127.0
6117666160,2016-05-06 22:00:00,58.0
6117666160,2016-05-06 23:00:00,0.0
6117666160,2016-05-07 00:00:00,447.0
6117666160,2016-05-07 01:00:00,0.0
6117666160,2016-05-07 02:00:00,0.0
6117666160,2016-05-07 03:00:00,0.0
6117666160,2016-05-07 04:00:00,0.0
6117666160,2016-05-07 05:00:00,0.0
6117666160,2016-05-07 06:00:00,0.0
6117666160,2016-05-07 07:00:00,126.0
6117666160,2016-05-07 08:00:00,462.0
6117666160,2016-05-07 09:00:00,557.0
6117666160,2016-05-07 10:00:00,642.0
6117666160,2016-05-07 11:00:00,754.0
6117666160,2016-05-07 12:00:00,399.0
6117666160,2016-05-07 13:00:00,694.0
6117666160,2016-05-07 14:00:00,878.0
6117666160,2016-05-07 15:00:00,558.0
6117666160,2016-05-07 16:00:00,548.0
6117666160,2016-05-07 17:00:00,522.0
6117666160,2016-05-07 18:00:00,296.0
6117666160,2016-05-07 19:00:00,187.0
6117666160,2016-05-07 20:00:00,15.0
6117666160,2016-05-07 21:00:00,247.0
6117666160,2016-05-07 22:00:00,4.0
6117666160,2016-05-07 23:00:00,0.0
6117666160,2016-05-08 00:00:00,149.0
6117666160,2016-05-08 01:00:00,0.0
6117666160,2016-05-08 02:00:00,0.0
6117666160,2016-05-08 03:00:00,0.0
6117666160,2016-05-08 04:00:00,12.0
6117666160,2016-05-08 05:00:00,0.0
6117666160,2016-05-08 06:00:00,0.0
6117666160,2016-05-08 07:00:00,0.0
6117666160,2016-05-08 08:00:00,0.0
6117666160,2016-05-08 09:00:00,543.0
6117666160,2016-05-08 10:00:00,373.0
6117666160,2016-05-08 11:00:00,375.0
6117666160,2016-05-08 12:00:00,362.0
6117666160,2016-05-08 13:00:00,419.0
6117666160,2016-05-08 14:00:00,267.0
6117666160,2016-05-08 15:00:00,868.0
6117666160,2016-05-08 16:00:00,651.0
6117666160,2016-05-08 17:00:00,1197.0
6117666160,2016-05-08 18:00:00,1569.0
6117666160,2016-05-08 19:00:00,240.0
6117666160,2016-05-08 20:00:00,4.0
6117666160,2016-05-08 21:00:00,9.0
6117666160,2016-05-08 22:00:00,290.0
6117666160,2016-05-08 23:00:00,0.0
6117666160,2016-05-09 00:00:00,0.0
6117666160,2016-05-09 01:00:00,0.0
6117666160,2016-05-09 02:00:00,7.0
6117666160,2016-05-09 03:00:00,0.0
6117666160,2016-05-09 04:00:00,0.0
6117666160,2016-05-09 05:00:00,4.0
6117666160,2016-05-09 06:00:00,17.0
6117666160,2016-05-09 07:00:00,408.0
6117666160,2016-05-09 08:00:00,615.0
6117666160,2016-05-09 09:00:00,729.0
6117666160,2016-05-09 10:00:00,860.0
6117666160,2016-05-09 11:00:00,657.0
6290855005,2016-04-12 00:00:00,0.0
6290855005,2016-04-12 01:00:00,0.0
6290855005,2016-04-12 02:00:00,0.0
6290855005,2016-04-12 03:00:00,0.0
6290855005,2016-04-12 04:00:00,0.0
6290855005,2016-04-12 05:00:00,0.0
6290855005,2016-04-12 06:00:00,54.0
6290855005,2016-04-12 07:00:00,517.0
6290855005,2016-04-12 08:00:00,371.0
6290855005,2016-04-12 09:00:00,410.0
6290855005,2016-04-12 10:00:00,1002.0
6290855005,2016-04-12 11:00:00,520.0
6290855005,2016-04-12 12:00:00,215.0
6290855005,2016-04-12 13:00:00,633.0
6290855005,2016-04-12 14:00:00,248.0
6290855005,2016-04-12 15:00:00,502.0
6290855005,2016-04-12 16:00:00,90.0
6290855005,2016-04-12 17:00:00,0.0
6290855005,2016-04-12 18:00:00,0.0
6290855005,2016-04-12 19:00:00,0.0
6290855005,2016-04-12 20:00:00,0.0
6290855005,2016-04-12 21:00:00,0.0
6290855005,2016-04-12 22:00:00,0.0
6290855005,2016-04-12 23:00:00,0.0
6290855005,2016-04-13 00:00:00,0.0
6290855005,2016-04-13 01:00:00,0.0
6290855005,2016-04-13 02:00:00,0.0
6290855005,2016-04-13 03:00:00,0.0
6290855005,2016-04-13 04:00:00,0.0
6290855005,2016-04-13 05:00:00,0.0
6290855005,2016-04-13 06:00:00,161.0
6290855005,2016-04-13 07:00:00,564.0
6290855005,2016-04-13 08:00:00,686.0
6290855005,2016-04-13 09:00:00,1061.0
6290855005,2016-04-13 10:00:00,469.0
6290855005,2016-04-13 11:00:00,355.0
6290855005,2016-04-13 12:00:00,417.0
6290855005,2016-04-13 13:00:00,649.0
6290855005,2016-04-13 14:00:00,618.0
6290855005,2016-04-13 15:00:00,313.0
6290855005,2016-04-13 16:00:00,874.0
6290855005,2016-04-13 17:00:00,126.0
6290855005,2016-04-13 18:00:00,685.0
6290855005,2016-04-13 19:00:00,120.0
6290855005,2016-04-13 20:00:00,44.0
6290855005,2016-04-13 21:00:00,0.0
6290855005,2016-04-13 22:00:00,0.0
6290855005,2016-04-13 23:00:00,0.0
6290855005,2016-04-14 00:00:00,0.0
6290855005,2016-04-14 01:00:00,0.0
6290855005,2016-04-14 02:00:00,0.0
6290855005,2016-04-14 03:00:00,0.0
6290855005,2016-04-14 04:00:00,0.0
6290855005,2016-04-14 05:00:00,0.0
6290855005,2016-04-14 06:00:00,159.0
6290855005,2016-04-14 07:00:00,570.0
6290855005,2016-04-14 08:00:00,262.0
6290855005,2016-04-14 09:00:00,548.0
6290855005,2016-04-14 10:00:00,261.0
6290855005,2016-04-14 11:00:00,582.0
6290855005,2016-04-14 12:00:00,807.0
6290855005,2016-04-14 13:00:00,111.0
6290855005,2016-04-14 14:00:00,271.0
6290855005,2016-04-14 15:00:00,563.0
6290855005,2016-04-14 16:00:00,0.0
6290855005,2016-04-14 17:00:00,851.0
6290855005,2016-04-14 18:00:00,739.0
6290855005,2016-04-14 19:00:00,293.0
6290855005,2016-04-14 20:00:00,349.0
6290855005,2016-04-14 21:00:00,740.0
6290855005,2016-04-14 22:00:00,560.0
6290855005,2016-04-14 23:00:00,5.0
6290855005,2016-04-15 00:00:00,0.0
6290855005,2016-04-15 01:00:00,0.0
6290855005,2016-04-15 02:00:00,0.0
6290855005,2016-04-15 03:00:00,0.0
6290855005,2016-04-15 04:00:00,0.0
6290855005,2016-04-15 05:00:00,0.0
6290855005,2016-04-15 06:00:00,0.0
6290855005,2016-04-15 07:00:00,468.0
6290855005,2016-04-15 08:00:00,195.0
6290855005,2016-04-15 09:00:00,330.0
6290855005,2016-04-15 10:00:00,791.0
6290855005,2016-04-15 11:00:00,786.0
6290855005,2016-04-15 12:00:00,382.0
6290855005,2016-04-15 13:00:00,926.0
6290855005,2016-04-15 14:00:00,390.0
6290855005,2016-04-15 15:00:00,106.0
6290855005,2016-04-15 16:00:00,796.0
6290855005,2016-04-15 17:00:00,540.0
6290855005,2016-04-15 18:00:00,936.0
6290855005,2016-04-15 19:00:00,859.0
6290855005,2016-04-15 20:00:00,81.0
6290855005,2016-04-15 21:00:00,652.0
6290855005,2016-04-15 22:00:00,629.0
6290855005,2016-04-15 23:00:00,634.0
6290855005,2016-04-16 00:00:00,0.0
6290855005,2016-04-16 01:00:00,0.0
6290855005,2016-04-16 02:00:00,0.0
6290855005,2016-04-16 03:00:00,0.0
6290855005,2016-04-16 04:00:00,0.0
6290855005,2016-04-16 05:00:00,0.0
6290855005,2016-04-16 06:00:00,0.0
6290855005,2016-04-16 07:00:00,0.0
6290855005,2016-04-16 08:00:00,1727.0
6290855005,2016-04-16 09:00:00,1841.0
6290855005,2016-04-16 10:00:00,568.0
6290855005,2016-04-16 11:00:00,1092.0
6290855005,2016-04-16 12:00:00,7.0
6290855005,2016-04-16 13:00:00,1583.0
6290855005,2016-04-16 14:00:00,839.0
6290855005,2016-04-16 15:00:00,139.0
6290855005,2016-04-16 16:00:00,164.0
6290855005,2016-04-16 17:00:00,219.0
6290855005,2016-04-16 18:00:00,103.0
6290855005,2016-04-16 19:00:00,19.0
6290855005,2016-04-16 20:00:00,0.0
6290855005,2016-04-16 21:00:00,0.0
6290855005,2016-04-16 22:00:00,0.0
6290855005,2016-04-16 23:00:00,0.0
6290855005,2016-04-17 00:00:00,0.0
6290855005,2016-04-17 01:00:00,0.0
6290855005,2016-04-17 02:00:00,0.0
6290855005,2016-04-17 03:00:00,0.0
6290855005,2016-04-17 04:00:00,0.0
6290855005,2016-04-17 05:00:00,0.0
6290855005,2016-04-17 06:00:00,0.0
6290855005,2016-04-17 07:00:00,59.0
6290855005,2016-04-17 08:00:00,40.0
6290855005,2016-04-17 09:00:00,956.0
6290855005,2016-04-17 10:00:00,584.0
6290855005,2016-04-17 11:00:00,76.0
6290855005,2016-04-17 12:00:00,1558.0
6290855005,2016-04-17 13:00:00,2033.0
6290855005,2016-04-17 14:00:00,1608.0
6290855005,2016-04-17 15:00:00,132.0
6290855005,2016-04-17 16:00:00,224.0
6290855005,2016-04-17 17:00:00,314.0
6290855005,2016-04-17 18:00:00,154.0
6290855005,2016-04-17 19:00:00,113.0
6290855005,2016-04-17 20:00:00,0.0
6290855005,2016-04-17 21:00:00,0.0
6290855005,2016-04-17 22:00:00,0.0
6290855005,2016-04-17 23:00:00,0.0
6290855005,2016-04-18 00:00:00,0.0
6290855005,2016-04-18 01:00:00,0.0
6290855005,2016-04-18 02:00:00,0.0
6290855005,2016-04-18 03:00:00,0.0
6290855005,2016-04-18 04:00:00,0.0
6290855005,2016-04-18 05:00:00,0.0
6290855005,2016-04-18 06:00:00,312.0
6290855005,2016-04-18 07:00:00,595.0
6290855005,2016-04-18 08:00:00,599.0
6290855005,2016-04-18 09:00:00,1051.0
6290855005,2016-04-18 10:00:00,895.0
6290855005,2016-04-18 11:00:00,291.0
6290855005,2016-04-18 12:00:00,644.0
6290855005,2016-04-18 13:00:00,903.0
6290855005,2016-04-18 14:00:00,432.0
6290855005,2016-04-18 15:00:00,868.0
6290855005,2016-04-18 16:00:00,205.0
6290855005,2016-04-18 17:00:00,90.0
6290855005,2016-04-18 18:00:00,0.0
6290855005,2016-04-18 19:00:00,0.0
6290855005,2016-04-18 20:00:00,0.0
6290855005,2016-04-18 21:00:00,0.0
6290855005,2016-04-18 22:00:00,0.0
6290855005,2016-04-18 23:00:00,0.0
6290855005,2016-04-19 00:00:00,0.0
6290855005,2016-04-19 01:00:00,0.0
6290855005,2016-04-19 02:00:00,0.0
6290855005,2016-04-19 03:00:00,0.0
6290855005,2016-04-19 04:00:00,0.0
6290855005,2016-04-19 05:00:00,0.0
6290855005,2016-04-19 06:00:00,273.0
6290855005,2016-04-19 07:00:00,584.0
6290855005,2016-04-19 08:00:00,549.0
6290855005,2016-04-19 09:00:00,525.0
6290855005,2016-04-19 10:00:00,548.0
6290855005,2016-04-19 11:00:00,850.0
6290855005,2016-04-19 12:00:00,966.0
6290855005,2016-04-19 13:00:00,490.0
6290855005,2016-04-19 14:00:00,759.0
6290855005,2016-04-19 15:00:00,764.0
6290855005,2016-04-19 16:00:00,561.0
6290855005,2016-04-19 17:00:00,99.0
6290855005,2016-04-19 18:00:00,13.0
6290855005,2016-04-19 19:00:00,95.0
6290855005,2016-04-19 20:00:00,66.0
6290855005,2016-04-19 21:00:00,0.0
6290855005,2016-04-19 22:00:00,0.0
6290855005,2016-04-19 23:00:00,0.0
6290855005,2016-04-20 00:00:00,0.0
6290855005,2016-04-20 01:00:00,0.0
6290855005,2016-04-20 02:00:00,0.0
6290855005,2016-04-20 03:00:00,0.0
6290855005,2016-04-20 04:00:00,0.0
6290855005,2016-04-20 05:00:00,0.0
6290855005,2016-04-20 06:00:00,254.0
6290855005,2016-04-20 07:00:00,903.0
6290855005,2016-04-20 08:00:00,626.0
6290855005,2016-04-20 09:00:00,322.0
6290855005,2016-04-20 10:00:00,567.0
6290855005,2016-04-20 11:00:00,314.0
6290855005,2016-04-20 12:00:00,549.0
6290855005,2016-04-20 13:00:00,1030.0
6290855005,2016-04-20 14:00:00,605.0
6290855005,2016-04-20 15:00:00,843.0
6290855005,2016-04-20 16:00:00,228.0
6290855005,2016-04-20 17:00:00,120.0
6290855005,2016-04-20 18:00:00,0.0
6290855005,2016-04-20 19:00:00,0.0
6290855005,2016-04-20 20:00:00,0.0
6290855005,2016-04-20 21:00:00,0.0
6290855005,2016-04-20 22:00:00,0.0
6290855005,2016-04-20 23:00:00,0.0
6290855005,2016-04-21 00:00:00,0.0
6290855005,2016-04-21 01:00:00,0.0
6290855005,2016-04-21 02:00:00,0.0
6290855005,2016-04-21 03:00:00,0.0
6290855005,2016-04-21 04:00:00,0.0
6290855005,2016-04-21 05:00:00,0.0
6290855005,2016-04-21 06:00:00,0.0
6290855005,2016-04-21 07:00:00,0.0
6290855005,2016-04-21 08:00:00,0.0
6290855005,2016-04-21 09:00:00,0.0
6290855005,2016-04-21 10:00:00,0.0
6290855005,2016-04-21 11:00:00,0.0
6290855005,2016-04-21 12:00:00,0.0
6290855005,2016-04-21 13:00:00,0.0
6290855005,2016-04-21 14:00:00,0.0
6290855005,2016-04-21 15:00:00,0.0
6290855005,2016-04-21 16:00:00,0.0
6290855005,2016-04-21 17:00:00,0.0
6290855005,2016-04-21 18:00:00,0.0
6290855005,2016-04-21 19:00:00,0.0
6290855005,2016-04-21 20:00:00,0.0
6290855005,2016-04-21 21:00:00,0.0
6290855005,2016-04-21 22:00:00,0.0
6290855005,2016-04-21 23:00:00,0.0
6290855005,2016-04-22 00:00:00,0.0
6290855005,2016-04-22 01:00:00,0.0
6290855005,2016-04-22 02:00:00,0.0
6290855005,2016-04-22 03:00:00,0.0
6290855005,2016-04-22 04:00:00,0.0
6290855005,2016-04-22 05:00:00,0.0
6290855005,2016-04-22 06:00:00,202.0
6290855005,2016-04-22 07:00:00,757.0
6290855005,2016-04-22 08:00:00,419.0
6290855005,2016-04-22 09:00:00,715.0
6290855005,2016-04-22 10:00:00,264.0
6290855005,2016-04-22 11:00:00,688.0
6290855005,2016-04-22 12:00:00,636.0
6290855005,2016-04-22 13:00:00,218.0
6290855005,2016-04-22 14:00:00,1071.0
6290855005,2016-04-22 15:00:00,56.0
6290855005,2016-04-22 16:00:00,875.0
6290855005,2016-04-22 17:00:00,330.0
6290855005,2016-04-22 18:00:00,7.0
6290855005,2016-04-22 19:00:00,0.0
6290855005,2016-04-22 20:00:00,0.0
6290855005,2016-04-22 21:00:00,0.0
6290855005,2016-04-22 22:00:00,0.0
6290855005,2016-04-22 23:00:00,0.0
6290855005,2016-04-23 00:00:00,0.0
6290855005,2016-04-23 01:00:00,0.0
6290855005,2016-04-23 02:00:00,0.0
6290855005,2016-04-23 03:00:00,0.0
6290855005,2016-04-23 04:00:00,0.0
6290855005,2016-04-23 05:00:00,0.0
6290855005,2016-04-23 06:00:00,0.0
6290855005,2016-04-23 07:00:00,0.0
6290855005,2016-04-23 08:00:00,0.0
6290855005,2016-04-23 09:00:00,0.0
6290855005,2016-04-23 10:00:00,0.0
6290855005,2016-04-23 11:00:00,0.0
6290855005,2016-04-23 12:00:00,0.0
6290855005,2016-04-23 13:00:00,0.0
6290855005,2016-04-23 14:00:00,0.0
6290855005,2016-04-23 15:00:00,0.0
6290855005,2016-04-23 16:00:00,0.0
6290855005,2016-04-23 17:00:00,0.0
6290855005,2016-04-23 18:00:00,0.0
6290855005,2016-04-23 19:00:00,0.0
6290855005,2016-04-23 20:00:00,0.0
6290855005,2016-04-23 21:00:00,0.0
6290855005,2016-04-23 22:00:00,0.0
6290855005,2016-04-23 23:00:00,0.0
6290855005,2016-04-24 00:00:00,0.0
6290855005,2016-04-24 01:00:00,0.0
6290855005,2016-04-24 02:00:00,0.0
6290855005,2016-04-24 03:00:00,0.0
6290855005,2016-04-24 04:00:00,0.0
6290855005,2016-04-24 05:00:00,0.0
6290855005,2016-04-24 06:00:00,0.0
6290855005,2016-04-24 07:00:00,0.0
6290855005,2016-04-24 08:00:00,0.0
6290855005,2016-04-24 09:00:00,207.0
6290855005,2016-04-24 10:00:00,2029.0
6290855005,2016-04-24 11:00:00,415.0
6290855005,2016-04-24 12:00:00,1125.0
6290855005,2016-04-24 13:00:00,107.0
6290855005,2016-04-24 14:00:00,136.0
6290855005,2016-04-24 15:00:00,84.0
6290855005,2016-04-24 16:00:00,104.0
6290855005,2016-04-24 17:00:00,851.0
6290855005,2016-04-24 18:00:00,224.0
6290855005,2016-04-24 19:00:00,219.0
6290855005,2016-04-24 20:00:00,363.0
6290855005,2016-04-24 21:00:00,32.0
6290855005,2016-04-24 22:00:00,0.0
6290855005,2016-04-24 23:00:00,0.0
6290855005,2016-04-25 00:00:00,0.0
6290855005,2016-04-25 01:00:00,0.0
6290855005,2016-04-25 02:00:00,0.0
6290855005,2016-04-25 03:00:00,0.0
6290855005,2016-04-25 04:00:00,0.0
6290855005,2016-04-25 05:00:00,0.0
6290855005,2016-04-25 06:00:00,195.0
6290855005,2016-04-25 07:00:00,827.0
6290855005,2016-04-25 08:00:00,1935.0
6290855005,2016-04-25 09:00:00,752.0
6290855005,2016-04-25 10:00:00,587.0
6290855005,2016-04-25 11:00:00,591.0
6290855005,2016-04-25 12:00:00,244.0
6290855005,2016-04-25 13:00:00,618.0
6290855005,2016-04-25 14:00:00,667.0
6290855005,2016-04-25 15:00:00,492.0
6290855005,2016-04-25 16:00:00,838.0
6290855005,2016-04-25 17:00:00,56.0
6290855005,2016-04-25 18:00:00,0.0
6290855005,2016-04-25 19:00:00,0.0
6290855005,2016-04-25 20:00:00,0.0
6290855005,2016-04-25 21:00:00,0.0
6290855005,2016-04-25 22:00:00,0.0
6290855005,2016-04-25 23:00:00,0.0
6290855005,2016-04-26 00:00:00,0.0
6290855005,2016-04-26 01:00:00,0.0
6290855005,2016-04-26 02:00:00,0.0
6290855005,2016-04-26 03:00:00,0.0
6290855005,2016-04-26 04:00:00,0.0
6290855005,2016-04-26 05:00:00,0.0
6290855005,2016-04-26 06:00:00,0.0
6290855005,2016-04-26 07:00:00,0.0
6290855005,2016-04-26 08:00:00,0.0
6290855005,2016-04-26 09:00:00,0.0
6290855005,2016-04-26 10:00:00,0.0
6290855005,2016-04-26 11:00:00,0.0
6290855005,2016-04-26 12:00:00,0.0
6290855005,2016-04-26 13:00:00,0.0
6290855005,2016-04-26 14:00:00,0.0
6290855005,2016-04-26 15:00:00,0.0
6290855005,2016-04-26 16:00:00,0.0
6290855005,2016-04-26 17:00:00,0.0
6290855005,2016-04-26 18:00:00,0.0
6290855005,2016-04-26 19:00:00,0.0
6290855005,2016-04-26 20:00:00,0.0
6290855005,2016-04-26 21:00:00,0.0
6290855005,2016-04-26 22:00:00,0.0
6290855005,2016-04-26 23:00:00,0.0
6290855005,2016-04-27 00:00:00,0.0
6290855005,2016-04-27 01:00:00,0.0
6290855005,2016-04-27 02:00:00,0.0
6290855005,2016-04-27 03:00:00,0.0
6290855005,2016-04-27 04:00:00,0.0
6290855005,2016-04-27 05:00:00,0.0
6290855005,2016-04-27 06:00:00,136.0
6290855005,2016-04-27 07:00:00,795.0
6290855005,2016-04-27 08:00:00,934.0
6290855005,2016-04-27 09:00:00,236.0
6290855005,2016-04-27 10:00:00,154.0
6290855005,2016-04-27 11:00:00,634.0
6290855005,2016-04-27 12:00:00,164.0
6290855005,2016-04-27 13:00:00,675.0
6290855005,2016-04-27 14:00:00,388.0
6290855005,2016-04-27 15:00:00,277.0
6290855005,2016-04-27 16:00:00,885.0
6290855005,2016-04-27 17:00:00,164.0
6290855005,2016-04-27 18:00:00,123.0
6290855005,2016-04-27 19:00:00,0.0
6290855005,2016-04-27 20:00:00,0.0
6290855005,2016-04-27 21:00:00,0.0
6290855005,2016-04-27 22:00:00,0.0
6290855005,2016-04-27 23:00:00,0.0
6290855005,2016-04-28 00:00:00,0.0
6290855005,2016-04-28 01:00:00,0.0
6290855005,2016-04-28 02:00:00,0.0
6290855005,2016-04-28 03:00:00,0.0
6290855005,2016-04-28 04:00:00,0.0
6290855005,2016-04-28 05:00:00,0.0
6290855005,2016-04-28 06:00:00,87.0
6290855005,2016-04-28 07:00:00,779.0
6290855005,2016-04-28 08:00:00,154.0
6290855005,2016-04-28 09:00:00,230.0
6290855005,2016-04-28 10:00:00,33.0
6290855005,2016-04-28 11:00:00,768.0
6290855005,2016-04-28 12:00:00,1121.0
6290855005,2016-04-28 13:00:00,97.0
6290855005,2016-04-28 14:00:00,815.0
6290855005,2016-04-28 15:00:00,756.0
6290855005,2016-04-28 16:00:00,812.0
6290855005,2016-04-28 17:00:00,79.0
6290855005,2016-04-28 18:00:00,0.0
6290855005,2016-04-28 19:00:00,0.0
6290855005,2016-04-28 20:00:00,0.0
6290855005,2016-04-28 21:00:00,0.0
6290855005,2016-04-28 22:00:00,0.0
6290855005,2016-04-28 23:00:00,0.0
6290855005,2016-04-29 00:00:00,0.0
6290855005,2016-04-29 01:00:00,0.0
6290855005,2016-04-29 02:00:00,0.0
6290855005,2016-04-29 03:00:00,0.0
6290855005,2016-04-29 04:00:00,0.0
6290855005,2016-04-29 05:00:00,0.0
6290855005,2016-04-29 06:00:00,0.0
6290855005,2016-04-29 07:00:00,0.0
6290855005,2016-04-29 08:00:00,0.0
6290855005,2016-04-29 09:00:00,0.0
6290855005,2016-04-29 10:00:00,0.0
6290855005,2016-04-29 11:00:00,0.0
6290855005,2016-04-29 12:00:00,0.0
6290855005,2016-04-29 13:00:00,0.0
6290855005,2016-04-29 14:00:00,0.0
6290855005,2016-04-29 15:00:00,0.0
6290855005,2016-04-29 16:00:00,0.0
6290855005,2016-04-29 17:00:00,0.0
6290855005,2016-04-29 18:00:00,0.0
6290855005,2016-04-29 19:00:00,0.0
6290855005,2016-04-29 20:00:00,0.0
6290855005,2016-04-29 21:00:00,0.0
6290855005,2016-04-29 22:00:00,0.0
6290855005,2016-04-29 23:00:00,0.0
6290855005,2016-04-30 00:00:00,0.0
6290855005,2016-04-30 01:00:00,0.0
6290855005,2016-04-30 02:00:00,0.0
6290855005,2016-04-30 03:00:00,0.0
6290855005,2016-04-30 04:00:00,0.0
6290855005,2016-04-30 05:00:00,0.0
6290855005,2016-04-30 06:00:00,0.0
6290855005,2016-04-30 07:00:00,70.0
6290855005,2016-04-30 08:00:00,111.0
6290855005,2016-04-30 09:00:00,899.0
6290855005,2016-04-30 10:00:00,944.0
6290855005,2016-04-30 11:00:00,1937.0
6290855005,2016-04-30 12:00:00,319.0
6290855005,2016-04-30 13:00:00,420.0
6290855005,2016-04-30 14:00:00,546.0
6290855005,2016-04-30 15:00:00,239.0
6290855005,2016-04-30 16:00:00,1259.0
6290855005,2016-04-30 17:00:00,0.0
6290855005,2016-04-30 18:00:00,0.0
6290855005,2016-04-30 19:00:00,0.0
6290855005,2016-04-30 20:00:00,0.0
6290855005,2016-04-30 21:00:00,0.0
6290855005,2016-04-30 22:00:00,0.0
6290855005,2016-04-30 23:00:00,0.0
6290855005,2016-05-01 00:00:00,0.0
6290855005,2016-05-01 01:00:00,0.0
6290855005,2016-05-01 02:00:00,0.0
6290855005,2016-05-01 03:00:00,0.0
6290855005,2016-05-01 04:00:00,0.0
6290855005,2016-05-01 05:00:00,0.0
6290855005,2016-05-01 06:00:00,0.0
6290855005,2016-05-01 07:00:00,0.0
6290855005,2016-05-01 08:00:00,0.0
6290855005,2016-05-01 09:00:00,3258.0
6290855005,2016-05-01 10:00:00,3251.0
6290855005,2016-05-01 11:00:00,387.0
6290855005,2016-05-01 12:00:00,781.0
6290855005,2016-05-01 13:00:00,497.0
6290855005,2016-05-01 14:00:00,557.0
6290855005,2016-05-01 15:00:00,427.0
6290855005,2016-05-01 16:00:00,8.0
6290855005,2016-05-01 17:00:00,172.0
6290855005,2016-05-01 18:00:00,250.0
6290855005,2016-05-01 19:00:00,170.0
6290855005,2016-05-01 20:00:00,79.0
6290855005,2016-05-01 21:00:00,0.0
6290855005,2016-05-01 22:00:00,0.0
6290855005,2016-05-01 23:00:00,0.0
6290855005,2016-05-02 00:00:00,0.0
6290855005,2016-05-02 01:00:00,0.0
6290855005,2016-05-02 02:00:00,0.0
6290855005,2016-05-02 03:00:00,0.0
6290855005,2016-05-02 04:00:00,0.0
6290855005,2016-05-02 05:00:00,0.0
6290855005,2016-05-02 06:00:00,206.0
6290855005,2016-05-02 07:00:00,788.0
6290855005,2016-05-02 08:00:00,183.0
6290855005,2016-05-02 09:00:00,783.0
6290855005,2016-05-02 10:00:00,578.0
6290855005,2016-05-02 11:00:00,372.0
6290855005,2016-05-02 12:00:00,543.0
6290855005,2016-05-02 13:00:00,789.0
6290855005,2016-05-02 14:00:00,574.0
6290855005,2016-05-02 15:00:00,1178.0
6290855005,2016-05-02 16:00:00,676.0
6290855005,2016-05-02 17:00:00,111.0
6290855005,2016-05-02 18:00:00,0.0
6290855005,2016-05-02 19:00:00,0.0
6290855005,2016-05-02 20:00:00,0.0
6290855005,2016-05-02 21:00:00,0.0
6290855005,2016-05-02 22:00:00,0.0
6290855005,2016-05-02 23:00:00,0.0
6290855005,2016-05-03 00:00:00,0.0
6290855005,2016-05-03 01:00:00,0.0
6290855005,2016-05-03 02:00:00,0.0
6290855005,2016-05-03 03:00:00,0.0
6290855005,2016-05-03 04:00:00,0.0
6290855005,2016-05-03 05:00:00,0.0
6290855005,2016-05-03 06:00:00,393.0
6290855005,2016-05-03 07:00:00,663.0
6290855005,2016-05-03 08:00:00,341.0
6290855005,2016-05-03 09:00:00,630.0
6290855005,2016-05-03 10:00:00,582.0
6290855005,2016-05-03 11:00:00,405.0
6290855005,2016-05-03 12:00:00,400.0
6290855005,2016-05-03 13:00:00,1014.0
6290855005,2016-05-03 14:00:00,259.0
6290855005,2016-05-03 15:00:00,770.0
6290855005,2016-05-03 16:00:00,273.0
6290855005,2016-05-03 17:00:00,317.0
6290855005,2016-05-03 18:00:00,0.0
6290855005,2016-05-03 19:00:00,0.0
6290855005,2016-05-03 20:00:00,0.0
6290855005,2016-05-03 21:00:00,0.0
6290855005,2016-05-03 22:00:00,0.0
6290855005,2016-05-03 23:00:00,0.0
6290855005,2016-05-04 00:00:00,0.0
6290855005,2016-05-04 01:00:00,0.0
6290855005,2016-05-04 02:00:00,0.0
6290855005,2016-05-04 03:00:00,0.0
6290855005,2016-05-04 04:00:00,0.0
6290855005,2016-05-04 05:00:00,0.0
6290855005,2016-05-04 06:00:00,152.0
6290855005,2016-05-04 07:00:00,735.0
6290855005,2016-05-04 08:00:00,281.0
6290855005,2016-05-04 09:00:00,945.0
6290855005,2016-05-04 10:00:00,356.0
6290855005,2016-05-04 11:00:00,743.0
6290855005,2016-05-04 12:00:00,347.0
6290855005,2016-05-04 13:00:00,427.0
6290855005,2016-05-04 14:00:00,416.0
6290855005,2016-05-04 15:00:00,603.0
6290855005,2016-05-04 16:00:00,241.0
6290855005,2016-05-04 17:00:00,258.0
6290855005,2016-05-04 18:00:00,169.0
6290855005,2016-05-04 19:00:00,159.0
6290855005,2016-05-04 20:00:00,0.0
6290855005,2016-05-04 21:00:00,0.0
6290855005,2016-05-04 22:00:00,0.0
6290855005,2016-05-04 23:00:00,0.0
6290855005,2016-05-05 00:00:00,0.0
6290855005,2016-05-05 01:00:00,0.0
6290855005,2016-05-05 02:00:00,0.0
6290855005,2016-05-05 03:00:00,0.0
6290855005,2016-05-05 04:00:00,0.0
6290855005,2016-05-05 05:00:00,72.0
6290855005,2016-05-05 06:00:00,136.0
6290855005,2016-05-05 07:00:00,786.0
6290855005,2016-05-05 08:00:00,478.0
6290855005,2016-05-05 09:00:00,543.0
6290855005,2016-05-05 10:00:00,366.0
6290855005,2016-05-05 11:00:00,421.0
6290855005,2016-05-05 12:00:00,886.0
6290855005,2016-05-05 13:00:00,102.0
6290855005,2016-05-05 14:00:00,1189.0
6290855005,2016-05-05 15:00:00,1070.0
6290855005,2016-05-05 16:00:00,4.0
6290855005,2016-05-05 17:00:00,253.0
6290855005,2016-05-05 18:00:00,33.0
6290855005,2016-05-05 19:00:00,0.0
6290855005,2016-05-05 20:00:00,0.0
6290855005,2016-05-05 21:00:00,0.0
6290855005,2016-05-05 22:00:00,0.0
6290855005,2016-05-05 23:00:00,0.0
6290855005,2016-05-06 00:00:00,0.0
6290855005,2016-05-06 01:00:00,0.0
6290855005,2016-05-06 02:00:00,0.0
6290855005,2016-05-06 03:00:00,0.0
6290855005,2016-05-06 04:00:00,0.0
6290855005,2016-05-06 05:00:00,21.0
6290855005,2016-05-06 06:00:00,134.0
6290855005,2016-05-06 07:00:00,1200.0
6290855005,2016-05-06 08:00:00,374.0
6290855005,2016-05-06 09:00:00,357.0
6290855005,2016-05-06 10:00:00,125.0
6290855005,2016-05-06 11:00:00,716.0
6290855005,2016-05-06 12:00:00,374.0
6290855005,2016-05-06 13:00:00,325.0
6290855005,2016-05-06 14:00:00,281.0
6290855005,2016-05-06 15:00:00,421.0
6290855005,2016-05-06 16:00:00,604.0
6290855005,2016-05-06 17:00:00,916.0
6290855005,2016-05-06 18:00:00,29.0
6290855005,2016-05-06 19:00:00,34.0
6290855005,2016-05-06 20:00:00,205.0
6290855005,2016-05-06 21:00:00,0.0
6290855005,2016-05-06 22:00:00,0.0
6290855005,2016-05-06 23:00:00,0.0
6290855005,2016-05-07 00:00:00,0.0
6290855005,2016-05-07 01:00:00,0.0
6290855005,2016-05-07 02:00:00,0.0
6290855005,2016-05-07 03:00:00,0.0
6290855005,2016-05-07 04:00:00,0.0
6290855005,2016-05-07 05:00:00,0.0
6290855005,2016-05-07 06:00:00,0.0
6290855005,2016-05-07 07:00:00,0.0
6290855005,2016-05-07 08:00:00,0.0
6290855005,2016-05-07 09:00:00,0.0
6290855005,2016-05-07 10:00:00,283.0
6290855005,2016-05-07 11:00:00,361.0
6290855005,2016-05-07 12:00:00,1242.0
6290855005,2016-05-07 13:00:00,682.0
6290855005,2016-05-07 14:00:00,496.0
6290855005,2016-05-07 15:00:00,1259.0
6290855005,2016-05-07 16:00:00,492.0
6290855005,2016-05-07 17:00:00,129.0
6290855005,2016-05-07 18:00:00,417.0
6290855005,2016-05-07 19:00:00,149.0
6290855005,2016-05-07 20:00:00,0.0
6290855005,2016-05-07 21:00:00,0.0
6290855005,2016-05-07 22:00:00,0.0
6290855005,2016-05-07 23:00:00,0.0
6290855005,2016-05-08 00:00:00,0.0
6290855005,2016-05-08 01:00:00,0.0
6290855005,2016-05-08 02:00:00,0.0
6290855005,2016-05-08 03:00:00,0.0
6290855005,2016-05-08 04:00:00,0.0
6290855005,2016-05-08 05:00:00,0.0
6290855005,2016-05-08 06:00:00,0.0
6290855005,2016-05-08 07:00:00,0.0
6290855005,2016-05-08 08:00:00,0.0
6290855005,2016-05-08 09:00:00,308.0
6290855005,2016-05-08 10:00:00,2117.0
6290855005,2016-05-08 11:00:00,1937.0
6290855005,2016-05-08 12:00:00,368.0
6290855005,2016-05-08 13:00:00,889.0
6290855005,2016-05-08 14:00:00,1218.0
6290855005,2016-05-08 15:00:00,247.0
6290855005,2016-05-08 16:00:00,57.0
6290855005,2016-05-08 17:00:00,368.0
6290855005,2016-05-08 18:00:00,87.0
6290855005,2016-05-08 19:00:00,110.0
6290855005,2016-05-08 20:00:00,0.0
6290855005,2016-05-08 21:00:00,0.0
6290855005,2016-05-08 22:00:00,0.0
6290855005,2016-05-08 23:00:00,0.0
6290855005,2016-05-09 00:00:00,0.0
6290855005,2016-05-09 01:00:00,0.0
6290855005,2016-05-09 02:00:00,0.0
6290855005,2016-05-09 03:00:00,0.0
6290855005,2016-05-09 04:00:00,0.0
6290855005,2016-05-09 05:00:00,0.0
6290855005,2016-05-09 06:00:00,296.0
6290855005,2016-05-09 07:00:00,650.0
6290855005,2016-05-09 08:00:00,812.0
6290855005,2016-05-09 09:00:00,686.0
6290855005,2016-05-09 10:00:00,194.0
6290855005,2016-05-09 11:00:00,235.0
6290855005,2016-05-09 12:00:00,358.0
6290855005,2016-05-09 13:00:00,1255.0
6290855005,2016-05-09 14:00:00,343.0
6290855005,2016-05-09 15:00:00,922.0
6290855005,2016-05-09 16:00:00,367.0
6775888955,2016-04-12 00:00:00,0.0
6775888955,2016-04-12 01:00:00,0.0
6775888955,2016-04-12 02:00:00,0.0
6775888955,2016-04-12 03:00:00,0.0
6775888955,2016-04-12 04:00:00,0.0
6775888955,2016-04-12 05:00:00,0.0
6775888955,2016-04-12 06:00:00,0.0
6775888955,2016-04-12 07:00:00,0.0
6775888955,2016-04-12 08:00:00,0.0
6775888955,2016-04-12 09:00:00,0.0
6775888955,2016-04-12 10:00:00,0.0
6775888955,2016-04-12 11:00:00,0.0
6775888955,2016-04-12 12:00:00,0.0
6775888955,2016-04-12 13:00:00,0.0
6775888955,2016-04-12 14:00:00,0.0
6775888955,2016-04-12 15:00:00,0.0
6775888955,2016-04-12 16:00:00,0.0
6775888955,2016-04-12 17:00:00,0.0
6775888955,2016-04-12 18:00:00,0.0
6775888955,2016-04-12 19:00:00,0.0
6775888955,2016-04-12 20:00:00,0.0
6775888955,2016-04-12 21:00:00,0.0
6775888955,2016-04-12 22:00:00,0.0
6775888955,2016-04-12 23:00:00,0.0
6775888955,2016-04-13 00:00:00,0.0
6775888955,2016-04-13 01:00:00,0.0
6775888955,2016-04-13 02:00:00,147.0
6775888955,2016-04-13 03:00:00,0.0
6775888955,2016-04-13 04:00:00,32.0
6775888955,2016-04-13 05:00:00,0.0
6775888955,2016-04-13 06:00:00,10.0
6775888955,2016-04-13 07:00:00,268.0
6775888955,2016-04-13 08:00:00,395.0
6775888955,2016-04-13 09:00:00,74.0
6775888955,2016-04-13 10:00:00,21.0
6775888955,2016-04-13 11:00:00,0.0
6775888955,2016-04-13 12:00:00,0.0
6775888955,2016-04-13 13:00:00,0.0
6775888955,2016-04-13 14:00:00,0.0
6775888955,2016-04-13 15:00:00,0.0
6775888955,2016-04-13 16:00:00,0.0
6775888955,2016-04-13 17:00:00,0.0
6775888955,2016-04-13 18:00:00,0.0
6775888955,2016-04-13 19:00:00,183.0
6775888955,2016-04-13 20:00:00,1131.0
6775888955,2016-04-13 21:00:00,119.0
6775888955,2016-04-13 22:00:00,1200.0
6775888955,2016-04-13 23:00:00,473.0
6775888955,2016-04-14 00:00:00,0.0
6775888955,2016-04-14 01:00:00,0.0
6775888955,2016-04-14 02:00:00,7.0
6775888955,2016-04-14 03:00:00,0.0
6775888955,2016-04-14 04:00:00,8.0
6775888955,2016-04-14 05:00:00,0.0
6775888955,2016-04-14 06:00:00,0.0
6775888955,2016-04-14 07:00:00,277.0
6775888955,2016-04-14 08:00:00,1196.0
6775888955,2016-04-14 09:00:00,55.0
6775888955,2016-04-14 10:00:00,241.0
6775888955,2016-04-14 11:00:00,44.0
6775888955,2016-04-14 12:00:00,650.0
6775888955,2016-04-14 13:00:00,0.0
6775888955,2016-04-14 14:00:00,0.0
6775888955,2016-04-14 15:00:00,0.0
6775888955,2016-04-14 16:00:00,0.0
6775888955,2016-04-14 17:00:00,0.0
6775888955,2016-04-14 18:00:00,0.0
6775888955,2016-04-14 19:00:00,0.0
6775888955,2016-04-14 20:00:00,1112.0
6775888955,2016-04-14 21:00:00,998.0
6775888955,2016-04-14 22:00:00,259.0
6775888955,2016-04-14 23:00:00,315.0
6775888955,2016-04-15 00:00:00,37.0
6775888955,2016-04-15 01:00:00,9.0
6775888955,2016-04-15 02:00:00,0.0
6775888955,2016-04-15 03:00:00,0.0
6775888955,2016-04-15 04:00:00,0.0
6775888955,2016-04-15 05:00:00,0.0
6775888955,2016-04-15 06:00:00,20.0
6775888955,2016-04-15 07:00:00,648.0
6775888955,2016-04-15 08:00:00,480.0
6775888955,2016-04-15 09:00:00,88.0
6775888955,2016-04-15 10:00:00,0.0
6775888955,2016-04-15 11:00:00,0.0
6775888955,2016-04-15 12:00:00,0.0
6775888955,2016-04-15 13:00:00,0.0
6775888955,2016-04-15 14:00:00,0.0
6775888955,2016-04-15 15:00:00,0.0
6775888955,2016-04-15 16:00:00,0.0
6775888955,2016-04-15 17:00:00,0.0
6775888955,2016-04-15 18:00:00,0.0
6775888955,2016-04-15 19:00:00,0.0
6775888955,2016-04-15 20:00:00,0.0
6775888955,2016-04-15 21:00:00,0.0
6775888955,2016-04-15 22:00:00,0.0
6775888955,2016-04-15 23:00:00,0.0
6775888955,2016-04-16 00:00:00,0.0
6775888955,2016-04-16 01:00:00,0.0
6775888955,2016-04-16 02:00:00,0.0
6775888955,2016-04-16 03:00:00,0.0
6775888955,2016-04-16 04:00:00,0.0
6775888955,2016-04-16 05:00:00,0.0
6775888955,2016-04-16 06:00:00,0.0
6775888955,2016-04-16 07:00:00,0.0
6775888955,2016-04-16 08:00:00,0.0
6775888955,2016-04-16 09:00:00,0.0
6775888955,2016-04-16 10:00:00,0.0
6775888955,2016-04-16 11:00:00,0.0
6775888955,2016-04-16 12:00:00,0.0
6775888955,2016-04-16 13:00:00,0.0
6775888955,2016-04-16 14:00:00,0.0
6775888955,2016-04-16 15:00:00,0.0
6775888955,2016-04-16 16:00:00,0.0
6775888955,2016-04-16 17:00:00,0.0
6775888955,2016-04-16 18:00:00,3629.0
6775888955,2016-04-16 19:00:00,1103.0
6775888955,2016-04-16 20:00:00,0.0
6775888955,2016-04-16 21:00:00,0.0
6775888955,2016-04-16 22:00:00,0.0
6775888955,2016-04-16 23:00:00,0.0
6775888955,2016-04-17 00:00:00,0.0
6775888955,2016-04-17 01:00:00,0.0
6775888955,2016-04-17 02:00:00,0.0
6775888955,2016-04-17 03:00:00,0.0
6775888955,2016-04-17 04:00:00,0.0
6775888955,2016-04-17 05:00:00,0.0
6775888955,2016-04-17 06:00:00,0.0
6775888955,2016-04-17 07:00:00,0.0
6775888955,2016-04-17 08:00:00,2303.0
6775888955,2016-04-17 09:00:00,194.0
6775888955,2016-04-17 10:00:00,0.0
6775888955,2016-04-17 11:00:00,0.0
6775888955,2016-04-17 12:00:00,0.0
6775888955,2016-04-17 13:00:00,0.0
6775888955,2016-04-17 14:00:00,0.0
6775888955,2016-04-17 15:00:00,0.0
6775888955,2016-04-17 16:00:00,0.0
6775888955,2016-04-17 17:00:00,0.0
6775888955,2016-04-17 18:00:00,0.0
6775888955,2016-04-17 19:00:00,0.0
6775888955,2016-04-17 20:00:00,0.0
6775888955,2016-04-17 21:00:00,0.0
6775888955,2016-04-17 22:00:00,0.0
6775888955,2016-04-17 23:00:00,0.0
6775888955,2016-04-18 00:00:00,0.0
6775888955,2016-04-18 01:00:00,0.0
6775888955,2016-04-18 02:00:00,0.0
6775888955,2016-04-18 03:00:00,0.0
6775888955,2016-04-18 04:00:00,0.0
6775888955,2016-04-18 05:00:00,0.0
6775888955,2016-04-18 06:00:00,0.0
6775888955,2016-04-18 07:00:00,0.0
6775888955,2016-04-18 08:00:00,0.0
6775888955,2016-04-18 09:00:00,9.0
6775888955,2016-04-18 10:00:00,311.0
6775888955,2016-04-18 11:00:00,1369.0
6775888955,2016-04-18 12:00:00,2492.0
6775888955,2016-04-18 13:00:00,1687.0
6775888955,2016-04-18 14:00:00,1652.0
6775888955,2016-04-18 15:00:00,774.0
6775888955,2016-04-18 16:00:00,0.0
6775888955,2016-04-18 17:00:00,0.0
6775888955,2016-04-18 18:00:00,0.0
6775888955,2016-04-18 19:00:00,0.0
6775888955,2016-04-18 20:00:00,0.0
6775888955,2016-04-18 21:00:00,0.0
6775888955,2016-04-18 22:00:00,0.0
6775888955,2016-04-18 23:00:00,0.0
6775888955,2016-04-19 00:00:00,0.0
6775888955,2016-04-19 01:00:00,0.0
6775888955,2016-04-19 02:00:00,0.0
6775888955,2016-04-19 03:00:00,0.0
6775888955,2016-04-19 04:00:00,0.0
6775888955,2016-04-19 05:00:00,0.0
6775888955,2016-04-19 06:00:00,0.0
6775888955,2016-04-19 07:00:00,0.0
6775888955,2016-04-19 08:00:00,0.0
6775888955,2016-04-19 09:00:00,0.0
6775888955,2016-04-19 10:00:00,0.0
6775888955,2016-04-19 11:00:00,0.0
6775888955,2016-04-19 12:00:00,0.0
6775888955,2016-04-19 13:00:00,0.0
6775888955,2016-04-19 14:00:00,0.0
6775888955,2016-04-19 15:00:00,0.0
6775888955,2016-04-19 16:00:00,0.0
6775888955,2016-04-19 17:00:00,0.0
6775888955,2016-04-19 18:00:00,0.0
6775888955,2016-04-19 19:00:00,0.0
6775888955,2016-04-19 20:00:00,0.0
6775888955,2016-04-19 21:00:00,0.0
6775888955,2016-04-19 22:00:00,0.0
6775888955,2016-04-19 23:00:00,0.0
6775888955,2016-04-20 00:00:00,0.0
6775888955,2016-04-20 01:00:00,0.0
6775888955,2016-04-20 02:00:00,0.0
6775888955,2016-04-20 03:00:00,0.0
6775888955,2016-04-20 04:00:00,0.0
6775888955,2016-04-20 05:00:00,0.0
6775888955,2016-04-20 06:00:00,858.0
6775888955,2016-04-20 07:00:00,1012.0
6775888955,2016-04-20 08:00:00,806.0
6775888955,2016-04-20 09:00:00,410.0
6775888955,2016-04-20 10:00:00,711.0
6775888955,2016-04-20 11:00:00,1135.0
6775888955,2016-04-20 12:00:00,1008.0
6775888955,2016-04-20 13:00:00,1334.0
6775888955,2016-04-20 14:00:00,990.0
6775888955,2016-04-20 15:00:00,392.0
6775888955,2016-04-20 16:00:00,1707.0
6775888955,2016-04-20 17:00:00,222.0
6775888955,2016-04-20 18:00:00,186.0
6775888955,2016-04-20 19:00:00,0.0
6775888955,2016-04-20 20:00:00,0.0
6775888955,2016-04-20 21:00:00,0.0
6775888955,2016-04-20 22:00:00,0.0
6775888955,2016-04-20 23:00:00,0.0
6775888955,2016-04-21 00:00:00,0.0
6775888955,2016-04-21 01:00:00,0.0
6775888955,2016-04-21 02:00:00,0.0
6775888955,2016-04-21 03:00:00,0.0
6775888955,2016-04-21 04:00:00,0.0
6775888955,2016-04-21 05:00:00,0.0
6775888955,2016-04-21 06:00:00,0.0
6775888955,2016-04-21 07:00:00,0.0
6775888955,2016-04-21 08:00:00,0.0
6775888955,2016-04-21 09:00:00,0.0
6775888955,2016-04-21 10:00:00,0.0
6775888955,2016-04-21 11:00:00,0.0
6775888955,2016-04-21 12:00:00,0.0
6775888955,2016-04-21 13:00:00,0.0
6775888955,2016-04-21 14:00:00,0.0
6775888955,2016-04-21 15:00:00,0.0
6775888955,2016-04-21 16:00:00,0.0
6775888955,2016-04-21 17:00:00,0.0
6775888955,2016-04-21 18:00:00,0.0
6775888955,2016-04-21 19:00:00,0.0
6775888955,2016-04-21 20:00:00,0.0
6775888955,2016-04-21 21:00:00,0.0
6775888955,2016-04-21 22:00:00,0.0
6775888955,2016-04-21 23:00:00,0.0
6775888955,2016-04-22 00:00:00,0.0
6775888955,2016-04-22 01:00:00,0.0
6775888955,2016-04-22 02:00:00,0.0
6775888955,2016-04-22 03:00:00,0.0
6775888955,2016-04-22 04:00:00,0.0
6775888955,2016-04-22 05:00:00,0.0
6775888955,2016-04-22 06:00:00,0.0
6775888955,2016-04-22 07:00:00,43.0
6775888955,2016-04-22 08:00:00,594.0
6775888955,2016-04-22 09:00:00,0.0
6775888955,2016-04-22 10:00:00,0.0
6775888955,2016-04-22 11:00:00,0.0
6775888955,2016-04-22 12:00:00,0.0
6775888955,2016-04-22 13:00:00,0.0
6775888955,2016-04-22 14:00:00,0.0
6775888955,2016-04-22 15:00:00,0.0
6775888955,2016-04-22 16:00:00,0.0
6775888955,2016-04-22 17:00:00,0.0
6775888955,2016-04-22 18:00:00,0.0
6775888955,2016-04-22 19:00:00,0.0
6775888955,2016-04-22 20:00:00,0.0
6775888955,2016-04-22 21:00:00,0.0
6775888955,2016-04-22 22:00:00,0.0
6775888955,2016-04-22 23:00:00,0.0
6775888955,2016-04-23 00:00:00,0.0
6775888955,2016-04-23 01:00:00,0.0
6775888955,2016-04-23 02:00:00,0.0
6775888955,2016-04-23 03:00:00,0.0
6775888955,2016-04-23 04:00:00,0.0
6775888955,2016-04-23 05:00:00,0.0
6775888955,2016-04-23 06:00:00,0.0
6775888955,2016-04-23 07:00:00,0.0
6775888955,2016-04-23 08:00:00,0.0
6775888955,2016-04-23 09:00:00,0.0
6775888955,2016-04-23 10:00:00,0.0
6775888955,2016-04-23 11:00:00,0.0
6775888955,2016-04-23 12:00:00,0.0
6775888955,2016-04-23 13:00:00,0.0
6775888955,2016-04-23 14:00:00,0.0
6775888955,2016-04-23 15:00:00,0.0
6775888955,2016-04-23 16:00:00,0.0
6775888955,2016-04-23 17:00:00,0.0
6775888955,2016-04-23 18:00:00,0.0
6775888955,2016-04-23 19:00:00,0.0
6775888955,2016-04-23 20:00:00,0.0
6775888955,2016-04-23 21:00:00,0.0
6775888955,2016-04-23 22:00:00,0.0
6775888955,2016-04-23 23:00:00,0.0
6775888955,2016-04-24 00:00:00,0.0
6775888955,2016-04-24 01:00:00,0.0
6775888955,2016-04-24 02:00:00,0.0
6775888955,2016-04-24 03:00:00,0.0
6775888955,2016-04-24 04:00:00,0.0
6775888955,2016-04-24 05:00:00,0.0
6775888955,2016-04-24 06:00:00,0.0
6775888955,2016-04-24 07:00:00,0.0
6775888955,2016-04-24 08:00:00,0.0
6775888955,2016-04-24 09:00:00,0.0
6775888955,2016-04-24 10:00:00,0.0
6775888955,2016-04-24 11:00:00,742.0
6775888955,2016-04-24 12:00:00,0.0
6775888955,2016-04-24 13:00:00,0.0
6775888955,2016-04-24 14:00:00,0.0
6775888955,2016-04-24 15:00:00,0.0
6775888955,2016-04-24 16:00:00,0.0
6775888955,2016-04-24 17:00:00,0.0
6775888955,2016-04-24 18:00:00,1411.0
6775888955,2016-04-24 19:00:00,0.0
6775888955,2016-04-24 20:00:00,0.0
6775888955,2016-04-24 21:00:00,0.0
6775888955,2016-04-24 22:00:00,0.0
6775888955,2016-04-24 23:00:00,0.0
6775888955,2016-04-25 00:00:00,0.0
6775888955,2016-04-25 01:00:00,0.0
6775888955,2016-04-25 02:00:00,0.0
6775888955,2016-04-25 03:00:00,0.0
6775888955,2016-04-25 04:00:00,0.0
6775888955,2016-04-25 05:00:00,0.0
6775888955,2016-04-25 06:00:00,0.0
6775888955,2016-04-25 07:00:00,0.0
6775888955,2016-04-25 08:00:00,0.0
6775888955,2016-04-25 09:00:00,1272.0
6775888955,2016-04-25 10:00:00,719.0
6775888955,2016-04-25 11:00:00,1008.0
6775888955,2016-04-25 12:00:00,2719.0
6775888955,2016-04-25 13:00:00,745.0
6775888955,2016-04-25 14:00:00,0.0
6775888955,2016-04-25 15:00:00,0.0
6775888955,2016-04-25 16:00:00,0.0
6775888955,2016-04-25 17:00:00,0.0
6775888955,2016-04-25 18:00:00,0.0
6775888955,2016-04-25 19:00:00,0.0
6775888955,2016-04-25 20:00:00,0.0
6775888955,2016-04-25 21:00:00,0.0
6775888955,2016-04-25 22:00:00,0.0
6775888955,2016-04-25 23:00:00,0.0
6775888955,2016-04-26 00:00:00,0.0
6775888955,2016-04-26 01:00:00,0.0
6775888955,2016-04-26 02:00:00,0.0
6775888955,2016-04-26 03:00:00,0.0
6775888955,2016-04-26 04:00:00,0.0
6775888955,2016-04-26 05:00:00,2127.0
6775888955,2016-04-26 06:00:00,3241.0
6775888955,2016-04-26 07:00:00,0.0
6775888955,2016-04-26 08:00:00,755.0
6775888955,2016-04-26 09:00:00,74.0
6775888955,2016-04-26 10:00:00,0.0
6775888955,2016-04-26 11:00:00,0.0
6775888955,2016-04-26 12:00:00,0.0
6775888955,2016-04-26 13:00:00,0.0
6775888955,2016-04-26 14:00:00,0.0
6775888955,2016-04-26 15:00:00,0.0
6775888955,2016-04-26 16:00:00,0.0
6775888955,2016-04-26 17:00:00,0.0
6775888955,2016-04-26 18:00:00,281.0
6775888955,2016-04-26 19:00:00,613.0
6775888955,2016-04-26 20:00:00,0.0
6775888955,2016-04-26 21:00:00,0.0
6775888955,2016-04-26 22:00:00,0.0
6775888955,2016-04-26 23:00:00,0.0
6775888955,2016-04-27 00:00:00,0.0
6775888955,2016-04-27 01:00:00,0.0
6775888955,2016-04-27 02:00:00,0.0
6775888955,2016-04-27 03:00:00,0.0
6775888955,2016-04-27 04:00:00,0.0
6775888955,2016-04-27 05:00:00,0.0
6775888955,2016-04-27 06:00:00,0.0
6775888955,2016-04-27 07:00:00,0.0
6775888955,2016-04-27 08:00:00,0.0
6775888955,2016-04-27 09:00:00,0.0
6775888955,2016-04-27 10:00:00,0.0
6775888955,2016-04-27 11:00:00,0.0
6775888955,2016-04-27 12:00:00,0.0
6775888955,2016-04-27 13:00:00,0.0
6775888955,2016-04-27 14:00:00,0.0
6775888955,2016-04-27 15:00:00,0.0
6775888955,2016-04-27 16:00:00,0.0
6775888955,2016-04-27 17:00:00,0.0
6775888955,2016-04-27 18:00:00,0.0
6775888955,2016-04-27 19:00:00,0.0
6775888955,2016-04-27 20:00:00,0.0
6775888955,2016-04-27 21:00:00,0.0
6775888955,2016-04-27 22:00:00,0.0
6775888955,2016-04-27 23:00:00,0.0
6775888955,2016-04-28 00:00:00,0.0
6775888955,2016-04-28 01:00:00,0.0
6775888955,2016-04-28 02:00:00,0.0
6775888955,2016-04-28 03:00:00,0.0
6775888955,2016-04-28 04:00:00,0.0
6775888955,2016-04-28 05:00:00,0.0
6775888955,2016-04-28 06:00:00,0.0
6775888955,2016-04-28 07:00:00,0.0
6775888955,2016-04-28 08:00:00,0.0
6775888955,2016-04-28 09:00:00,0.0
6775888955,2016-04-28 10:00:00,0.0
6775888955,2016-04-28 11:00:00,0.0
6775888955,2016-04-28 12:00:00,0.0
6775888955,2016-04-28 13:00:00,88.0
6775888955,2016-04-28 14:00:00,615.0
6775888955,2016-04-28 15:00:00,0.0
6775888955,2016-04-28 16:00:00,0.0
6775888955,2016-04-28 17:00:00,0.0
6775888955,2016-04-28 18:00:00,0.0
6775888955,2016-04-28 19:00:00,0.0
6775888955,2016-04-28 20:00:00,0.0
6775888955,2016-04-28 21:00:00,0.0
6775888955,2016-04-28 22:00:00,0.0
6775888955,2016-04-28 23:00:00,0.0
6775888955,2016-04-29 00:00:00,0.0
6775888955,2016-04-29 01:00:00,0.0
6775888955,2016-04-29 02:00:00,0.0
6775888955,2016-04-29 03:00:00,0.0
6775888955,2016-04-29 04:00:00,0.0
6775888955,2016-04-29 05:00:00,0.0
6775888955,2016-04-29 06:00:00,0.0
6775888955,2016-04-29 07:00:00,0.0
6775888955,2016-04-29 08:00:00,0.0
6775888955,2016-04-29 09:00:00,0.0
6775888955,2016-04-29 10:00:00,0.0
6775888955,2016-04-29 11:00:00,0.0
6775888955,2016-04-29 12:00:00,0.0
6775888955,2016-04-29 13:00:00,0.0
6775888955,2016-04-29 14:00:00,0.0
6775888955,2016-04-29 15:00:00,0.0
6775888955,2016-04-29 16:00:00,0.0
6775888955,2016-04-29 17:00:00,0.0
6775888955,2016-04-29 18:00:00,0.0
6775888955,2016-04-29 19:00:00,0.0
6775888955,2016-04-29 20:00:00,0.0
6775888955,2016-04-29 21:00:00,0.0
6775888955,2016-04-29 22:00:00,0.0
6775888955,2016-04-29 23:00:00,0.0
6775888955,2016-04-30 00:00:00,0.0
6775888955,2016-04-30 01:00:00,0.0
6775888955,2016-04-30 02:00:00,0.0
6775888955,2016-04-30 03:00:00,0.0
6775888955,2016-04-30 04:00:00,0.0
6775888955,2016-04-30 05:00:00,0.0
6775888955,2016-04-30 06:00:00,0.0
6775888955,2016-04-30 07:00:00,0.0
6775888955,2016-04-30 08:00:00,0.0
6775888955,2016-04-30 09:00:00,0.0
6775888955,2016-04-30 10:00:00,0.0
6775888955,2016-04-30 11:00:00,0.0
6775888955,2016-04-30 12:00:00,0.0
6775888955,2016-04-30 13:00:00,0.0
6775888955,2016-04-30 14:00:00,0.0
6775888955,2016-04-30 15:00:00,0.0
6775888955,2016-04-30 16:00:00,0.0
6775888955,2016-04-30 17:00:00,0.0
6775888955,2016-04-30 18:00:00,0.0
6775888955,2016-04-30 19:00:00,715.0
6775888955,2016-04-30 20:00:00,5.0
6775888955,2016-04-30 21:00:00,828.0
6775888955,2016-04-30 22:00:00,270.0
6775888955,2016-04-30 23:00:00,685.0
6775888955,2016-05-01 00:00:00,422.0
6775888955,2016-05-01 01:00:00,0.0
6775888955,2016-05-01 02:00:00,0.0
6775888955,2016-05-01 03:00:00,0.0
6775888955,2016-05-01 04:00:00,0.0
6775888955,2016-05-01 05:00:00,0.0
6775888955,2016-05-01 06:00:00,0.0
6775888955,2016-05-01 07:00:00,0.0
6775888955,2016-05-01 08:00:00,0.0
6775888955,2016-05-01 09:00:00,0.0
6775888955,2016-05-01 10:00:00,0.0
6775888955,2016-05-01 11:00:00,0.0
6775888955,2016-05-01 12:00:00,550.0
6775888955,2016-05-01 13:00:00,305.0
6775888955,2016-05-01 14:00:00,0.0
6775888955,2016-05-01 15:00:00,0.0
6775888955,2016-05-01 16:00:00,208.0
6775888955,2016-05-01 17:00:00,1002.0
6775888955,2016-05-01 18:00:00,0.0
6775888955,2016-05-01 19:00:00,0.0
6775888955,2016-05-01 20:00:00,0.0
6775888955,2016-05-01 21:00:00,0.0
6775888955,2016-05-01 22:00:00,0.0
6775888955,2016-05-01 23:00:00,0.0
6775888955,2016-05-02 00:00:00,0.0
6775888955,2016-05-02 01:00:00,0.0
6775888955,2016-05-02 02:00:00,0.0
6775888955,2016-05-02 03:00:00,0.0
6775888955,2016-05-02 04:00:00,0.0
6775888955,2016-05-02 05:00:00,0.0
6775888955,2016-05-02 06:00:00,0.0
6775888955,2016-05-02 07:00:00,0.0
6775888955,2016-05-02 08:00:00,0.0
6775888955,2016-05-02 09:00:00,0.0
6775888955,2016-05-02 10:00:00,0.0
6775888955,2016-05-02 11:00:00,0.0
6775888955,2016-05-02 12:00:00,0.0
6775888955,2016-05-02 13:00:00,0.0
6775888955,2016-05-02 14:00:00,0.0
6775888955,2016-05-02 15:00:00,0.0
6775888955,2016-05-02 16:00:00,0.0
6775888955,2016-05-02 17:00:00,0.0
6775888955,2016-05-02 18:00:00,0.0
6775888955,2016-05-02 19:00:00,0.0
6775888955,2016-05-02 20:00:00,0.0
6775888955,2016-05-02 21:00:00,0.0
6775888955,2016-05-02 22:00:00,0.0
6775888955,2016-05-02 23:00:00,0.0
6775888955,2016-05-03 00:00:00,0.0
6775888955,2016-05-03 01:00:00,0.0
6775888955,2016-05-03 02:00:00,0.0
6775888955,2016-05-03 03:00:00,0.0
6775888955,2016-05-03 04:00:00,0.0
6775888955,2016-05-03 05:00:00,0.0
6775888955,2016-05-03 06:00:00,0.0
6775888955,2016-05-03 07:00:00,0.0
6775888955,2016-05-03 08:00:00,0.0
6775888955,2016-05-03 09:00:00,0.0
6775888955,2016-05-03 10:00:00,0.0
6775888955,2016-05-03 11:00:00,0.0
6775888955,2016-05-03 12:00:00,0.0
6775888955,2016-05-03 13:00:00,0.0
6775888955,2016-05-03 14:00:00,0.0
6775888955,2016-05-03 15:00:00,0.0
6775888955,2016-05-03 16:00:00,0.0
6775888955,2016-05-03 17:00:00,0.0
6775888955,2016-05-03 18:00:00,0.0
6775888955,2016-05-03 19:00:00,0.0
6775888955,2016-05-03 20:00:00,0.0
6775888955,2016-05-03 21:00:00,0.0
6775888955,2016-05-03 22:00:00,9.0
6775888955,2016-05-03 23:00:00,0.0
6775888955,2016-05-04 00:00:00,0.0
6775888955,2016-05-04 01:00:00,0.0
6775888955,2016-05-04 02:00:00,0.0
6775888955,2016-05-04 03:00:00,0.0
6775888955,2016-05-04 04:00:00,0.0
6775888955,2016-05-04 05:00:00,0.0
6775888955,2016-05-04 06:00:00,0.0
6775888955,2016-05-04 07:00:00,0.0
6775888955,2016-05-04 08:00:00,0.0
6775888955,2016-05-04 09:00:00,0.0
6775888955,2016-05-04 10:00:00,0.0
6775888955,2016-05-04 11:00:00,0.0
6775888955,2016-05-04 12:00:00,0.0
6775888955,2016-05-04 13:00:00,0.0
6775888955,2016-05-04 14:00:00,0.0
6775888955,2016-05-04 15:00:00,0.0
6775888955,2016-05-04 16:00:00,0.0
6775888955,2016-05-04 17:00:00,0.0
6775888955,2016-05-04 18:00:00,0.0
6775888955,2016-05-04 19:00:00,0.0
6775888955,2016-05-04 20:00:00,0.0
6775888955,2016-05-04 21:00:00,0.0
6775888955,2016-05-04 22:00:00,0.0
6775888955,2016-05-04 23:00:00,0.0
6775888955,2016-05-05 00:00:00,0.0
6775888955,2016-05-05 01:00:00,0.0
6775888955,2016-05-05 02:00:00,0.0
6775888955,2016-05-05 03:00:00,0.0
6775888955,2016-05-05 04:00:00,0.0
6775888955,2016-05-05 05:00:00,0.0
6775888955,2016-05-05 06:00:00,0.0
6775888955,2016-05-05 07:00:00,0.0
6775888955,2016-05-05 08:00:00,0.0
6775888955,2016-05-05 09:00:00,0.0
6775888955,2016-05-05 10:00:00,0.0
6775888955,2016-05-05 11:00:00,0.0
6775888955,2016-05-05 12:00:00,0.0
6775888955,2016-05-05 13:00:00,0.0
6775888955,2016-05-05 14:00:00,0.0
6775888955,2016-05-05 15:00:00,0.0
6775888955,2016-05-05 16:00:00,0.0
6775888955,2016-05-05 17:00:00,0.0
6775888955,2016-05-05 18:00:00,0.0
6775888955,2016-05-05 19:00:00,0.0
6775888955,2016-05-05 20:00:00,0.0
6775888955,2016-05-05 21:00:00,0.0
6775888955,2016-05-05 22:00:00,0.0
6775888955,2016-05-05 23:00:00,0.0
6775888955,2016-05-06 00:00:00,0.0
6775888955,2016-05-06 01:00:00,0.0
6775888955,2016-05-06 02:00:00,0.0
6775888955,2016-05-06 03:00:00,0.0
6775888955,2016-05-06 04:00:00,0.0
6775888955,2016-05-06 05:00:00,0.0
6775888955,2016-05-06 06:00:00,0.0
6775888955,2016-05-06 07:00:00,0.0
6775888955,2016-05-06 08:00:00,0.0
6775888955,2016-05-06 09:00:00,0.0
6775888955,2016-05-06 10:00:00,0.0
6775888955,2016-05-06 11:00:00,0.0
6775888955,2016-05-06 12:00:00,0.0
6775888955,2016-05-06 13:00:00,0.0
6775888955,2016-05-06 14:00:00,0.0
6775888955,2016-05-06 15:00:00,0.0
6775888955,2016-05-06 16:00:00,0.0
6775888955,2016-05-06 17:00:00,0.0
6775888955,2016-05-06 18:00:00,614.0
6775888955,2016-05-06 19:00:00,338.0
6775888955,2016-05-06 20:00:00,596.0
6775888955,2016-05-06 21:00:00,1500.0
6775888955,2016-05-06 22:00:00,1021.0
6775888955,2016-05-06 23:00:00,573.0
6775888955,2016-05-07 00:00:00,557.0
6775888955,2016-05-07 01:00:00,0.0
6775888955,2016-05-07 02:00:00,0.0
6775888955,2016-05-07 03:00:00,0.0
6775888955,2016-05-07 04:00:00,0.0
6775888955,2016-05-07 05:00:00,0.0
6775888955,2016-05-07 06:00:00,0.0
6775888955,2016-05-07 07:00:00,585.0
6775888955,2016-05-07 08:00:00,738.0
6775888955,2016-05-07 09:00:00,12.0
6962181067,2016-04-12 00:00:00,32.0
6962181067,2016-04-12 01:00:00,0.0
6962181067,2016-04-12 02:00:00,0.0
6962181067,2016-04-12 03:00:00,0.0
6962181067,2016-04-12 04:00:00,0.0
6962181067,2016-04-12 05:00:00,0.0
6962181067,2016-04-12 06:00:00,21.0
6962181067,2016-04-12 07:00:00,412.0
6962181067,2016-04-12 08:00:00,156.0
6962181067,2016-04-12 09:00:00,2812.0
6962181067,2016-04-12 10:00:00,2477.0
6962181067,2016-04-12 11:00:00,431.0
6962181067,2016-04-12 12:00:00,128.0
6962181067,2016-04-12 13:00:00,26.0
6962181067,2016-04-12 14:00:00,76.0
6962181067,2016-04-12 15:00:00,214.0
6962181067,2016-04-12 16:00:00,382.0
6962181067,2016-04-12 17:00:00,333.0
6962181067,2016-04-12 18:00:00,936.0
6962181067,2016-04-12 19:00:00,1717.0
6962181067,2016-04-12 20:00:00,0.0
6962181067,2016-04-12 21:00:00,0.0
6962181067,2016-04-12 22:00:00,4.0
6962181067,2016-04-12 23:00:00,42.0
6962181067,2016-04-13 00:00:00,16.0
6962181067,2016-04-13 01:00:00,34.0
6962181067,2016-04-13 02:00:00,0.0
6962181067,2016-04-13 03:00:00,9.0
6962181067,2016-04-13 04:00:00,27.0
6962181067,2016-04-13 05:00:00,0.0
6962181067,2016-04-13 06:00:00,0.0
6962181067,2016-04-13 07:00:00,0.0
6962181067,2016-04-13 08:00:00,54.0
6962181067,2016-04-13 09:00:00,51.0
6962181067,2016-04-13 10:00:00,0.0
6962181067,2016-04-13 11:00:00,0.0
6962181067,2016-04-13 12:00:00,108.0
6962181067,2016-04-13 13:00:00,81.0
6962181067,2016-04-13 14:00:00,45.0
6962181067,2016-04-13 15:00:00,616.0
6962181067,2016-04-13 16:00:00,197.0
6962181067,2016-04-13 17:00:00,1754.0
6962181067,2016-04-13 18:00:00,1696.0
6962181067,2016-04-13 19:00:00,78.0
6962181067,2016-04-13 20:00:00,658.0
6962181067,2016-04-13 21:00:00,18.0
6962181067,2016-04-13 22:00:00,185.0
6962181067,2016-04-13 23:00:00,25.0
6962181067,2016-04-14 00:00:00,0.0
6962181067,2016-04-14 01:00:00,29.0
6962181067,2016-04-14 02:00:00,0.0
6962181067,2016-04-14 03:00:00,8.0
6962181067,2016-04-14 04:00:00,0.0
6962181067,2016-04-14 05:00:00,0.0
6962181067,2016-04-14 06:00:00,34.0
6962181067,2016-04-14 07:00:00,0.0
6962181067,2016-04-14 08:00:00,116.0
6962181067,2016-04-14 09:00:00,293.0
6962181067,2016-04-14 10:00:00,4.0
6962181067,2016-04-14 11:00:00,54.0
6962181067,2016-04-14 12:00:00,171.0
6962181067,2016-04-14 13:00:00,33.0
6962181067,2016-04-14 14:00:00,30.0
6962181067,2016-04-14 15:00:00,177.0
6962181067,2016-04-14 16:00:00,60.0
6962181067,2016-04-14 17:00:00,215.0
6962181067,2016-04-14 18:00:00,24.0
6962181067,2016-04-14 19:00:00,24.0
6962181067,2016-04-14 20:00:00,107.0
6962181067,2016-04-14 21:00:00,0.0
6962181067,2016-04-14 22:00:00,165.0
6962181067,2016-04-14 23:00:00,7.0
6962181067,2016-04-15 00:00:00,36.0
6962181067,2016-04-15 01:00:00,0.0
6962181067,2016-04-15 02:00:00,0.0
6962181067,2016-04-15 03:00:00,7.0
6962181067,2016-04-15 04:00:00,0.0
6962181067,2016-04-15 05:00:00,0.0
6962181067,2016-04-15 06:00:00,26.0
6962181067,2016-04-15 07:00:00,1158.0
6962181067,2016-04-15 08:00:00,551.0
6962181067,2016-04-15 09:00:00,1109.0
6962181067,2016-04-15 10:00:00,19.0
6962181067,2016-04-15 11:00:00,1151.0
6962181067,2016-04-15 12:00:00,444.0
6962181067,2016-04-15 13:00:00,0.0
6962181067,2016-04-15 14:00:00,207.0
6962181067,2016-04-15 15:00:00,43.0
6962181067,2016-04-15 16:00:00,0.0
6962181067,2016-04-15 17:00:00,82.0
6962181067,2016-04-15 18:00:00,557.0
6962181067,2016-04-15 19:00:00,41.0
6962181067,2016-04-15 20:00:00,61.0
6962181067,2016-04-15 21:00:00,0.0
6962181067,2016-04-15 22:00:00,47.0
6962181067,2016-04-15 23:00:00,24.0
6962181067,2016-04-16 00:00:00,6.0
6962181067,2016-04-16 01:00:00,22.0
6962181067,2016-04-16 02:00:00,0.0
6962181067,2016-04-16 03:00:00,6.0
6962181067,2016-04-16 04:00:00,0.0
6962181067,2016-04-16 05:00:00,0.0
6962181067,2016-04-16 06:00:00,0.0
6962181067,2016-04-16 07:00:00,79.0
6962181067,2016-04-16 08:00:00,902.0
6962181067,2016-04-16 09:00:00,5692.0
6962181067,2016-04-16 10:00:00,837.0
6962181067,2016-04-16 11:00:00,925.0
6962181067,2016-04-16 12:00:00,632.0
6962181067,2016-04-16 13:00:00,187.0
6962181067,2016-04-16 14:00:00,17.0
6962181067,2016-04-16 15:00:00,504.0
6962181067,2016-04-16 16:00:00,273.0
6962181067,2016-04-16 17:00:00,538.0
6962181067,2016-04-16 18:00:00,569.0
6962181067,2016-04-16 19:00:00,1274.0
6962181067,2016-04-16 20:00:00,635.0
6962181067,2016-04-16 21:00:00,0.0
6962181067,2016-04-16 22:00:00,72.0
6962181067,2016-04-16 23:00:00,47.0
6962181067,2016-04-17 00:00:00,5.0
6962181067,2016-04-17 01:00:00,0.0
6962181067,2016-04-17 02:00:00,30.0
6962181067,2016-04-17 03:00:00,0.0
6962181067,2016-04-17 04:00:00,0.0
6962181067,2016-04-17 05:00:00,0.0
6962181067,2016-04-17 06:00:00,0.0
6962181067,2016-04-17 07:00:00,201.0
6962181067,2016-04-17 08:00:00,1055.0
6962181067,2016-04-17 09:00:00,112.0
6962181067,2016-04-17 10:00:00,1095.0
6962181067,2016-04-17 11:00:00,353.0
6962181067,2016-04-17 12:00:00,1095.0
6962181067,2016-04-17 13:00:00,292.0
6962181067,2016-04-17 14:00:00,153.0
6962181067,2016-04-17 15:00:00,2012.0
6962181067,2016-04-17 16:00:00,1125.0
6962181067,2016-04-17 17:00:00,502.0
6962181067,2016-04-17 18:00:00,1035.0
6962181067,2016-04-17 19:00:00,1038.0
6962181067,2016-04-17 20:00:00,0.0
6962181067,2016-04-17 21:00:00,0.0
6962181067,2016-04-17 22:00:00,42.0
6962181067,2016-04-17 23:00:00,0.0
6962181067,2016-04-18 00:00:00,0.0
6962181067,2016-04-18 01:00:00,0.0
6962181067,2016-04-18 02:00:00,0.0
6962181067,2016-04-18 03:00:00,22.0
6962181067,2016-04-18 04:00:00,0.0
6962181067,2016-04-18 05:00:00,0.0
6962181067,2016-04-18 06:00:00,12.0
6962181067,2016-04-18 07:00:00,586.0
6962181067,2016-04-18 08:00:00,456.0
6962181067,2016-04-18 09:00:00,215.0
6962181067,2016-04-18 10:00:00,304.0
6962181067,2016-04-18 11:00:00,4988.0
6962181067,2016-04-18 12:00:00,1276.0
6962181067,2016-04-18 13:00:00,67.0
6962181067,2016-04-18 14:00:00,0.0
6962181067,2016-04-18 15:00:00,687.0
6962181067,2016-04-18 16:00:00,1162.0
6962181067,2016-04-18 17:00:00,696.0
6962181067,2016-04-18 18:00:00,278.0
6962181067,2016-04-18 19:00:00,602.0
6962181067,2016-04-18 20:00:00,0.0
6962181067,2016-04-18 21:00:00,0.0
6962181067,2016-04-18 22:00:00,48.0
6962181067,2016-04-18 23:00:00,5.0
6962181067,2016-04-19 00:00:00,6.0
6962181067,2016-04-19 01:00:00,0.0
6962181067,2016-04-19 02:00:00,23.0
6962181067,2016-04-19 03:00:00,0.0
6962181067,2016-04-19 04:00:00,0.0
6962181067,2016-04-19 05:00:00,0.0
6962181067,2016-04-19 06:00:00,0.0
6962181067,2016-04-19 07:00:00,0.0
6962181067,2016-04-19 08:00:00,659.0
6962181067,2016-04-19 09:00:00,1360.0
6962181067,2016-04-19 10:00:00,4083.0
6962181067,2016-04-19 11:00:00,94.0
6962181067,2016-04-19 12:00:00,45.0
6962181067,2016-04-19 13:00:00,258.0
6962181067,2016-04-19 14:00:00,40.0
6962181067,2016-04-19 15:00:00,921.0
6962181067,2016-04-19 16:00:00,1510.0
6962181067,2016-04-19 17:00:00,1284.0
6962181067,2016-04-19 18:00:00,170.0
6962181067,2016-04-19 19:00:00,143.0
6962181067,2016-04-19 20:00:00,87.0
6962181067,2016-04-19 21:00:00,22.0
6962181067,2016-04-19 22:00:00,6.0
6962181067,2016-04-19 23:00:00,31.0
6962181067,2016-04-20 00:00:00,0.0
6962181067,2016-04-20 01:00:00,0.0
6962181067,2016-04-20 02:00:00,0.0
6962181067,2016-04-20 03:00:00,0.0
6962181067,2016-04-20 04:00:00,0.0
6962181067,2016-04-20 05:00:00,0.0
6962181067,2016-04-20 06:00:00,0.0
6962181067,2016-04-20 07:00:00,625.0
6962181067,2016-04-20 08:00:00,735.0
6962181067,2016-04-20 09:00:00,3837.0
6962181067,2016-04-20 10:00:00,3089.0
6962181067,2016-04-20 11:00:00,693.0
6962181067,2016-04-20 12:00:00,2022.0
6962181067,2016-04-20 13:00:00,0.0
6962181067,2016-04-20 14:00:00,194.0
6962181067,2016-04-20 15:00:00,1397.0
6962181067,2016-04-20 16:00:00,4.0
6962181067,2016-04-20 17:00:00,254.0
6962181067,2016-04-20 18:00:00,411.0
6962181067,2016-04-20 19:00:00,65.0
6962181067,2016-04-20 20:00:00,525.0
6962181067,2016-04-20 21:00:00,14.0
6962181067,2016-04-20 22:00:00,51.0
6962181067,2016-04-20 23:00:00,12.0
6962181067,2016-04-21 00:00:00,0.0
6962181067,2016-04-21 01:00:00,0.0
6962181067,2016-04-21 02:00:00,0.0
6962181067,2016-04-21 03:00:00,0.0
6962181067,2016-04-21 04:00:00,0.0
6962181067,2016-04-21 05:00:00,4.0
6962181067,2016-04-21 06:00:00,0.0
6962181067,2016-04-21 07:00:00,815.0
6962181067,2016-04-21 08:00:00,240.0
6962181067,2016-04-21 09:00:00,1802.0
6962181067,2016-04-21 10:00:00,3120.0
6962181067,2016-04-21 11:00:00,667.0
6962181067,2016-04-21 12:00:00,3935.0
6962181067,2016-04-21 13:00:00,0.0
6962181067,2016-04-21 14:00:00,95.0
6962181067,2016-04-21 15:00:00,9.0
6962181067,2016-04-21 16:00:00,564.0
6962181067,2016-04-21 17:00:00,155.0
6962181067,2016-04-21 18:00:00,383.0
6962181067,2016-04-21 19:00:00,6.0
6962181067,2016-04-21 20:00:00,20.0
6962181067,2016-04-21 21:00:00,0.0
6962181067,2016-04-21 22:00:00,20.0
6962181067,2016-04-21 23:00:00,0.0
6962181067,2016-04-22 00:00:00,0.0
6962181067,2016-04-22 01:00:00,0.0
6962181067,2016-04-22 02:00:00,0.0
6962181067,2016-04-22 03:00:00,0.0
6962181067,2016-04-22 04:00:00,0.0
6962181067,2016-04-22 05:00:00,0.0
6962181067,2016-04-22 06:00:00,7.0
6962181067,2016-04-22 07:00:00,818.0
6962181067,2016-04-22 08:00:00,180.0
6962181067,2016-04-22 09:00:00,3301.0
6962181067,2016-04-22 10:00:00,755.0
6962181067,2016-04-22 11:00:00,788.0
6962181067,2016-04-22 12:00:00,2193.0
6962181067,2016-04-22 13:00:00,17.0
6962181067,2016-04-22 14:00:00,271.0
6962181067,2016-04-22 15:00:00,170.0
6962181067,2016-04-22 16:00:00,716.0
6962181067,2016-04-22 17:00:00,579.0
6962181067,2016-04-22 18:00:00,338.0
6962181067,2016-04-22 19:00:00,495.0
6962181067,2016-04-22 20:00:00,29.0
6962181067,2016-04-22 21:00:00,36.0
6962181067,2016-04-22 22:00:00,32.0
6962181067,2016-04-22 23:00:00,0.0
6962181067,2016-04-23 00:00:00,0.0
6962181067,2016-04-23 01:00:00,0.0
6962181067,2016-04-23 02:00:00,0.0
6962181067,2016-04-23 03:00:00,0.0
6962181067,2016-04-23 04:00:00,0.0
6962181067,2016-04-23 05:00:00,0.0
6962181067,2016-04-23 06:00:00,0.0
6962181067,2016-04-23 07:00:00,7.0
6962181067,2016-04-23 08:00:00,650.0
6962181067,2016-04-23 09:00:00,5890.0
6962181067,2016-04-23 10:00:00,292.0
6962181067,2016-04-23 11:00:00,189.0
6962181067,2016-04-23 12:00:00,445.0
6962181067,2016-04-23 13:00:00,250.0
6962181067,2016-04-23 14:00:00,1209.0
6962181067,2016-04-23 15:00:00,884.0
6962181067,2016-04-23 16:00:00,2124.0
6962181067,2016-04-23 17:00:00,3353.0
6962181067,2016-04-23 18:00:00,619.0
6962181067,2016-04-23 19:00:00,1858.0
6962181067,2016-04-23 20:00:00,790.0
6962181067,2016-04-23 21:00:00,713.0
6962181067,2016-04-23 22:00:00,87.0
6962181067,2016-04-23 23:00:00,671.0
6962181067,2016-04-24 00:00:00,0.0
6962181067,2016-04-24 01:00:00,0.0
6962181067,2016-04-24 02:00:00,0.0
6962181067,2016-04-24 03:00:00,0.0
6962181067,2016-04-24 04:00:00,0.0
6962181067,2016-04-24 05:00:00,0.0
6962181067,2016-04-24 06:00:00,0.0
6962181067,2016-04-24 07:00:00,9.0
6962181067,2016-04-24 08:00:00,22.0
6962181067,2016-04-24 09:00:00,572.0
6962181067,2016-04-24 10:00:00,614.0
6962181067,2016-04-24 11:00:00,372.0
6962181067,2016-04-24 12:00:00,546.0
6962181067,2016-04-24 13:00:00,135.0
6962181067,2016-04-24 14:00:00,42.0
6962181067,2016-04-24 15:00:00,4.0
6962181067,2016-04-24 16:00:00,869.0
6962181067,2016-04-24 17:00:00,621.0
6962181067,2016-04-24 18:00:00,378.0
6962181067,2016-04-24 19:00:00,225.0
6962181067,2016-04-24 20:00:00,300.0
6962181067,2016-04-24 21:00:00,219.0
6962181067,2016-04-24 22:00:00,101.0
6962181067,2016-04-24 23:00:00,0.0
6962181067,2016-04-25 00:00:00,0.0
6962181067,2016-04-25 01:00:00,0.0
6962181067,2016-04-25 02:00:00,0.0
6962181067,2016-04-25 03:00:00,0.0
6962181067,2016-04-25 04:00:00,11.0
6962181067,2016-04-25 05:00:00,0.0
6962181067,2016-04-25 06:00:00,0.0
6962181067,2016-04-25 07:00:00,1330.0
6962181067,2016-04-25 08:00:00,1225.0
6962181067,2016-04-25 09:00:00,868.0
6962181067,2016-04-25 10:00:00,3636.0
6962181067,2016-04-25 11:00:00,521.0
6962181067,2016-04-25 12:00:00,895.0
6962181067,2016-04-25 13:00:00,0.0
6962181067,2016-04-25 14:00:00,253.0
6962181067,2016-04-25 15:00:00,293.0
6962181067,2016-04-25 16:00:00,857.0
6962181067,2016-04-25 17:00:00,2818.0
6962181067,2016-04-25 18:00:00,285.0
6962181067,2016-04-25 19:00:00,130.0
6962181067,2016-04-25 20:00:00,14.0
6962181067,2016-04-25 21:00:00,8.0
6962181067,2016-04-25 22:00:00,95.0
6962181067,2016-04-25 23:00:00,0.0
6962181067,2016-04-26 00:00:00,0.0
6962181067,2016-04-26 01:00:00,7.0
6962181067,2016-04-26 02:00:00,0.0
6962181067,2016-04-26 03:00:00,0.0
6962181067,2016-04-26 04:00:00,0.0
6962181067,2016-04-26 05:00:00,0.0
6962181067,2016-04-26 06:00:00,188.0
6962181067,2016-04-26 07:00:00,514.0
6962181067,2016-04-26 08:00:00,429.0
6962181067,2016-04-26 09:00:00,501.0
6962181067,2016-04-26 10:00:00,665.0
6962181067,2016-04-26 11:00:00,832.0
6962181067,2016-04-26 12:00:00,5110.0
6962181067,2016-04-26 13:00:00,22.0
6962181067,2016-04-26 14:00:00,58.0
6962181067,2016-04-26 15:00:00,323.0
6962181067,2016-04-26 16:00:00,251.0
6962181067,2016-04-26 17:00:00,161.0
6962181067,2016-04-26 18:00:00,857.0
6962181067,2016-04-26 19:00:00,299.0
6962181067,2016-04-26 20:00:00,216.0
6962181067,2016-04-26 21:00:00,0.0
6962181067,2016-04-26 22:00:00,0.0
6962181067,2016-04-26 23:00:00,0.0
6962181067,2016-04-27 00:00:00,0.0
6962181067,2016-04-27 01:00:00,0.0
6962181067,2016-04-27 02:00:00,0.0
6962181067,2016-04-27 03:00:00,8.0
6962181067,2016-04-27 04:00:00,0.0
6962181067,2016-04-27 05:00:00,0.0
6962181067,2016-04-27 06:00:00,77.0
6962181067,2016-04-27 07:00:00,660.0
6962181067,2016-04-27 08:00:00,588.0
6962181067,2016-04-27 09:00:00,259.0
6962181067,2016-04-27 10:00:00,441.0
6962181067,2016-04-27 11:00:00,3081.0
6962181067,2016-04-27 12:00:00,371.0
6962181067,2016-04-27 13:00:00,23.0
6962181067,2016-04-27 14:00:00,71.0
6962181067,2016-04-27 15:00:00,0.0
6962181067,2016-04-27 16:00:00,816.0
6962181067,2016-04-27 17:00:00,620.0
6962181067,2016-04-27 18:00:00,799.0
6962181067,2016-04-27 19:00:00,1229.0
6962181067,2016-04-27 20:00:00,1106.0
6962181067,2016-04-27 21:00:00,50.0
6962181067,2016-04-27 22:00:00,6.0
6962181067,2016-04-27 23:00:00,115.0
6962181067,2016-04-28 00:00:00,0.0
6962181067,2016-04-28 01:00:00,4.0
6962181067,2016-04-28 02:00:00,38.0
6962181067,2016-04-28 03:00:00,0.0
6962181067,2016-04-28 04:00:00,0.0
6962181067,2016-04-28 05:00:00,0.0
6962181067,2016-04-28 06:00:00,0.0
6962181067,2016-04-28 07:00:00,0.0
6962181067,2016-04-28 08:00:00,632.0
6962181067,2016-04-28 09:00:00,901.0
6962181067,2016-04-28 10:00:00,775.0
6962181067,2016-04-28 11:00:00,1226.0
6962181067,2016-04-28 12:00:00,3769.0
6962181067,2016-04-28 13:00:00,1469.0
6962181067,2016-04-28 14:00:00,168.0
6962181067,2016-04-28 15:00:00,851.0
6962181067,2016-04-28 16:00:00,394.0
6962181067,2016-04-28 17:00:00,1313.0
6962181067,2016-04-28 18:00:00,410.0
6962181067,2016-04-28 19:00:00,543.0
6962181067,2016-04-28 20:00:00,134.0
6962181067,2016-04-28 21:00:00,0.0
6962181067,2016-04-28 22:00:00,0.0
6962181067,2016-04-28 23:00:00,0.0
6962181067,2016-04-29 00:00:00,0.0
6962181067,2016-04-29 01:00:00,0.0
6962181067,2016-04-29 02:00:00,0.0
6962181067,2016-04-29 03:00:00,0.0
6962181067,2016-04-29 04:00:00,0.0
6962181067,2016-04-29 05:00:00,0.0
6962181067,2016-04-29 06:00:00,82.0
6962181067,2016-04-29 07:00:00,582.0
6962181067,2016-04-29 08:00:00,649.0
6962181067,2016-04-29 09:00:00,1162.0
6962181067,2016-04-29 10:00:00,1345.0
6962181067,2016-04-29 11:00:00,697.0
6962181067,2016-04-29 12:00:00,2129.0
6962181067,2016-04-29 13:00:00,100.0
6962181067,2016-04-29 14:00:00,89.0
6962181067,2016-04-29 15:00:00,587.0
6962181067,2016-04-29 16:00:00,737.0
6962181067,2016-04-29 17:00:00,526.0
6962181067,2016-04-29 18:00:00,979.0
6962181067,2016-04-29 19:00:00,433.0
6962181067,2016-04-29 20:00:00,560.0
6962181067,2016-04-29 21:00:00,77.0
6962181067,2016-04-29 22:00:00,0.0
6962181067,2016-04-29 23:00:00,28.0
6962181067,2016-04-30 00:00:00,0.0
6962181067,2016-04-30 01:00:00,7.0
6962181067,2016-04-30 02:00:00,0.0
6962181067,2016-04-30 03:00:00,0.0
6962181067,2016-04-30 04:00:00,0.0
6962181067,2016-04-30 05:00:00,0.0
6962181067,2016-04-30 06:00:00,0.0
6962181067,2016-04-30 07:00:00,0.0
6962181067,2016-04-30 08:00:00,10.0
6962181067,2016-04-30 09:00:00,572.0
6962181067,2016-04-30 10:00:00,3293.0
6962181067,2016-04-30 11:00:00,736.0
6962181067,2016-04-30 12:00:00,613.0
6962181067,2016-04-30 13:00:00,824.0
6962181067,2016-04-30 14:00:00,676.0
6962181067,2016-04-30 15:00:00,271.0
6962181067,2016-04-30 16:00:00,0.0
6962181067,2016-04-30 17:00:00,407.0
6962181067,2016-04-30 18:00:00,686.0
6962181067,2016-04-30 19:00:00,384.0
6962181067,2016-04-30 20:00:00,1602.0
6962181067,2016-04-30 21:00:00,0.0
6962181067,2016-04-30 22:00:00,0.0
6962181067,2016-04-30 23:00:00,0.0
6962181067,2016-05-01 00:00:00,0.0
6962181067,2016-05-01 01:00:00,0.0
6962181067,2016-05-01 02:00:00,0.0
6962181067,2016-05-01 03:00:00,16.0
6962181067,2016-05-01 04:00:00,0.0
6962181067,2016-05-01 05:00:00,0.0
6962181067,2016-05-01 06:00:00,0.0
6962181067,2016-05-01 07:00:00,0.0
6962181067,2016-05-01 08:00:00,667.0
6962181067,2016-05-01 09:00:00,289.0
6962181067,2016-05-01 10:00:00,1647.0
6962181067,2016-05-01 11:00:00,295.0
6962181067,2016-05-01 12:00:00,205.0
6962181067,2016-05-01 13:00:00,139.0
6962181067,2016-05-01 14:00:00,181.0
6962181067,2016-05-01 15:00:00,163.0
6962181067,2016-05-01 16:00:00,25.0
6962181067,2016-05-01 17:00:00,468.0
6962181067,2016-05-01 18:00:00,544.0
6962181067,2016-05-01 19:00:00,740.0
6962181067,2016-05-01 20:00:00,31.0
6962181067,2016-05-01 21:00:00,40.0
6962181067,2016-05-01 22:00:00,4.0
6962181067,2016-05-01 23:00:00,0.0
6962181067,2016-05-02 00:00:00,0.0
6962181067,2016-05-02 01:00:00,6.0
6962181067,2016-05-02 02:00:00,0.0
6962181067,2016-05-02 03:00:00,0.0
6962181067,2016-05-02 04:00:00,29.0
6962181067,2016-05-02 05:00:00,0.0
6962181067,2016-05-02 06:00:00,68.0
6962181067,2016-05-02 07:00:00,1123.0
6962181067,2016-05-02 08:00:00,517.0
6962181067,2016-05-02 09:00:00,1469.0
6962181067,2016-05-02 10:00:00,752.0
6962181067,2016-05-02 11:00:00,528.0
6962181067,2016-05-02 12:00:00,1937.0
6962181067,2016-05-02 13:00:00,20.0
6962181067,2016-05-02 14:00:00,149.0
6962181067,2016-05-02 15:00:00,430.0
6962181067,2016-05-02 16:00:00,737.0
6962181067,2016-05-02 17:00:00,1006.0
6962181067,2016-05-02 18:00:00,1385.0
6962181067,2016-05-02 19:00:00,2368.0
6962181067,2016-05-02 20:00:00,50.0
6962181067,2016-05-02 21:00:00,44.0
6962181067,2016-05-02 22:00:00,178.0
6962181067,2016-05-02 23:00:00,116.0
6962181067,2016-05-03 00:00:00,0.0
6962181067,2016-05-03 01:00:00,28.0
6962181067,2016-05-03 02:00:00,0.0
6962181067,2016-05-03 03:00:00,0.0
6962181067,2016-05-03 04:00:00,67.0
6962181067,2016-05-03 05:00:00,0.0
6962181067,2016-05-03 06:00:00,6.0
6962181067,2016-05-03 07:00:00,1058.0
6962181067,2016-05-03 08:00:00,1083.0
6962181067,2016-05-03 09:00:00,111.0
6962181067,2016-05-03 10:00:00,1181.0
6962181067,2016-05-03 11:00:00,1729.0
6962181067,2016-05-03 12:00:00,3053.0
6962181067,2016-05-03 13:00:00,1702.0
6962181067,2016-05-03 14:00:00,213.0
6962181067,2016-05-03 15:00:00,577.0
6962181067,2016-05-03 16:00:00,391.0
6962181067,2016-05-03 17:00:00,88.0
6962181067,2016-05-03 18:00:00,306.0
6962181067,2016-05-03 19:00:00,121.0
6962181067,2016-05-03 20:00:00,308.0
6962181067,2016-05-03 21:00:00,74.0
6962181067,2016-05-03 22:00:00,13.0
6962181067,2016-05-03 23:00:00,0.0
6962181067,2016-05-04 00:00:00,0.0
6962181067,2016-05-04 01:00:00,23.0
6962181067,2016-05-04 02:00:00,10.0
6962181067,2016-05-04 03:00:00,0.0
6962181067,2016-05-04 04:00:00,9.0
6962181067,2016-05-04 05:00:00,0.0
6962181067,2016-05-04 06:00:00,58.0
6962181067,2016-05-04 07:00:00,628.0
6962181067,2016-05-04 08:00:00,710.0
6962181067,2016-05-04 09:00:00,1066.0
6962181067,2016-05-04 10:00:00,1809.0
6962181067,2016-05-04 11:00:00,1621.0
6962181067,2016-05-04 12:00:00,455.0
6962181067,2016-05-04 13:00:00,0.0
6962181067,2016-05-04 14:00:00,61.0
6962181067,2016-05-04 15:00:00,294.0
6962181067,2016-05-04 16:00:00,308.0
6962181067,2016-05-04 17:00:00,521.0
6962181067,2016-05-04 18:00:00,731.0
6962181067,2016-05-04 19:00:00,1094.0
6962181067,2016-05-04 20:00:00,602.0
6962181067,2016-05-04 21:00:00,0.0
6962181067,2016-05-04 22:00:00,91.0
6962181067,2016-05-04 23:00:00,56.0
6962181067,2016-05-05 00:00:00,0.0
6962181067,2016-05-05 01:00:00,10.0
6962181067,2016-05-05 02:00:00,0.0
6962181067,2016-05-05 03:00:00,0.0
6962181067,2016-05-05 04:00:00,0.0
6962181067,2016-05-05 05:00:00,0.0
6962181067,2016-05-05 06:00:00,33.0
6962181067,2016-05-05 07:00:00,7.0
6962181067,2016-05-05 08:00:00,817.0
6962181067,2016-05-05 09:00:00,663.0
6962181067,2016-05-05 10:00:00,730.0
6962181067,2016-05-05 11:00:00,606.0
6962181067,2016-05-05 12:00:00,769.0
6962181067,2016-05-05 13:00:00,16.0
6962181067,2016-05-05 14:00:00,157.0
6962181067,2016-05-05 15:00:00,446.0
6962181067,2016-05-05 16:00:00,727.0
6962181067,2016-05-05 17:00:00,731.0
6962181067,2016-05-05 18:00:00,819.0
6962181067,2016-05-05 19:00:00,3673.0
6962181067,2016-05-05 20:00:00,320.0
6962181067,2016-05-05 21:00:00,0.0
6962181067,2016-05-05 22:00:00,0.0
6962181067,2016-05-05 23:00:00,0.0
6962181067,2016-05-06 00:00:00,7.0
6962181067,2016-05-06 01:00:00,0.0
6962181067,2016-05-06 02:00:00,0.0
6962181067,2016-05-06 03:00:00,0.0
6962181067,2016-05-06 04:00:00,0.0
6962181067,2016-05-06 05:00:00,0.0
6962181067,2016-05-06 06:00:00,0.0
6962181067,2016-05-06 07:00:00,493.0
6962181067,2016-05-06 08:00:00,897.0
6962181067,2016-05-06 09:00:00,422.0
6962181067,2016-05-06 10:00:00,58.0
6962181067,2016-05-06 11:00:00,145.0
6962181067,2016-05-06 12:00:00,297.0
6962181067,2016-05-06 13:00:00,252.0
6962181067,2016-05-06 14:00:00,93.0
6962181067,2016-05-06 15:00:00,7.0
6962181067,2016-05-06 16:00:00,258.0
6962181067,2016-05-06 17:00:00,417.0
6962181067,2016-05-06 18:00:00,682.0
6962181067,2016-05-06 19:00:00,67.0
6962181067,2016-05-06 20:00:00,587.0
6962181067,2016-05-06 21:00:00,480.0
6962181067,2016-05-06 22:00:00,584.0
6962181067,2016-05-06 23:00:00,162.0
6962181067,2016-05-07 00:00:00,13.0
6962181067,2016-05-07 01:00:00,175.0
6962181067,2016-05-07 02:00:00,285.0
6962181067,2016-05-07 03:00:00,75.0
6962181067,2016-05-07 04:00:00,56.0
6962181067,2016-05-07 05:00:00,0.0
6962181067,2016-05-07 06:00:00,101.0
6962181067,2016-05-07 07:00:00,0.0
6962181067,2016-05-07 08:00:00,49.0
6962181067,2016-05-07 09:00:00,573.0
6962181067,2016-05-07 10:00:00,153.0
6962181067,2016-05-07 11:00:00,763.0
6962181067,2016-05-07 12:00:00,125.0
6962181067,2016-05-07 13:00:00,462.0
6962181067,2016-05-07 14:00:00,264.0
6962181067,2016-05-07 15:00:00,0.0
6962181067,2016-05-07 16:00:00,387.0
6962181067,2016-05-07 17:00:00,318.0
6962181067,2016-05-07 18:00:00,681.0
6962181067,2016-05-07 19:00:00,1026.0
6962181067,2016-05-07 20:00:00,502.0
6962181067,2016-05-07 21:00:00,294.0
6962181067,2016-05-07 22:00:00,319.0
6962181067,2016-05-07 23:00:00,194.0
6962181067,2016-05-08 00:00:00,0.0
6962181067,2016-05-08 01:00:00,0.0
6962181067,2016-05-08 02:00:00,0.0
6962181067,2016-05-08 03:00:00,0.0
6962181067,2016-05-08 04:00:00,87.0
6962181067,2016-05-08 05:00:00,4.0
6962181067,2016-05-08 06:00:00,0.0
6962181067,2016-05-08 07:00:00,0.0
6962181067,2016-05-08 08:00:00,5.0
6962181067,2016-05-08 09:00:00,48.0
6962181067,2016-05-08 10:00:00,771.0
6962181067,2016-05-08 11:00:00,569.0
6962181067,2016-05-08 12:00:00,429.0
6962181067,2016-05-08 13:00:00,53.0
6962181067,2016-05-08 14:00:00,106.0
6962181067,2016-05-08 15:00:00,196.0
6962181067,2016-05-08 16:00:00,1465.0
6962181067,2016-05-08 17:00:00,396.0
6962181067,2016-05-08 18:00:00,36.0
6962181067,2016-05-08 19:00:00,0.0
6962181067,2016-05-08 20:00:00,0.0
6962181067,2016-05-08 21:00:00,0.0
6962181067,2016-05-08 22:00:00,0.0
6962181067,2016-05-08 23:00:00,23.0
6962181067,2016-05-09 00:00:00,0.0
6962181067,2016-05-09 01:00:00,0.0
6962181067,2016-05-09 02:00:00,0.0
6962181067,2016-05-09 03:00:00,0.0
6962181067,2016-05-09 04:00:00,0.0
6962181067,2016-05-09 05:00:00,0.0
6962181067,2016-05-09 06:00:00,0.0
6962181067,2016-05-09 07:00:00,15.0
6962181067,2016-05-09 08:00:00,886.0
6962181067,2016-05-09 09:00:00,1322.0
6962181067,2016-05-09 10:00:00,4203.0
6962181067,2016-05-09 11:00:00,690.0
6962181067,2016-05-09 12:00:00,383.0
6962181067,2016-05-09 13:00:00,106.0
6962181067,2016-05-09 14:00:00,169.0
6962181067,2016-05-09 15:00:00,14.0
6962181067,2016-05-09 16:00:00,116.0
6962181067,2016-05-09 17:00:00,890.0
6962181067,2016-05-09 18:00:00,100.0
6962181067,2016-05-09 19:00:00,3269.0
6962181067,2016-05-09 20:00:00,52.0
6962181067,2016-05-09 21:00:00,52.0
6962181067,2016-05-09 22:00:00,75.0
6962181067,2016-05-09 23:00:00,0.0
6962181067,2016-05-10 00:00:00,35.0
6962181067,2016-05-10 01:00:00,11.0
6962181067,2016-05-10 02:00:00,6.0
6962181067,2016-05-10 03:00:00,0.0
6962181067,2016-05-10 04:00:00,0.0
6962181067,2016-05-10 05:00:00,0.0
6962181067,2016-05-10 06:00:00,36.0
6962181067,2016-05-10 07:00:00,2175.0
6962181067,2016-05-10 08:00:00,445.0
6962181067,2016-05-10 09:00:00,2491.0
6962181067,2016-05-10 10:00:00,4269.0
6962181067,2016-05-10 11:00:00,888.0
6962181067,2016-05-10 12:00:00,129.0
6962181067,2016-05-10 13:00:00,17.0
6962181067,2016-05-10 14:00:00,122.0
6962181067,2016-05-10 15:00:00,250.0
6962181067,2016-05-10 16:00:00,1460.0
6962181067,2016-05-10 17:00:00,1740.0
6962181067,2016-05-10 18:00:00,750.0
6962181067,2016-05-10 19:00:00,532.0
6962181067,2016-05-10 20:00:00,0.0
6962181067,2016-05-10 21:00:00,13.0
6962181067,2016-05-10 22:00:00,72.0
6962181067,2016-05-10 23:00:00,7.0
6962181067,2016-05-11 00:00:00,0.0
6962181067,2016-05-11 01:00:00,0.0
6962181067,2016-05-11 02:00:00,0.0
6962181067,2016-05-11 03:00:00,0.0
6962181067,2016-05-11 04:00:00,0.0
6962181067,2016-05-11 05:00:00,22.0
6962181067,2016-05-11 06:00:00,0.0
6962181067,2016-05-11 07:00:00,50.0
6962181067,2016-05-11 08:00:00,713.0
6962181067,2016-05-11 09:00:00,2873.0
6962181067,2016-05-11 10:00:00,481.0
6962181067,2016-05-11 11:00:00,403.0
6962181067,2016-05-11 12:00:00,394.0
6962181067,2016-05-11 13:00:00,0.0
6962181067,2016-05-11 14:00:00,31.0
6962181067,2016-05-11 15:00:00,421.0
6962181067,2016-05-11 16:00:00,440.0
6962181067,2016-05-11 17:00:00,152.0
6962181067,2016-05-11 18:00:00,79.0
6962181067,2016-05-11 19:00:00,265.0
6962181067,2016-05-11 20:00:00,134.0
6962181067,2016-05-11 21:00:00,156.0
6962181067,2016-05-11 22:00:00,99.0
6962181067,2016-05-11 23:00:00,9.0
6962181067,2016-05-12 00:00:00,0.0
6962181067,2016-05-12 01:00:00,41.0
6962181067,2016-05-12 02:00:00,0.0
6962181067,2016-05-12 03:00:00,0.0
6962181067,2016-05-12 04:00:00,0.0
6962181067,2016-05-12 05:00:00,0.0
6962181067,2016-05-12 06:00:00,0.0
6962181067,2016-05-12 07:00:00,0.0
6962181067,2016-05-12 08:00:00,644.0
6962181067,2016-05-12 09:00:00,585.0
6962181067,2016-05-12 10:00:00,1599.0
6962181067,2016-05-12 11:00:00,700.0
7007744171,2016-04-12 00:00:00,0.0
7007744171,2016-04-12 01:00:00,0.0
7007744171,2016-04-12 02:00:00,0.0
7007744171,2016-04-12 03:00:00,0.0
7007744171,2016-04-12 04:00:00,0.0
7007744171,2016-04-12 05:00:00,0.0
7007744171,2016-04-12 06:00:00,881.0
7007744171,2016-04-12 07:00:00,3855.0
7007744171,2016-04-12 08:00:00,3383.0
7007744171,2016-04-12 09:00:00,706.0
7007744171,2016-04-12 10:00:00,972.0
7007744171,2016-04-12 11:00:00,491.0
7007744171,2016-04-12 12:00:00,153.0
7007744171,2016-04-12 13:00:00,375.0
7007744171,2016-04-12 14:00:00,123.0
7007744171,2016-04-12 15:00:00,397.0
7007744171,2016-04-12 16:00:00,1363.0
7007744171,2016-04-12 17:00:00,914.0
7007744171,2016-04-12 18:00:00,268.0
7007744171,2016-04-12 19:00:00,291.0
7007744171,2016-04-12 20:00:00,0.0
7007744171,2016-04-12 21:00:00,0.0
7007744171,2016-04-12 22:00:00,0.0
7007744171,2016-04-12 23:00:00,0.0
7007744171,2016-04-13 00:00:00,0.0
7007744171,2016-04-13 01:00:00,0.0
7007744171,2016-04-13 02:00:00,0.0
7007744171,2016-04-13 03:00:00,0.0
7007744171,2016-04-13 04:00:00,0.0
7007744171,2016-04-13 05:00:00,7.0
7007744171,2016-04-13 06:00:00,1329.0
7007744171,2016-04-13 07:00:00,448.0
7007744171,2016-04-13 08:00:00,5806.0
7007744171,2016-04-13 09:00:00,1169.0
7007744171,2016-04-13 10:00:00,281.0
7007744171,2016-04-13 11:00:00,693.0
7007744171,2016-04-13 12:00:00,332.0
7007744171,2016-04-13 13:00:00,283.0
7007744171,2016-04-13 14:00:00,163.0
7007744171,2016-04-13 15:00:00,352.0
7007744171,2016-04-13 16:00:00,1391.0
7007744171,2016-04-13 17:00:00,229.0
7007744171,2016-04-13 18:00:00,233.0
7007744171,2016-04-13 19:00:00,89.0
7007744171,2016-04-13 20:00:00,57.0
7007744171,2016-04-13 21:00:00,0.0
7007744171,2016-04-13 22:00:00,0.0
7007744171,2016-04-13 23:00:00,0.0
7007744171,2016-04-14 00:00:00,0.0
7007744171,2016-04-14 01:00:00,0.0
7007744171,2016-04-14 02:00:00,0.0
7007744171,2016-04-14 03:00:00,0.0
7007744171,2016-04-14 04:00:00,0.0
7007744171,2016-04-14 05:00:00,0.0
7007744171,2016-04-14 06:00:00,1349.0
7007744171,2016-04-14 07:00:00,427.0
7007744171,2016-04-14 08:00:00,4014.0
7007744171,2016-04-14 09:00:00,627.0
7007744171,2016-04-14 10:00:00,93.0
7007744171,2016-04-14 11:00:00,772.0
7007744171,2016-04-14 12:00:00,364.0
7007744171,2016-04-14 13:00:00,25.0
7007744171,2016-04-14 14:00:00,24.0
7007744171,2016-04-14 15:00:00,366.0
7007744171,2016-04-14 16:00:00,276.0
7007744171,2016-04-14 17:00:00,157.0
7007744171,2016-04-14 18:00:00,952.0
7007744171,2016-04-14 19:00:00,1452.0
7007744171,2016-04-14 20:00:00,238.0
7007744171,2016-04-14 21:00:00,43.0
7007744171,2016-04-14 22:00:00,0.0
7007744171,2016-04-14 23:00:00,0.0
7007744171,2016-04-15 00:00:00,0.0
7007744171,2016-04-15 01:00:00,0.0
7007744171,2016-04-15 02:00:00,0.0
7007744171,2016-04-15 03:00:00,0.0
7007744171,2016-04-15 04:00:00,0.0
7007744171,2016-04-15 05:00:00,0.0
7007744171,2016-04-15 06:00:00,934.0
7007744171,2016-04-15 07:00:00,832.0
7007744171,2016-04-15 08:00:00,832.0
7007744171,2016-04-15 09:00:00,342.0
7007744171,2016-04-15 10:00:00,741.0
7007744171,2016-04-15 11:00:00,634.0
7007744171,2016-04-15 12:00:00,319.0
7007744171,2016-04-15 13:00:00,43.0
7007744171,2016-04-15 14:00:00,24.0
7007744171,2016-04-15 15:00:00,105.0
7007744171,2016-04-15 16:00:00,168.0
7007744171,2016-04-15 17:00:00,270.0
7007744171,2016-04-15 18:00:00,29.0
7007744171,2016-04-15 19:00:00,0.0
7007744171,2016-04-15 20:00:00,0.0
7007744171,2016-04-15 21:00:00,0.0
7007744171,2016-04-15 22:00:00,0.0
7007744171,2016-04-15 23:00:00,0.0
7007744171,2016-04-16 00:00:00,0.0
7007744171,2016-04-16 01:00:00,0.0
7007744171,2016-04-16 02:00:00,0.0
7007744171,2016-04-16 03:00:00,0.0
7007744171,2016-04-16 04:00:00,0.0
7007744171,2016-04-16 05:00:00,0.0
7007744171,2016-04-16 06:00:00,70.0
7007744171,2016-04-16 07:00:00,662.0
7007744171,2016-04-16 08:00:00,107.0
7007744171,2016-04-16 09:00:00,350.0
7007744171,2016-04-16 10:00:00,196.0
7007744171,2016-04-16 11:00:00,254.0
7007744171,2016-04-16 12:00:00,67.0
7007744171,2016-04-16 13:00:00,165.0
7007744171,2016-04-16 14:00:00,0.0
7007744171,2016-04-16 15:00:00,164.0
7007744171,2016-04-16 16:00:00,590.0
7007744171,2016-04-16 17:00:00,833.0
7007744171,2016-04-16 18:00:00,592.0
7007744171,2016-04-16 19:00:00,325.0
7007744171,2016-04-16 20:00:00,231.0
7007744171,2016-04-16 21:00:00,25.0
7007744171,2016-04-16 22:00:00,0.0
7007744171,2016-04-16 23:00:00,0.0
7007744171,2016-04-17 00:00:00,0.0
7007744171,2016-04-17 01:00:00,0.0
7007744171,2016-04-17 02:00:00,0.0
7007744171,2016-04-17 03:00:00,0.0
7007744171,2016-04-17 04:00:00,0.0
7007744171,2016-04-17 05:00:00,0.0
7007744171,2016-04-17 06:00:00,422.0
7007744171,2016-04-17 07:00:00,1818.0
7007744171,2016-04-17 08:00:00,850.0
7007744171,2016-04-17 09:00:00,1575.0
7007744171,2016-04-17 10:00:00,618.0
7007744171,2016-04-17 11:00:00,343.0
7007744171,2016-04-17 12:00:00,112.0
7007744171,2016-04-17 13:00:00,224.0
7007744171,2016-04-17 14:00:00,0.0
7007744171,2016-04-17 15:00:00,188.0
7007744171,2016-04-17 16:00:00,608.0
7007744171,2016-04-17 17:00:00,476.0
7007744171,2016-04-17 18:00:00,410.0
7007744171,2016-04-17 19:00:00,336.0
7007744171,2016-04-17 20:00:00,79.0
7007744171,2016-04-17 21:00:00,0.0
7007744171,2016-04-17 22:00:00,0.0
7007744171,2016-04-17 23:00:00,0.0
7007744171,2016-04-18 00:00:00,0.0
7007744171,2016-04-18 01:00:00,0.0
7007744171,2016-04-18 02:00:00,0.0
7007744171,2016-04-18 03:00:00,0.0
7007744171,2016-04-18 04:00:00,0.0
7007744171,2016-04-18 05:00:00,0.0
7007744171,2016-04-18 06:00:00,885.0
7007744171,2016-04-18 07:00:00,477.0
7007744171,2016-04-18 08:00:00,5974.0
7007744171,2016-04-18 09:00:00,1536.0
7007744171,2016-04-18 10:00:00,2724.0
7007744171,2016-04-18 11:00:00,261.0
7007744171,2016-04-18 12:00:00,215.0
7007744171,2016-04-18 13:00:00,147.0
7007744171,2016-04-18 14:00:00,234.0
7007744171,2016-04-18 15:00:00,832.0
7007744171,2016-04-18 16:00:00,1002.0
7007744171,2016-04-18 17:00:00,91.0
7007744171,2016-04-18 18:00:00,17.0
7007744171,2016-04-18 19:00:00,291.0
7007744171,2016-04-18 20:00:00,47.0
7007744171,2016-04-18 21:00:00,44.0
7007744171,2016-04-18 22:00:00,39.0
7007744171,2016-04-18 23:00:00,0.0
7007744171,2016-04-19 00:00:00,0.0
7007744171,2016-04-19 01:00:00,0.0
7007744171,2016-04-19 02:00:00,0.0
7007744171,2016-04-19 03:00:00,0.0
7007744171,2016-04-19 04:00:00,0.0
7007744171,2016-04-19 05:00:00,0.0
7007744171,2016-04-19 06:00:00,493.0
7007744171,2016-04-19 07:00:00,2076.0
7007744171,2016-04-19 08:00:00,5287.0
7007744171,2016-04-19 09:00:00,823.0
7007744171,2016-04-19 10:00:00,526.0
7007744171,2016-04-19 11:00:00,601.0
7007744171,2016-04-19 12:00:00,186.0
7007744171,2016-04-19 13:00:00,0.0
7007744171,2016-04-19 14:00:00,187.0
7007744171,2016-04-19 15:00:00,310.0
7007744171,2016-04-19 16:00:00,301.0
7007744171,2016-04-19 17:00:00,1127.0
7007744171,2016-04-19 18:00:00,678.0
7007744171,2016-04-19 19:00:00,1396.0
7007744171,2016-04-19 20:00:00,171.0
7007744171,2016-04-19 21:00:00,32.0
7007744171,2016-04-19 22:00:00,0.0
7007744171,2016-04-19 23:00:00,0.0
7007744171,2016-04-20 00:00:00,0.0
7007744171,2016-04-20 01:00:00,0.0
7007744171,2016-04-20 02:00:00,0.0
7007744171,2016-04-20 03:00:00,0.0
7007744171,2016-04-20 04:00:00,0.0
7007744171,2016-04-20 05:00:00,0.0
7007744171,2016-04-20 06:00:00,819.0
7007744171,2016-04-20 07:00:00,591.0
7007744171,2016-04-20 08:00:00,6017.0
7007744171,2016-04-20 09:00:00,1066.0
7007744171,2016-04-20 10:00:00,77.0
7007744171,2016-04-20 11:00:00,707.0
7007744171,2016-04-20 12:00:00,473.0
7007744171,2016-04-20 13:00:00,885.0
7007744171,2016-04-20 14:00:00,502.0
7007744171,2016-04-20 15:00:00,101.0
7007744171,2016-04-20 16:00:00,435.0
7007744171,2016-04-20 17:00:00,434.0
7007744171,2016-04-20 18:00:00,1025.0
7007744171,2016-04-20 19:00:00,1301.0
7007744171,2016-04-20 20:00:00,1133.0
7007744171,2016-04-20 21:00:00,0.0
7007744171,2016-04-20 22:00:00,0.0
7007744171,2016-04-20 23:00:00,0.0
7007744171,2016-04-21 00:00:00,0.0
7007744171,2016-04-21 01:00:00,0.0
7007744171,2016-04-21 02:00:00,0.0
7007744171,2016-04-21 03:00:00,0.0
7007744171,2016-04-21 04:00:00,0.0
7007744171,2016-04-21 05:00:00,0.0
7007744171,2016-04-21 06:00:00,1097.0
7007744171,2016-04-21 07:00:00,701.0
7007744171,2016-04-21 08:00:00,5377.0
7007744171,2016-04-21 09:00:00,1512.0
7007744171,2016-04-21 10:00:00,915.0
7007744171,2016-04-21 11:00:00,187.0
7007744171,2016-04-21 12:00:00,364.0
7007744171,2016-04-21 13:00:00,1038.0
7007744171,2016-04-21 14:00:00,413.0
7007744171,2016-04-21 15:00:00,570.0
7007744171,2016-04-21 16:00:00,555.0
7007744171,2016-04-21 17:00:00,411.0
7007744171,2016-04-21 18:00:00,252.0
7007744171,2016-04-21 19:00:00,246.0
7007744171,2016-04-21 20:00:00,36.0
7007744171,2016-04-21 21:00:00,70.0
7007744171,2016-04-21 22:00:00,0.0
7007744171,2016-04-21 23:00:00,0.0
7007744171,2016-04-22 00:00:00,0.0
7007744171,2016-04-22 01:00:00,0.0
7007744171,2016-04-22 02:00:00,0.0
7007744171,2016-04-22 03:00:00,0.0
7007744171,2016-04-22 04:00:00,0.0
7007744171,2016-04-22 05:00:00,0.0
7007744171,2016-04-22 06:00:00,424.0
7007744171,2016-04-22 07:00:00,390.0
7007744171,2016-04-22 08:00:00,5545.0
7007744171,2016-04-22 09:00:00,1489.0
7007744171,2016-04-22 10:00:00,62.0
7007744171,2016-04-22 11:00:00,367.0
7007744171,2016-04-22 12:00:00,301.0
7007744171,2016-04-22 13:00:00,236.0
7007744171,2016-04-22 14:00:00,190.0
7007744171,2016-04-22 15:00:00,266.0
7007744171,2016-04-22 16:00:00,1780.0
7007744171,2016-04-22 17:00:00,1623.0
7007744171,2016-04-22 18:00:00,383.0
7007744171,2016-04-22 19:00:00,1624.0
7007744171,2016-04-22 20:00:00,619.0
7007744171,2016-04-22 21:00:00,0.0
7007744171,2016-04-22 22:00:00,0.0
7007744171,2016-04-22 23:00:00,0.0
7007744171,2016-04-23 00:00:00,0.0
7007744171,2016-04-23 01:00:00,0.0
7007744171,2016-04-23 02:00:00,0.0
7007744171,2016-04-23 03:00:00,0.0
7007744171,2016-04-23 04:00:00,0.0
7007744171,2016-04-23 05:00:00,0.0
7007744171,2016-04-23 06:00:00,465.0
7007744171,2016-04-23 07:00:00,813.0
7007744171,2016-04-23 08:00:00,1600.0
7007744171,2016-04-23 09:00:00,124.0
7007744171,2016-04-23 10:00:00,281.0
7007744171,2016-04-23 11:00:00,2567.0
7007744171,2016-04-23 12:00:00,695.0
7007744171,2016-04-23 13:00:00,1548.0
7007744171,2016-04-23 14:00:00,0.0
7007744171,2016-04-23 15:00:00,0.0
7007744171,2016-04-23 16:00:00,0.0
7007744171,2016-04-23 17:00:00,0.0
7007744171,2016-04-23 18:00:00,0.0
7007744171,2016-04-23 19:00:00,0.0
7007744171,2016-04-23 20:00:00,0.0
7007744171,2016-04-23 21:00:00,0.0
7007744171,2016-04-23 22:00:00,0.0
7007744171,2016-04-23 23:00:00,0.0
7007744171,2016-04-24 00:00:00,0.0
7007744171,2016-04-24 01:00:00,0.0
7007744171,2016-04-24 02:00:00,0.0
7007744171,2016-04-24 03:00:00,0.0
7007744171,2016-04-24 04:00:00,0.0
7007744171,2016-04-24 05:00:00,0.0
7007744171,2016-04-24 06:00:00,472.0
7007744171,2016-04-24 07:00:00,784.0
7007744171,2016-04-24 08:00:00,757.0
7007744171,2016-04-24 09:00:00,1425.0
7007744171,2016-04-24 10:00:00,1487.0
7007744171,2016-04-24 11:00:00,451.0
7007744171,2016-04-24 12:00:00,825.0
7007744171,2016-04-24 13:00:00,1831.0
7007744171,2016-04-24 14:00:00,1364.0
7007744171,2016-04-24 15:00:00,1349.0
7007744171,2016-04-24 16:00:00,340.0
7007744171,2016-04-24 17:00:00,0.0
7007744171,2016-04-24 18:00:00,0.0
7007744171,2016-04-24 19:00:00,0.0
7007744171,2016-04-24 20:00:00,0.0
7007744171,2016-04-24 21:00:00,0.0
7007744171,2016-04-24 22:00:00,0.0
7007744171,2016-04-24 23:00:00,0.0
7007744171,2016-04-25 00:00:00,0.0
7007744171,2016-04-25 01:00:00,0.0
7007744171,2016-04-25 02:00:00,0.0
7007744171,2016-04-25 03:00:00,0.0
7007744171,2016-04-25 04:00:00,0.0
7007744171,2016-04-25 05:00:00,0.0
7007744171,2016-04-25 06:00:00,1036.0
7007744171,2016-04-25 07:00:00,2993.0
7007744171,2016-04-25 08:00:00,3802.0
7007744171,2016-04-25 09:00:00,2186.0
7007744171,2016-04-25 10:00:00,1929.0
7007744171,2016-04-25 11:00:00,163.0
7007744171,2016-04-25 12:00:00,1430.0
7007744171,2016-04-25 13:00:00,2023.0
7007744171,2016-04-25 14:00:00,319.0
7007744171,2016-04-25 15:00:00,301.0
7007744171,2016-04-25 16:00:00,58.0
7007744171,2016-04-25 17:00:00,453.0
7007744171,2016-04-25 18:00:00,784.0
7007744171,2016-04-25 19:00:00,73.0
7007744171,2016-04-25 20:00:00,679.0
7007744171,2016-04-25 21:00:00,0.0
7007744171,2016-04-25 22:00:00,0.0
7007744171,2016-04-25 23:00:00,0.0
7007744171,2016-04-26 00:00:00,0.0
7007744171,2016-04-26 01:00:00,0.0
7007744171,2016-04-26 02:00:00,0.0
7007744171,2016-04-26 03:00:00,0.0
7007744171,2016-04-26 04:00:00,0.0
7007744171,2016-04-26 05:00:00,0.0
7007744171,2016-04-26 06:00:00,923.0
7007744171,2016-04-26 07:00:00,844.0
7007744171,2016-04-26 08:00:00,153.0
7007744171,2016-04-26 09:00:00,1635.0
7007744171,2016-04-26 10:00:00,2111.0
7007744171,2016-04-26 11:00:00,1750.0
7007744171,2016-04-26 12:00:00,2674.0
7007744171,2016-04-26 13:00:00,321.0
7007744171,2016-04-26 14:00:00,190.0
7007744171,2016-04-26 15:00:00,1000.0
7007744171,2016-04-26 16:00:00,1180.0
7007744171,2016-04-26 17:00:00,640.0
7007744171,2016-04-26 18:00:00,629.0
7007744171,2016-04-26 19:00:00,97.0
7007744171,2016-04-26 20:00:00,37.0
7007744171,2016-04-26 21:00:00,160.0
7007744171,2016-04-26 22:00:00,733.0
7007744171,2016-04-26 23:00:00,13.0
7007744171,2016-04-27 00:00:00,0.0
7007744171,2016-04-27 01:00:00,0.0
7007744171,2016-04-27 02:00:00,0.0
7007744171,2016-04-27 03:00:00,0.0
7007744171,2016-04-27 04:00:00,0.0
7007744171,2016-04-27 05:00:00,0.0
7007744171,2016-04-27 06:00:00,1021.0
7007744171,2016-04-27 07:00:00,591.0
7007744171,2016-04-27 08:00:00,5165.0
7007744171,2016-04-27 09:00:00,1518.0
7007744171,2016-04-27 10:00:00,280.0
7007744171,2016-04-27 11:00:00,386.0
7007744171,2016-04-27 12:00:00,578.0
7007744171,2016-04-27 13:00:00,692.0
7007744171,2016-04-27 14:00:00,239.0
7007744171,2016-04-27 15:00:00,912.0
7007744171,2016-04-27 16:00:00,562.0
7007744171,2016-04-27 17:00:00,1067.0
7007744171,2016-04-27 18:00:00,297.0
7007744171,2016-04-27 19:00:00,143.0
7007744171,2016-04-27 20:00:00,90.0
7007744171,2016-04-27 21:00:00,0.0
7007744171,2016-04-27 22:00:00,0.0
7007744171,2016-04-27 23:00:00,0.0
7007744171,2016-04-28 00:00:00,0.0
7007744171,2016-04-28 01:00:00,0.0
7007744171,2016-04-28 02:00:00,0.0
7007744171,2016-04-28 03:00:00,0.0
7007744171,2016-04-28 04:00:00,0.0
7007744171,2016-04-28 05:00:00,0.0
7007744171,2016-04-28 06:00:00,805.0
7007744171,2016-04-28 07:00:00,715.0
7007744171,2016-04-28 08:00:00,1156.0
7007744171,2016-04-28 09:00:00,1921.0
7007744171,2016-04-28 10:00:00,3163.0
7007744171,2016-04-28 11:00:00,2669.0
7007744171,2016-04-28 12:00:00,482.0
7007744171,2016-04-28 13:00:00,897.0
7007744171,2016-04-28 14:00:00,249.0
7007744171,2016-04-28 15:00:00,152.0
7007744171,2016-04-28 16:00:00,358.0
7007744171,2016-04-28 17:00:00,203.0
7007744171,2016-04-28 18:00:00,363.0
7007744171,2016-04-28 19:00:00,1134.0
7007744171,2016-04-28 20:00:00,803.0
7007744171,2016-04-28 21:00:00,58.0
7007744171,2016-04-28 22:00:00,0.0
7007744171,2016-04-28 23:00:00,0.0
7007744171,2016-04-29 00:00:00,0.0
7007744171,2016-04-29 01:00:00,0.0
7007744171,2016-04-29 02:00:00,0.0
7007744171,2016-04-29 03:00:00,0.0
7007744171,2016-04-29 04:00:00,0.0
7007744171,2016-04-29 05:00:00,0.0
7007744171,2016-04-29 06:00:00,637.0
7007744171,2016-04-29 07:00:00,3274.0
7007744171,2016-04-29 08:00:00,3939.0
7007744171,2016-04-29 09:00:00,642.0
7007744171,2016-04-29 10:00:00,399.0
7007744171,2016-04-29 11:00:00,274.0
7007744171,2016-04-29 12:00:00,630.0
7007744171,2016-04-29 13:00:00,193.0
7007744171,2016-04-29 14:00:00,2050.0
7007744171,2016-04-29 15:00:00,616.0
7007744171,2016-04-29 16:00:00,547.0
7007744171,2016-04-29 17:00:00,1857.0
7007744171,2016-04-29 18:00:00,1051.0
7007744171,2016-04-29 19:00:00,2151.0
7007744171,2016-04-29 20:00:00,1094.0
7007744171,2016-04-29 21:00:00,713.0
7007744171,2016-04-29 22:00:00,0.0
7007744171,2016-04-29 23:00:00,0.0
7007744171,2016-04-30 00:00:00,0.0
7007744171,2016-04-30 01:00:00,0.0
7007744171,2016-04-30 02:00:00,0.0
7007744171,2016-04-30 03:00:00,0.0
7007744171,2016-04-30 04:00:00,0.0
7007744171,2016-04-30 05:00:00,0.0
7007744171,2016-04-30 06:00:00,0.0
7007744171,2016-04-30 07:00:00,197.0
7007744171,2016-04-30 08:00:00,802.0
7007744171,2016-04-30 09:00:00,485.0
7007744171,2016-04-30 10:00:00,417.0
7007744171,2016-04-30 11:00:00,298.0
7007744171,2016-04-30 12:00:00,190.0
7007744171,2016-04-30 13:00:00,513.0
7007744171,2016-04-30 14:00:00,75.0
7007744171,2016-04-30 15:00:00,21.0
7007744171,2016-04-30 16:00:00,26.0
7007744171,2016-04-30 17:00:00,339.0
7007744171,2016-04-30 18:00:00,85.0
7007744171,2016-04-30 19:00:00,82.0
7007744171,2016-04-30 20:00:00,78.0
7007744171,2016-04-30 21:00:00,130.0
7007744171,2016-04-30 22:00:00,23.0
7007744171,2016-04-30 23:00:00,0.0
7007744171,2016-05-01 00:00:00,0.0
7007744171,2016-05-01 01:00:00,0.0
7007744171,2016-05-01 02:00:00,0.0
7007744171,2016-05-01 03:00:00,0.0
7007744171,2016-05-01 04:00:00,0.0
7007744171,2016-05-01 05:00:00,0.0
7007744171,2016-05-01 06:00:00,0.0
7007744171,2016-05-01 07:00:00,649.0
7007744171,2016-05-01 08:00:00,452.0
7007744171,2016-05-01 09:00:00,651.0
7007744171,2016-05-01 10:00:00,247.0
7007744171,2016-05-01 11:00:00,36.0
7007744171,2016-05-01 12:00:00,189.0
7007744171,2016-05-01 13:00:00,1186.0
7007744171,2016-05-01 14:00:00,321.0
7007744171,2016-05-01 15:00:00,613.0
7007744171,2016-05-01 16:00:00,738.0
7007744171,2016-05-01 17:00:00,231.0
7007744171,2016-05-01 18:00:00,51.0
7007744171,2016-05-01 19:00:00,236.0
7007744171,2016-05-01 20:00:00,0.0
7007744171,2016-05-01 21:00:00,0.0
7007744171,2016-05-01 22:00:00,0.0
7007744171,2016-05-01 23:00:00,0.0
7007744171,2016-05-02 00:00:00,0.0
7007744171,2016-05-02 01:00:00,0.0
7007744171,2016-05-02 02:00:00,0.0
7007744171,2016-05-02 03:00:00,0.0
7007744171,2016-05-02 04:00:00,0.0
7007744171,2016-05-02 05:00:00,0.0
7007744171,2016-05-02 06:00:00,823.0
7007744171,2016-05-02 07:00:00,485.0
7007744171,2016-05-02 08:00:00,4937.0
7007744171,2016-05-02 09:00:00,2409.0
7007744171,2016-05-02 10:00:00,2312.0
7007744171,2016-05-02 11:00:00,426.0
7007744171,2016-05-02 12:00:00,145.0
7007744171,2016-05-02 13:00:00,93.0
7007744171,2016-05-02 14:00:00,120.0
7007744171,2016-05-02 15:00:00,180.0
7007744171,2016-05-02 16:00:00,122.0
7007744171,2016-05-02 17:00:00,693.0
7007744171,2016-05-02 18:00:00,114.0
7007744171,2016-05-02 19:00:00,152.0
7007744171,2016-05-02 20:00:00,6.0
7007744171,2016-05-02 21:00:00,24.0
7007744171,2016-05-02 22:00:00,0.0
7007744171,2016-05-02 23:00:00,0.0
7007744171,2016-05-03 00:00:00,0.0
7007744171,2016-05-03 01:00:00,0.0
7007744171,2016-05-03 02:00:00,0.0
7007744171,2016-05-03 03:00:00,0.0
7007744171,2016-05-03 04:00:00,0.0
7007744171,2016-05-03 05:00:00,0.0
7007744171,2016-05-03 06:00:00,1050.0
7007744171,2016-05-03 07:00:00,3671.0
7007744171,2016-05-03 08:00:00,2965.0
7007744171,2016-05-03 09:00:00,650.0
7007744171,2016-05-03 10:00:00,299.0
7007744171,2016-05-03 11:00:00,802.0
7007744171,2016-05-03 12:00:00,557.0
7007744171,2016-05-03 13:00:00,1509.0
7007744171,2016-05-03 14:00:00,384.0
7007744171,2016-05-03 15:00:00,718.0
7007744171,2016-05-03 16:00:00,406.0
7007744171,2016-05-03 17:00:00,1016.0
7007744171,2016-05-03 18:00:00,232.0
7007744171,2016-05-03 19:00:00,84.0
7007744171,2016-05-03 20:00:00,73.0
7007744171,2016-05-03 21:00:00,94.0
7007744171,2016-05-03 22:00:00,0.0
7007744171,2016-05-03 23:00:00,0.0
7007744171,2016-05-04 00:00:00,0.0
7007744171,2016-05-04 01:00:00,0.0
7007744171,2016-05-04 02:00:00,0.0
7007744171,2016-05-04 03:00:00,0.0
7007744171,2016-05-04 04:00:00,0.0
7007744171,2016-05-04 05:00:00,0.0
7007744171,2016-05-04 06:00:00,0.0
7007744171,2016-05-04 07:00:00,0.0
7007744171,2016-05-04 08:00:00,0.0
7007744171,2016-05-04 09:00:00,0.0
7007744171,2016-05-04 10:00:00,0.0
7007744171,2016-05-04 11:00:00,0.0
7007744171,2016-05-04 12:00:00,0.0
7007744171,2016-05-04 13:00:00,0.0
7007744171,2016-05-04 14:00:00,0.0
7007744171,2016-05-04 15:00:00,0.0
7007744171,2016-05-04 16:00:00,0.0
7007744171,2016-05-04 17:00:00,0.0
7007744171,2016-05-04 18:00:00,0.0
7007744171,2016-05-04 19:00:00,0.0
7007744171,2016-05-04 20:00:00,0.0
7007744171,2016-05-04 21:00:00,0.0
7007744171,2016-05-04 22:00:00,0.0
7007744171,2016-05-04 23:00:00,0.0
7007744171,2016-05-05 00:00:00,0.0
7007744171,2016-05-05 01:00:00,0.0
7007744171,2016-05-05 02:00:00,0.0
7007744171,2016-05-05 03:00:00,0.0
7007744171,2016-05-05 04:00:00,0.0
7007744171,2016-05-05 05:00:00,0.0
7007744171,2016-05-05 06:00:00,752.0
7007744171,2016-05-05 07:00:00,2793.0
7007744171,2016-05-05 08:00:00,4094.0
7007744171,2016-05-05 09:00:00,2361.0
7007744171,2016-05-05 10:00:00,1294.0
7007744171,2016-05-05 11:00:00,130.0
7007744171,2016-05-05 12:00:00,192.0
7007744171,2016-05-05 13:00:00,562.0
7007744171,2016-05-05 14:00:00,326.0
7007744171,2016-05-05 15:00:00,662.0
7007744171,2016-05-05 16:00:00,781.0
7007744171,2016-05-05 17:00:00,385.0
7007744171,2016-05-05 18:00:00,595.0
7007744171,2016-05-05 19:00:00,83.0
7007744171,2016-05-05 20:00:00,0.0
7007744171,2016-05-05 21:00:00,0.0
7007744171,2016-05-05 22:00:00,0.0
7007744171,2016-05-05 23:00:00,0.0
7007744171,2016-05-06 00:00:00,0.0
7007744171,2016-05-06 01:00:00,0.0
7007744171,2016-05-06 02:00:00,0.0
7007744171,2016-05-06 03:00:00,0.0
7007744171,2016-05-06 04:00:00,0.0
7007744171,2016-05-06 05:00:00,43.0
7007744171,2016-05-06 06:00:00,5742.0
7007744171,2016-05-06 07:00:00,1164.0
7007744171,2016-05-06 08:00:00,907.0
7007744171,2016-05-06 09:00:00,806.0
7007744171,2016-05-06 10:00:00,90.0
7007744171,2016-05-06 11:00:00,441.0
7007744171,2016-05-06 12:00:00,301.0
7007744171,2016-05-06 13:00:00,324.0
7007744171,2016-05-06 14:00:00,37.0
7007744171,2016-05-06 15:00:00,361.0
7007744171,2016-05-06 16:00:00,69.0
7007744171,2016-05-06 17:00:00,135.0
7007744171,2016-05-06 18:00:00,453.0
7007744171,2016-05-06 19:00:00,374.0
7007744171,2016-05-06 20:00:00,212.0
7007744171,2016-05-06 21:00:00,0.0
7007744171,2016-05-06 22:00:00,0.0
7007744171,2016-05-06 23:00:00,0.0
7007744171,2016-05-07 00:00:00,0.0
7086361926,2016-04-12 00:00:00,0.0
7086361926,2016-04-12 01:00:00,0.0
7086361926,2016-04-12 02:00:00,0.0
7086361926,2016-04-12 03:00:00,0.0
7086361926,2016-04-12 04:00:00,0.0
7086361926,2016-04-12 05:00:00,0.0
7086361926,2016-04-12 06:00:00,0.0
7086361926,2016-04-12 07:00:00,422.0
7086361926,2016-04-12 08:00:00,0.0
7086361926,2016-04-12 09:00:00,234.0
7086361926,2016-04-12 10:00:00,26.0
7086361926,2016-04-12 11:00:00,121.0
7086361926,2016-04-12 12:00:00,156.0
7086361926,2016-04-12 13:00:00,1494.0
7086361926,2016-04-12 14:00:00,0.0
7086361926,2016-04-12 15:00:00,201.0
7086361926,2016-04-12 16:00:00,850.0
7086361926,2016-04-12 17:00:00,5921.0
7086361926,2016-04-12 18:00:00,995.0
7086361926,2016-04-12 19:00:00,297.0
7086361926,2016-04-12 20:00:00,407.0
7086361926,2016-04-12 21:00:00,0.0
7086361926,2016-04-12 22:00:00,181.0
7086361926,2016-04-12 23:00:00,4.0
7086361926,2016-04-13 00:00:00,0.0
7086361926,2016-04-13 01:00:00,0.0
7086361926,2016-04-13 02:00:00,0.0
7086361926,2016-04-13 03:00:00,0.0
7086361926,2016-04-13 04:00:00,0.0
7086361926,2016-04-13 05:00:00,0.0
7086361926,2016-04-13 06:00:00,12.0
7086361926,2016-04-13 07:00:00,475.0
7086361926,2016-04-13 08:00:00,150.0
7086361926,2016-04-13 09:00:00,0.0
7086361926,2016-04-13 10:00:00,152.0
7086361926,2016-04-13 11:00:00,91.0
7086361926,2016-04-13 12:00:00,49.0
7086361926,2016-04-13 13:00:00,1444.0
7086361926,2016-04-13 14:00:00,0.0
7086361926,2016-04-13 15:00:00,36.0
7086361926,2016-04-13 16:00:00,773.0
7086361926,2016-04-13 17:00:00,723.0
7086361926,2016-04-13 18:00:00,1182.0
7086361926,2016-04-13 19:00:00,327.0
7086361926,2016-04-13 20:00:00,255.0
7086361926,2016-04-13 21:00:00,4.0
7086361926,2016-04-13 22:00:00,140.0
7086361926,2016-04-13 23:00:00,0.0
7086361926,2016-04-14 00:00:00,0.0
7086361926,2016-04-14 01:00:00,14.0
7086361926,2016-04-14 02:00:00,0.0
7086361926,2016-04-14 03:00:00,0.0
7086361926,2016-04-14 04:00:00,0.0
7086361926,2016-04-14 05:00:00,0.0
7086361926,2016-04-14 06:00:00,0.0
7086361926,2016-04-14 07:00:00,362.0
7086361926,2016-04-14 08:00:00,607.0
7086361926,2016-04-14 09:00:00,438.0
7086361926,2016-04-14 10:00:00,156.0
7086361926,2016-04-14 11:00:00,427.0
7086361926,2016-04-14 12:00:00,58.0
7086361926,2016-04-14 13:00:00,1219.0
7086361926,2016-04-14 14:00:00,8.0
7086361926,2016-04-14 15:00:00,181.0
7086361926,2016-04-14 16:00:00,664.0
7086361926,2016-04-14 17:00:00,956.0
7086361926,2016-04-14 18:00:00,2604.0
7086361926,2016-04-14 19:00:00,370.0
7086361926,2016-04-14 20:00:00,249.0
7086361926,2016-04-14 21:00:00,56.0
7086361926,2016-04-14 22:00:00,34.0
7086361926,2016-04-14 23:00:00,595.0
7086361926,2016-04-15 00:00:00,428.0
7086361926,2016-04-15 01:00:00,0.0
7086361926,2016-04-15 02:00:00,0.0
7086361926,2016-04-15 03:00:00,0.0
7086361926,2016-04-15 04:00:00,0.0
7086361926,2016-04-15 05:00:00,0.0
7086361926,2016-04-15 06:00:00,0.0
7086361926,2016-04-15 07:00:00,701.0
7086361926,2016-04-15 08:00:00,244.0
7086361926,2016-04-15 09:00:00,169.0
7086361926,2016-04-15 10:00:00,0.0
7086361926,2016-04-15 11:00:00,36.0
7086361926,2016-04-15 12:00:00,421.0
7086361926,2016-04-15 13:00:00,3448.0
7086361926,2016-04-15 14:00:00,309.0
7086361926,2016-04-15 15:00:00,85.0
7086361926,2016-04-15 16:00:00,428.0
7086361926,2016-04-15 17:00:00,93.0
7086361926,2016-04-15 18:00:00,413.0
7086361926,2016-04-15 19:00:00,1714.0
7086361926,2016-04-15 20:00:00,11.0
7086361926,2016-04-15 21:00:00,0.0
7086361926,2016-04-15 22:00:00,85.0
7086361926,2016-04-15 23:00:00,0.0
7086361926,2016-04-16 00:00:00,31.0
7086361926,2016-04-16 01:00:00,0.0
7086361926,2016-04-16 02:00:00,0.0
7086361926,2016-04-16 03:00:00,0.0
7086361926,2016-04-16 04:00:00,0.0
7086361926,2016-04-16 05:00:00,0.0
7086361926,2016-04-16 06:00:00,0.0
7086361926,2016-04-16 07:00:00,0.0
7086361926,2016-04-16 08:00:00,0.0
7086361926,2016-04-16 09:00:00,0.0
7086361926,2016-04-16 10:00:00,0.0
7086361926,2016-04-16 11:00:00,0.0
7086361926,2016-04-16 12:00:00,0.0
7086361926,2016-04-16 13:00:00,0.0
7086361926,2016-04-16 14:00:00,0.0
7086361926,2016-04-16 15:00:00,0.0
7086361926,2016-04-16 16:00:00,0.0
7086361926,2016-04-16 17:00:00,0.0
7086361926,2016-04-16 18:00:00,0.0
7086361926,2016-04-16 19:00:00,0.0
7086361926,2016-04-16 20:00:00,0.0
7086361926,2016-04-16 21:00:00,0.0
7086361926,2016-04-16 22:00:00,0.0
7086361926,2016-04-16 23:00:00,0.0
7086361926,2016-04-17 00:00:00,0.0
7086361926,2016-04-17 01:00:00,0.0
7086361926,2016-04-17 02:00:00,0.0
7086361926,2016-04-17 03:00:00,0.0
7086361926,2016-04-17 04:00:00,0.0
7086361926,2016-04-17 05:00:00,0.0
7086361926,2016-04-17 06:00:00,0.0
7086361926,2016-04-17 07:00:00,0.0
7086361926,2016-04-17 08:00:00,0.0
7086361926,2016-04-17 09:00:00,0.0
7086361926,2016-04-17 10:00:00,0.0
7086361926,2016-04-17 11:00:00,0.0
7086361926,2016-04-17 12:00:00,0.0
7086361926,2016-04-17 13:00:00,0.0
7086361926,2016-04-17 14:00:00,0.0
7086361926,2016-04-17 15:00:00,0.0
7086361926,2016-04-17 16:00:00,0.0
7086361926,2016-04-17 17:00:00,0.0
7086361926,2016-04-17 18:00:00,0.0
7086361926,2016-04-17 19:00:00,0.0
7086361926,2016-04-17 20:00:00,0.0
7086361926,2016-04-17 21:00:00,0.0
7086361926,2016-04-17 22:00:00,0.0
7086361926,2016-04-17 23:00:00,0.0
7086361926,2016-04-18 00:00:00,0.0
7086361926,2016-04-18 01:00:00,0.0
7086361926,2016-04-18 02:00:00,0.0
7086361926,2016-04-18 03:00:00,0.0
7086361926,2016-04-18 04:00:00,0.0
7086361926,2016-04-18 05:00:00,0.0
7086361926,2016-04-18 06:00:00,0.0
7086361926,2016-04-18 07:00:00,593.0
7086361926,2016-04-18 08:00:00,356.0
7086361926,2016-04-18 09:00:00,56.0
7086361926,2016-04-18 10:00:00,193.0
7086361926,2016-04-18 11:00:00,0.0
7086361926,2016-04-18 12:00:00,3837.0
7086361926,2016-04-18 13:00:00,0.0
7086361926,2016-04-18 14:00:00,237.0
7086361926,2016-04-18 15:00:00,0.0
7086361926,2016-04-18 16:00:00,826.0
7086361926,2016-04-18 17:00:00,1128.0
7086361926,2016-04-18 18:00:00,2455.0
7086361926,2016-04-18 19:00:00,73.0
7086361926,2016-04-18 20:00:00,0.0
7086361926,2016-04-18 21:00:00,67.0
7086361926,2016-04-18 22:00:00,6.0
7086361926,2016-04-18 23:00:00,0.0
7086361926,2016-04-19 00:00:00,14.0
7086361926,2016-04-19 01:00:00,0.0
7086361926,2016-04-19 02:00:00,0.0
7086361926,2016-04-19 03:00:00,0.0
7086361926,2016-04-19 04:00:00,0.0
7086361926,2016-04-19 05:00:00,0.0
7086361926,2016-04-19 06:00:00,0.0
7086361926,2016-04-19 07:00:00,282.0
7086361926,2016-04-19 08:00:00,159.0
7086361926,2016-04-19 09:00:00,0.0
7086361926,2016-04-19 10:00:00,197.0
7086361926,2016-04-19 11:00:00,31.0
7086361926,2016-04-19 12:00:00,158.0
7086361926,2016-04-19 13:00:00,4141.0
7086361926,2016-04-19 14:00:00,0.0
7086361926,2016-04-19 15:00:00,34.0
7086361926,2016-04-19 16:00:00,777.0
7086361926,2016-04-19 17:00:00,955.0
7086361926,2016-04-19 18:00:00,2766.0
7086361926,2016-04-19 19:00:00,973.0
7086361926,2016-04-19 20:00:00,0.0
7086361926,2016-04-19 21:00:00,88.0
7086361926,2016-04-19 22:00:00,106.0
7086361926,2016-04-19 23:00:00,7.0
7086361926,2016-04-20 00:00:00,0.0
7086361926,2016-04-20 01:00:00,0.0
7086361926,2016-04-20 02:00:00,0.0
7086361926,2016-04-20 03:00:00,0.0
7086361926,2016-04-20 04:00:00,0.0
7086361926,2016-04-20 05:00:00,0.0
7086361926,2016-04-20 06:00:00,10.0
7086361926,2016-04-20 07:00:00,372.0
7086361926,2016-04-20 08:00:00,133.0
7086361926,2016-04-20 09:00:00,194.0
7086361926,2016-04-20 10:00:00,180.0
7086361926,2016-04-20 11:00:00,30.0
7086361926,2016-04-20 12:00:00,167.0
7086361926,2016-04-20 13:00:00,4286.0
7086361926,2016-04-20 14:00:00,101.0
7086361926,2016-04-20 15:00:00,197.0
7086361926,2016-04-20 16:00:00,816.0
7086361926,2016-04-20 17:00:00,6357.0
7086361926,2016-04-20 18:00:00,863.0
7086361926,2016-04-20 19:00:00,180.0
7086361926,2016-04-20 20:00:00,286.0
7086361926,2016-04-20 21:00:00,98.0
7086361926,2016-04-20 22:00:00,55.0
7086361926,2016-04-20 23:00:00,40.0
7086361926,2016-04-21 00:00:00,48.0
7086361926,2016-04-21 01:00:00,6.0
7086361926,2016-04-21 02:00:00,0.0
7086361926,2016-04-21 03:00:00,0.0
7086361926,2016-04-21 04:00:00,0.0
7086361926,2016-04-21 05:00:00,0.0
7086361926,2016-04-21 06:00:00,34.0
7086361926,2016-04-21 07:00:00,449.0
7086361926,2016-04-21 08:00:00,49.0
7086361926,2016-04-21 09:00:00,42.0
7086361926,2016-04-21 10:00:00,179.0
7086361926,2016-04-21 11:00:00,196.0
7086361926,2016-04-21 12:00:00,80.0
7086361926,2016-04-21 13:00:00,1716.0
7086361926,2016-04-21 14:00:00,2530.0
7086361926,2016-04-21 15:00:00,37.0
7086361926,2016-04-21 16:00:00,956.0
7086361926,2016-04-21 17:00:00,918.0
7086361926,2016-04-21 18:00:00,198.0
7086361926,2016-04-21 19:00:00,8.0
7086361926,2016-04-21 20:00:00,439.0
7086361926,2016-04-21 21:00:00,698.0
7086361926,2016-04-21 22:00:00,629.0
7086361926,2016-04-21 23:00:00,257.0
7086361926,2016-04-22 00:00:00,0.0
7086361926,2016-04-22 01:00:00,0.0
7086361926,2016-04-22 02:00:00,0.0
7086361926,2016-04-22 03:00:00,0.0
7086361926,2016-04-22 04:00:00,0.0
7086361926,2016-04-22 05:00:00,0.0
7086361926,2016-04-22 06:00:00,9.0
7086361926,2016-04-22 07:00:00,729.0
7086361926,2016-04-22 08:00:00,421.0
7086361926,2016-04-22 09:00:00,0.0
7086361926,2016-04-22 10:00:00,545.0
7086361926,2016-04-22 11:00:00,357.0
7086361926,2016-04-22 12:00:00,353.0
7086361926,2016-04-22 13:00:00,125.0
7086361926,2016-04-22 14:00:00,138.0
7086361926,2016-04-22 15:00:00,323.0
7086361926,2016-04-22 16:00:00,955.0
7086361926,2016-04-22 17:00:00,892.0
7086361926,2016-04-22 18:00:00,2810.0
7086361926,2016-04-22 19:00:00,1595.0
7086361926,2016-04-22 20:00:00,59.0
7086361926,2016-04-22 21:00:00,422.0
7086361926,2016-04-22 22:00:00,0.0
7086361926,2016-04-22 23:00:00,0.0
7086361926,2016-04-23 00:00:00,0.0
7086361926,2016-04-23 01:00:00,0.0
7086361926,2016-04-23 02:00:00,0.0
7086361926,2016-04-23 03:00:00,0.0
7086361926,2016-04-23 04:00:00,0.0
7086361926,2016-04-23 05:00:00,0.0
7086361926,2016-04-23 06:00:00,0.0
7086361926,2016-04-23 07:00:00,0.0
7086361926,2016-04-23 08:00:00,0.0
7086361926,2016-04-23 09:00:00,0.0
7086361926,2016-04-23 10:00:00,0.0
7086361926,2016-04-23 11:00:00,0.0
7086361926,2016-04-23 12:00:00,7.0
7086361926,2016-04-23 13:00:00,198.0
7086361926,2016-04-23 14:00:00,1594.0
7086361926,2016-04-23 15:00:00,362.0
7086361926,2016-04-23 16:00:00,347.0
7086361926,2016-04-23 17:00:00,8.0
7086361926,2016-04-23 18:00:00,0.0
7086361926,2016-04-23 19:00:00,24.0
7086361926,2016-04-23 20:00:00,13.0
7086361926,2016-04-23 21:00:00,82.0
7086361926,2016-04-23 22:00:00,122.0
7086361926,2016-04-23 23:00:00,54.0
7086361926,2016-04-24 00:00:00,4.0
7086361926,2016-04-24 01:00:00,0.0
7086361926,2016-04-24 02:00:00,0.0
7086361926,2016-04-24 03:00:00,0.0
7086361926,2016-04-24 04:00:00,0.0
7086361926,2016-04-24 05:00:00,0.0
7086361926,2016-04-24 06:00:00,0.0
7086361926,2016-04-24 07:00:00,0.0
7086361926,2016-04-24 08:00:00,0.0
7086361926,2016-04-24 09:00:00,0.0
7086361926,2016-04-24 10:00:00,0.0
7086361926,2016-04-24 11:00:00,0.0
7086361926,2016-04-24 12:00:00,163.0
7086361926,2016-04-24 13:00:00,0.0
7086361926,2016-04-24 14:00:00,494.0
7086361926,2016-04-24 15:00:00,1454.0
7086361926,2016-04-24 16:00:00,136.0
7086361926,2016-04-24 17:00:00,0.0
7086361926,2016-04-24 18:00:00,517.0
7086361926,2016-04-24 19:00:00,546.0
7086361926,2016-04-24 20:00:00,8.0
7086361926,2016-04-24 21:00:00,69.0
7086361926,2016-04-24 22:00:00,129.0
7086361926,2016-04-24 23:00:00,0.0
7086361926,2016-04-25 00:00:00,0.0
7086361926,2016-04-25 01:00:00,0.0
7086361926,2016-04-25 02:00:00,0.0
7086361926,2016-04-25 03:00:00,0.0
7086361926,2016-04-25 04:00:00,0.0
7086361926,2016-04-25 05:00:00,0.0
7086361926,2016-04-25 06:00:00,0.0
7086361926,2016-04-25 07:00:00,717.0
7086361926,2016-04-25 08:00:00,0.0
7086361926,2016-04-25 09:00:00,41.0
7086361926,2016-04-25 10:00:00,201.0
7086361926,2016-04-25 11:00:00,184.0
7086361926,2016-04-25 12:00:00,90.0
7086361926,2016-04-25 13:00:00,3609.0
7086361926,2016-04-25 14:00:00,0.0
7086361926,2016-04-25 15:00:00,29.0
7086361926,2016-04-25 16:00:00,840.0
7086361926,2016-04-25 17:00:00,1303.0
7086361926,2016-04-25 18:00:00,2679.0
7086361926,2016-04-25 19:00:00,217.0
7086361926,2016-04-25 20:00:00,151.0
7086361926,2016-04-25 21:00:00,7.0
7086361926,2016-04-25 22:00:00,23.0
7086361926,2016-04-25 23:00:00,0.0
7086361926,2016-04-26 00:00:00,0.0
7086361926,2016-04-26 01:00:00,4.0
7086361926,2016-04-26 02:00:00,11.0
7086361926,2016-04-26 03:00:00,0.0
7086361926,2016-04-26 04:00:00,0.0
7086361926,2016-04-26 05:00:00,0.0
7086361926,2016-04-26 06:00:00,9.0
7086361926,2016-04-26 07:00:00,472.0
7086361926,2016-04-26 08:00:00,114.0
7086361926,2016-04-26 09:00:00,0.0
7086361926,2016-04-26 10:00:00,234.0
7086361926,2016-04-26 11:00:00,195.0
7086361926,2016-04-26 12:00:00,392.0
7086361926,2016-04-26 13:00:00,2837.0
7086361926,2016-04-26 14:00:00,1380.0
7086361926,2016-04-26 15:00:00,191.0
7086361926,2016-04-26 16:00:00,967.0
7086361926,2016-04-26 17:00:00,894.0
7086361926,2016-04-26 18:00:00,2459.0
7086361926,2016-04-26 19:00:00,193.0
7086361926,2016-04-26 20:00:00,12.0
7086361926,2016-04-26 21:00:00,0.0
7086361926,2016-04-26 22:00:00,14.0
7086361926,2016-04-26 23:00:00,0.0
7086361926,2016-04-27 00:00:00,0.0
7086361926,2016-04-27 01:00:00,8.0
7086361926,2016-04-27 02:00:00,0.0
7086361926,2016-04-27 03:00:00,0.0
7086361926,2016-04-27 04:00:00,0.0
7086361926,2016-04-27 05:00:00,0.0
7086361926,2016-04-27 06:00:00,0.0
7086361926,2016-04-27 07:00:00,379.0
7086361926,2016-04-27 08:00:00,120.0
7086361926,2016-04-27 09:00:00,202.0
7086361926,2016-04-27 10:00:00,0.0
7086361926,2016-04-27 11:00:00,162.0
7086361926,2016-04-27 12:00:00,149.0
7086361926,2016-04-27 13:00:00,614.0
7086361926,2016-04-27 14:00:00,726.0
7086361926,2016-04-27 15:00:00,39.0
7086361926,2016-04-27 16:00:00,934.0
7086361926,2016-04-27 17:00:00,6025.0
7086361926,2016-04-27 18:00:00,792.0
7086361926,2016-04-27 19:00:00,28.0
7086361926,2016-04-27 20:00:00,376.0
7086361926,2016-04-27 21:00:00,216.0
7086361926,2016-04-27 22:00:00,289.0
7086361926,2016-04-27 23:00:00,48.0
7086361926,2016-04-28 00:00:00,784.0
7086361926,2016-04-28 01:00:00,0.0
7086361926,2016-04-28 02:00:00,0.0
7086361926,2016-04-28 03:00:00,0.0
7086361926,2016-04-28 04:00:00,0.0
7086361926,2016-04-28 05:00:00,0.0
7086361926,2016-04-28 06:00:00,14.0
7086361926,2016-04-28 07:00:00,426.0
7086361926,2016-04-28 08:00:00,214.0
7086361926,2016-04-28 09:00:00,41.0
7086361926,2016-04-28 10:00:00,188.0
7086361926,2016-04-28 11:00:00,0.0
7086361926,2016-04-28 12:00:00,137.0
7086361926,2016-04-28 13:00:00,3859.0
7086361926,2016-04-28 14:00:00,638.0
7086361926,2016-04-28 15:00:00,151.0
7086361926,2016-04-28 16:00:00,902.0
7086361926,2016-04-28 17:00:00,1363.0
7086361926,2016-04-28 18:00:00,2424.0
7086361926,2016-04-28 19:00:00,17.0
7086361926,2016-04-28 20:00:00,85.0
7086361926,2016-04-28 21:00:00,269.0
7086361926,2016-04-28 22:00:00,63.0
7086361926,2016-04-28 23:00:00,0.0
7086361926,2016-04-29 00:00:00,0.0
7086361926,2016-04-29 01:00:00,0.0
7086361926,2016-04-29 02:00:00,0.0
7086361926,2016-04-29 03:00:00,0.0
7086361926,2016-04-29 04:00:00,0.0
7086361926,2016-04-29 05:00:00,0.0
7086361926,2016-04-29 06:00:00,0.0
7086361926,2016-04-29 07:00:00,616.0
7086361926,2016-04-29 08:00:00,172.0
7086361926,2016-04-29 09:00:00,285.0
7086361926,2016-04-29 10:00:00,0.0
7086361926,2016-04-29 11:00:00,199.0
7086361926,2016-04-29 12:00:00,202.0
7086361926,2016-04-29 13:00:00,2225.0
7086361926,2016-04-29 14:00:00,0.0
7086361926,2016-04-29 15:00:00,161.0
7086361926,2016-04-29 16:00:00,1013.0
7086361926,2016-04-29 17:00:00,1093.0
7086361926,2016-04-29 18:00:00,1060.0
7086361926,2016-04-29 19:00:00,198.0
7086361926,2016-04-29 20:00:00,119.0
7086361926,2016-04-29 21:00:00,285.0
7086361926,2016-04-29 22:00:00,245.0
7086361926,2016-04-29 23:00:00,8.0
7086361926,2016-04-30 00:00:00,38.0
7086361926,2016-04-30 01:00:00,291.0
7086361926,2016-04-30 02:00:00,0.0
7086361926,2016-04-30 03:00:00,0.0
7086361926,2016-04-30 04:00:00,0.0
7086361926,2016-04-30 05:00:00,0.0
7086361926,2016-04-30 06:00:00,0.0
7086361926,2016-04-30 07:00:00,0.0
7086361926,2016-04-30 08:00:00,0.0
7086361926,2016-04-30 09:00:00,0.0
7086361926,2016-04-30 10:00:00,627.0
7086361926,2016-04-30 11:00:00,609.0
7086361926,2016-04-30 12:00:00,2636.0
7086361926,2016-04-30 13:00:00,287.0
7086361926,2016-04-30 14:00:00,600.0
7086361926,2016-04-30 15:00:00,2508.0
7086361926,2016-04-30 16:00:00,947.0
7086361926,2016-04-30 17:00:00,726.0
7086361926,2016-04-30 18:00:00,502.0
7086361926,2016-04-30 19:00:00,923.0
7086361926,2016-04-30 20:00:00,1290.0
7086361926,2016-04-30 21:00:00,817.0
7086361926,2016-04-30 22:00:00,295.0
7086361926,2016-04-30 23:00:00,1464.0
7086361926,2016-05-01 00:00:00,68.0
7086361926,2016-05-01 01:00:00,0.0
7086361926,2016-05-01 02:00:00,5.0
7086361926,2016-05-01 03:00:00,0.0
7086361926,2016-05-01 04:00:00,0.0
7086361926,2016-05-01 05:00:00,0.0
7086361926,2016-05-01 06:00:00,0.0
7086361926,2016-05-01 07:00:00,426.0
7086361926,2016-05-01 08:00:00,2824.0
7086361926,2016-05-01 09:00:00,247.0
7086361926,2016-05-01 10:00:00,2391.0
7086361926,2016-05-01 11:00:00,200.0
7086361926,2016-05-01 12:00:00,548.0
7086361926,2016-05-01 13:00:00,1481.0
7086361926,2016-05-01 14:00:00,1305.0
7086361926,2016-05-01 15:00:00,643.0
7086361926,2016-05-01 16:00:00,0.0
7086361926,2016-05-01 17:00:00,0.0
7086361926,2016-05-01 18:00:00,1105.0
7086361926,2016-05-01 19:00:00,293.0
7086361926,2016-05-01 20:00:00,456.0
7086361926,2016-05-01 21:00:00,144.0
7086361926,2016-05-01 22:00:00,133.0
7086361926,2016-05-01 23:00:00,106.0
7086361926,2016-05-02 00:00:00,0.0
7086361926,2016-05-02 01:00:00,0.0
7086361926,2016-05-02 02:00:00,0.0
7086361926,2016-05-02 03:00:00,0.0
7086361926,2016-05-02 04:00:00,0.0
7086361926,2016-05-02 05:00:00,0.0
7086361926,2016-05-02 06:00:00,74.0
7086361926,2016-05-02 07:00:00,508.0
7086361926,2016-05-02 08:00:00,32.0
7086361926,2016-05-02 09:00:00,187.0
7086361926,2016-05-02 10:00:00,92.0
7086361926,2016-05-02 11:00:00,34.0
7086361926,2016-05-02 12:00:00,229.0
7086361926,2016-05-02 13:00:00,3575.0
7086361926,2016-05-02 14:00:00,0.0
7086361926,2016-05-02 15:00:00,219.0
7086361926,2016-05-02 16:00:00,842.0
7086361926,2016-05-02 17:00:00,1426.0
7086361926,2016-05-02 18:00:00,2592.0
7086361926,2016-05-02 19:00:00,130.0
7086361926,2016-05-02 20:00:00,0.0
7086361926,2016-05-02 21:00:00,0.0
7086361926,2016-05-02 22:00:00,106.0
7086361926,2016-05-02 23:00:00,6.0
7086361926,2016-05-03 00:00:00,0.0
7086361926,2016-05-03 01:00:00,0.0
7086361926,2016-05-03 02:00:00,0.0
7086361926,2016-05-03 03:00:00,0.0
7086361926,2016-05-03 04:00:00,0.0
7086361926,2016-05-03 05:00:00,0.0
7086361926,2016-05-03 06:00:00,13.0
7086361926,2016-05-03 07:00:00,229.0
7086361926,2016-05-03 08:00:00,0.0
7086361926,2016-05-03 09:00:00,213.0
7086361926,2016-05-03 10:00:00,160.0
7086361926,2016-05-03 11:00:00,139.0
7086361926,2016-05-03 12:00:00,151.0
7086361926,2016-05-03 13:00:00,3619.0
7086361926,2016-05-03 14:00:00,210.0
7086361926,2016-05-03 15:00:00,227.0
7086361926,2016-05-03 16:00:00,819.0
7086361926,2016-05-03 17:00:00,1219.0
7086361926,2016-05-03 18:00:00,1889.0
7086361926,2016-05-03 19:00:00,42.0
7086361926,2016-05-03 20:00:00,267.0
7086361926,2016-05-03 21:00:00,628.0
7086361926,2016-05-03 22:00:00,135.0
7086361926,2016-05-03 23:00:00,328.0
7086361926,2016-05-04 00:00:00,0.0
7086361926,2016-05-04 01:00:00,0.0
7086361926,2016-05-04 02:00:00,0.0
7086361926,2016-05-04 03:00:00,0.0
7086361926,2016-05-04 04:00:00,0.0
7086361926,2016-05-04 05:00:00,0.0
7086361926,2016-05-04 06:00:00,20.0
7086361926,2016-05-04 07:00:00,309.0
7086361926,2016-05-04 08:00:00,141.0
7086361926,2016-05-04 09:00:00,48.0
7086361926,2016-05-04 10:00:00,165.0
7086361926,2016-05-04 11:00:00,34.0
7086361926,2016-05-04 12:00:00,317.0
7086361926,2016-05-04 13:00:00,1398.0
7086361926,2016-05-04 14:00:00,39.0
7086361926,2016-05-04 15:00:00,218.0
7086361926,2016-05-04 16:00:00,904.0
7086361926,2016-05-04 17:00:00,6091.0
7086361926,2016-05-04 18:00:00,877.0
7086361926,2016-05-04 19:00:00,262.0
7086361926,2016-05-04 20:00:00,0.0
7086361926,2016-05-04 21:00:00,30.0
7086361926,2016-05-04 22:00:00,127.0
7086361926,2016-05-04 23:00:00,8.0
7086361926,2016-05-05 00:00:00,0.0
7086361926,2016-05-05 01:00:00,0.0
7086361926,2016-05-05 02:00:00,0.0
7086361926,2016-05-05 03:00:00,0.0
7086361926,2016-05-05 04:00:00,0.0
7086361926,2016-05-05 05:00:00,0.0
7086361926,2016-05-05 06:00:00,0.0
7086361926,2016-05-05 07:00:00,389.0
7086361926,2016-05-05 08:00:00,387.0
7086361926,2016-05-05 09:00:00,0.0
7086361926,2016-05-05 10:00:00,157.0
7086361926,2016-05-05 11:00:00,265.0
7086361926,2016-05-05 12:00:00,66.0
7086361926,2016-05-05 13:00:00,4946.0
7086361926,2016-05-05 14:00:00,25.0
7086361926,2016-05-05 15:00:00,71.0
7086361926,2016-05-05 16:00:00,519.0
7086361926,2016-05-05 17:00:00,556.0
7086361926,2016-05-05 18:00:00,187.0
7086361926,2016-05-05 19:00:00,143.0
7086361926,2016-05-05 20:00:00,451.0
7086361926,2016-05-05 21:00:00,82.0
7086361926,2016-05-05 22:00:00,181.0
7086361926,2016-05-05 23:00:00,100.0
7086361926,2016-05-06 00:00:00,45.0
7086361926,2016-05-06 01:00:00,205.0
7086361926,2016-05-06 02:00:00,0.0
7086361926,2016-05-06 03:00:00,0.0
7086361926,2016-05-06 04:00:00,0.0
7086361926,2016-05-06 05:00:00,0.0
7086361926,2016-05-06 06:00:00,17.0
7086361926,2016-05-06 07:00:00,1298.0
7086361926,2016-05-06 08:00:00,255.0
7086361926,2016-05-06 09:00:00,166.0
7086361926,2016-05-06 10:00:00,52.0
7086361926,2016-05-06 11:00:00,67.0
7086361926,2016-05-06 12:00:00,159.0
7086361926,2016-05-06 13:00:00,4869.0
7086361926,2016-05-06 14:00:00,539.0
7086361926,2016-05-06 15:00:00,76.0
7086361926,2016-05-06 16:00:00,1048.0
7086361926,2016-05-06 17:00:00,983.0
7086361926,2016-05-06 18:00:00,2024.0
7086361926,2016-05-06 19:00:00,351.0
7086361926,2016-05-06 20:00:00,288.0
7086361926,2016-05-06 21:00:00,19.0
7086361926,2016-05-06 22:00:00,0.0
7086361926,2016-05-06 23:00:00,0.0
7086361926,2016-05-07 00:00:00,20.0
7086361926,2016-05-07 01:00:00,0.0
7086361926,2016-05-07 02:00:00,0.0
7086361926,2016-05-07 03:00:00,0.0
7086361926,2016-05-07 04:00:00,0.0
7086361926,2016-05-07 05:00:00,0.0
7086361926,2016-05-07 06:00:00,0.0
7086361926,2016-05-07 07:00:00,0.0
7086361926,2016-05-07 08:00:00,0.0
7086361926,2016-05-07 09:00:00,47.0
7086361926,2016-05-07 10:00:00,286.0
7086361926,2016-05-07 11:00:00,544.0
7086361926,2016-05-07 12:00:00,3925.0
7086361926,2016-05-07 13:00:00,1330.0
7086361926,2016-05-07 14:00:00,1724.0
7086361926,2016-05-07 15:00:00,538.0
7086361926,2016-05-07 16:00:00,434.0
7086361926,2016-05-07 17:00:00,886.0
7086361926,2016-05-07 18:00:00,865.0
7086361926,2016-05-07 19:00:00,7.0
7086361926,2016-05-07 20:00:00,336.0
7086361926,2016-05-07 21:00:00,1746.0
7086361926,2016-05-07 22:00:00,133.0
7086361926,2016-05-07 23:00:00,6.0
7086361926,2016-05-08 00:00:00,25.0
7086361926,2016-05-08 01:00:00,0.0
7086361926,2016-05-08 02:00:00,0.0
7086361926,2016-05-08 03:00:00,0.0
7086361926,2016-05-08 04:00:00,0.0
7086361926,2016-05-08 05:00:00,0.0
7086361926,2016-05-08 06:00:00,0.0
7086361926,2016-05-08 07:00:00,7.0
7086361926,2016-05-08 08:00:00,0.0
7086361926,2016-05-08 09:00:00,542.0
7086361926,2016-05-08 10:00:00,0.0
7086361926,2016-05-08 11:00:00,26.0
7086361926,2016-05-08 12:00:00,370.0
7086361926,2016-05-08 13:00:00,86.0
7086361926,2016-05-08 14:00:00,184.0
7086361926,2016-05-08 15:00:00,3428.0
7086361926,2016-05-08 16:00:00,2870.0
7086361926,2016-05-08 17:00:00,1164.0
7086361926,2016-05-08 18:00:00,0.0
7086361926,2016-05-08 19:00:00,377.0
7086361926,2016-05-08 20:00:00,987.0
7086361926,2016-05-08 21:00:00,123.0
7086361926,2016-05-08 22:00:00,121.0
7086361926,2016-05-08 23:00:00,367.0
7086361926,2016-05-09 00:00:00,0.0
7086361926,2016-05-09 01:00:00,0.0
7086361926,2016-05-09 02:00:00,0.0
7086361926,2016-05-09 03:00:00,0.0
7086361926,2016-05-09 04:00:00,0.0
7086361926,2016-05-09 05:00:00,0.0
7086361926,2016-05-09 06:00:00,20.0
7086361926,2016-05-09 07:00:00,286.0
7086361926,2016-05-09 08:00:00,356.0
7086361926,2016-05-09 09:00:00,204.0
7086361926,2016-05-09 10:00:00,32.0
7086361926,2016-05-09 11:00:00,159.0
7086361926,2016-05-09 12:00:00,383.0
7086361926,2016-05-09 13:00:00,5277.0
7086361926,2016-05-09 14:00:00,762.0
7086361926,2016-05-09 15:00:00,51.0
7086361926,2016-05-09 16:00:00,955.0
7086361926,2016-05-09 17:00:00,1120.0
7086361926,2016-05-09 18:00:00,2415.0
7086361926,2016-05-09 19:00:00,968.0
7086361926,2016-05-09 20:00:00,437.0
7086361926,2016-05-09 21:00:00,133.0
7086361926,2016-05-09 22:00:00,0.0
7086361926,2016-05-09 23:00:00,0.0
7086361926,2016-05-10 00:00:00,0.0
7086361926,2016-05-10 01:00:00,0.0
7086361926,2016-05-10 02:00:00,0.0
7086361926,2016-05-10 03:00:00,0.0
7086361926,2016-05-10 04:00:00,0.0
7086361926,2016-05-10 05:00:00,0.0
7086361926,2016-05-10 06:00:00,0.0
7086361926,2016-05-10 07:00:00,296.0
7086361926,2016-05-10 08:00:00,139.0
7086361926,2016-05-10 09:00:00,195.0
7086361926,2016-05-10 10:00:00,177.0
7086361926,2016-05-10 11:00:00,171.0
7086361926,2016-05-10 12:00:00,138.0
7086361926,2016-05-10 13:00:00,4917.0
7086361926,2016-05-10 14:00:00,106.0
7086361926,2016-05-10 15:00:00,42.0
7086361926,2016-05-10 16:00:00,1063.0
7086361926,2016-05-10 17:00:00,6235.0
7086361926,2016-05-10 18:00:00,803.0
7086361926,2016-05-10 19:00:00,63.0
7086361926,2016-05-10 20:00:00,0.0
7086361926,2016-05-10 21:00:00,0.0
7086361926,2016-05-10 22:00:00,62.0
7086361926,2016-05-10 23:00:00,0.0
7086361926,2016-05-11 00:00:00,0.0
7086361926,2016-05-11 01:00:00,6.0
7086361926,2016-05-11 02:00:00,0.0
7086361926,2016-05-11 03:00:00,0.0
7086361926,2016-05-11 04:00:00,0.0
7086361926,2016-05-11 05:00:00,0.0
7086361926,2016-05-11 06:00:00,23.0
7086361926,2016-05-11 07:00:00,278.0
7086361926,2016-05-11 08:00:00,163.0
7086361926,2016-05-11 09:00:00,161.0
7086361926,2016-05-11 10:00:00,162.0
7086361926,2016-05-11 11:00:00,102.0
7086361926,2016-05-11 12:00:00,97.0
7086361926,2016-05-11 13:00:00,3597.0
7086361926,2016-05-11 14:00:00,31.0
7086361926,2016-05-11 15:00:00,13.0
7086361926,2016-05-11 16:00:00,1134.0
7086361926,2016-05-11 17:00:00,1253.0
7086361926,2016-05-11 18:00:00,2155.0
7086361926,2016-05-11 19:00:00,287.0
7086361926,2016-05-11 20:00:00,78.0
7086361926,2016-05-11 21:00:00,0.0
7086361926,2016-05-11 22:00:00,32.0
7086361926,2016-05-11 23:00:00,0.0
7086361926,2016-05-12 00:00:00,0.0
7086361926,2016-05-12 01:00:00,0.0
7086361926,2016-05-12 02:00:00,0.0
7086361926,2016-05-12 03:00:00,0.0
7086361926,2016-05-12 04:00:00,0.0
7086361926,2016-05-12 05:00:00,0.0
7086361926,2016-05-12 06:00:00,0.0
7086361926,2016-05-12 07:00:00,54.0
7086361926,2016-05-12 08:00:00,439.0
7086361926,2016-05-12 09:00:00,0.0
7086361926,2016-05-12 10:00:00,194.0
7086361926,2016-05-12 11:00:00,144.0
7086361926,2016-05-12 12:00:00,201.0
8053475328,2016-04-12 00:00:00,0.0
8053475328,2016-04-12 01:00:00,7.0
8053475328,2016-04-12 02:00:00,283.0
8053475328,2016-04-12 03:00:00,0.0
8053475328,2016-04-12 04:00:00,0.0
8053475328,2016-04-12 05:00:00,0.0
8053475328,2016-04-12 06:00:00,0.0
8053475328,2016-04-12 07:00:00,0.0
8053475328,2016-04-12 08:00:00,0.0
8053475328,2016-04-12 09:00:00,0.0
8053475328,2016-04-12 10:00:00,0.0
8053475328,2016-04-12 11:00:00,197.0
8053475328,2016-04-12 12:00:00,130.0
8053475328,2016-04-12 13:00:00,85.0
8053475328,2016-04-12 14:00:00,4060.0
8053475328,2016-04-12 15:00:00,0.0
8053475328,2016-04-12 16:00:00,101.0
8053475328,2016-04-12 17:00:00,2785.0
8053475328,2016-04-12 18:00:00,2046.0
8053475328,2016-04-12 19:00:00,6773.0
8053475328,2016-04-12 20:00:00,73.0
8053475328,2016-04-12 21:00:00,1218.0
8053475328,2016-04-12 22:00:00,129.0
8053475328,2016-04-12 23:00:00,173.0
8053475328,2016-04-13 00:00:00,4.0
8053475328,2016-04-13 01:00:00,180.0
8053475328,2016-04-13 02:00:00,0.0
8053475328,2016-04-13 03:00:00,0.0
8053475328,2016-04-13 04:00:00,0.0
8053475328,2016-04-13 05:00:00,0.0
8053475328,2016-04-13 06:00:00,0.0
8053475328,2016-04-13 07:00:00,0.0
8053475328,2016-04-13 08:00:00,0.0
8053475328,2016-04-13 09:00:00,0.0
8053475328,2016-04-13 10:00:00,83.0
8053475328,2016-04-13 11:00:00,502.0
8053475328,2016-04-13 12:00:00,201.0
8053475328,2016-04-13 13:00:00,2767.0
8053475328,2016-04-13 14:00:00,1563.0
8053475328,2016-04-13 15:00:00,0.0
8053475328,2016-04-13 16:00:00,311.0
8053475328,2016-04-13 17:00:00,1083.0
8053475328,2016-04-13 18:00:00,1528.0
8053475328,2016-04-13 19:00:00,7643.0
8053475328,2016-04-13 20:00:00,20.0
8053475328,2016-04-13 21:00:00,223.0
8053475328,2016-04-13 22:00:00,208.0
8053475328,2016-04-13 23:00:00,117.0
8053475328,2016-04-14 00:00:00,16.0
8053475328,2016-04-14 01:00:00,0.0
8053475328,2016-04-14 02:00:00,101.0
8053475328,2016-04-14 03:00:00,0.0
8053475328,2016-04-14 04:00:00,0.0
8053475328,2016-04-14 05:00:00,0.0
8053475328,2016-04-14 06:00:00,0.0
8053475328,2016-04-14 07:00:00,0.0
8053475328,2016-04-14 08:00:00,0.0
8053475328,2016-04-14 09:00:00,0.0
8053475328,2016-04-14 10:00:00,452.0
8053475328,2016-04-14 11:00:00,957.0
8053475328,2016-04-14 12:00:00,799.0
8053475328,2016-04-14 13:00:00,1777.0
8053475328,2016-04-14 14:00:00,2559.0
8053475328,2016-04-14 15:00:00,18.0
8053475328,2016-04-14 16:00:00,386.0
8053475328,2016-04-14 17:00:00,430.0
8053475328,2016-04-14 18:00:00,3243.0
8053475328,2016-04-14 19:00:00,5883.0
8053475328,2016-04-14 20:00:00,2708.0
8053475328,2016-04-14 21:00:00,118.0
8053475328,2016-04-14 22:00:00,236.0
8053475328,2016-04-14 23:00:00,406.0
8053475328,2016-04-15 00:00:00,179.0
8053475328,2016-04-15 01:00:00,64.0
8053475328,2016-04-15 02:00:00,53.0
8053475328,2016-04-15 03:00:00,0.0
8053475328,2016-04-15 04:00:00,0.0
8053475328,2016-04-15 05:00:00,0.0
8053475328,2016-04-15 06:00:00,0.0
8053475328,2016-04-15 07:00:00,0.0
8053475328,2016-04-15 08:00:00,0.0
8053475328,2016-04-15 09:00:00,0.0
8053475328,2016-04-15 10:00:00,0.0
8053475328,2016-04-15 11:00:00,216.0
8053475328,2016-04-15 12:00:00,176.0
8053475328,2016-04-15 13:00:00,2600.0
8053475328,2016-04-15 14:00:00,2025.0
8053475328,2016-04-15 15:00:00,193.0
8053475328,2016-04-15 16:00:00,349.0
8053475328,2016-04-15 17:00:00,563.0
8053475328,2016-04-15 18:00:00,3542.0
8053475328,2016-04-15 19:00:00,6834.0
8053475328,2016-04-15 20:00:00,2967.0
8053475328,2016-04-15 21:00:00,138.0
8053475328,2016-04-15 22:00:00,770.0
8053475328,2016-04-15 23:00:00,0.0
8053475328,2016-04-16 00:00:00,0.0
8053475328,2016-04-16 01:00:00,0.0
8053475328,2016-04-16 02:00:00,0.0
8053475328,2016-04-16 03:00:00,58.0
8053475328,2016-04-16 04:00:00,0.0
8053475328,2016-04-16 05:00:00,0.0
8053475328,2016-04-16 06:00:00,0.0
8053475328,2016-04-16 07:00:00,0.0
8053475328,2016-04-16 08:00:00,0.0
8053475328,2016-04-16 09:00:00,0.0
8053475328,2016-04-16 10:00:00,0.0
8053475328,2016-04-16 11:00:00,290.0
8053475328,2016-04-16 12:00:00,186.0
8053475328,2016-04-16 13:00:00,4316.0
8053475328,2016-04-16 14:00:00,80.0
8053475328,2016-04-16 15:00:00,94.0
8053475328,2016-04-16 16:00:00,44.0
8053475328,2016-04-16 17:00:00,109.0
8053475328,2016-04-16 18:00:00,275.0
8053475328,2016-04-16 19:00:00,7529.0
8053475328,2016-04-16 20:00:00,1195.0
8053475328,2016-04-16 21:00:00,147.0
8053475328,2016-04-16 22:00:00,226.0
8053475328,2016-04-16 23:00:00,0.0
8053475328,2016-04-17 00:00:00,0.0
8053475328,2016-04-17 01:00:00,0.0
8053475328,2016-04-17 02:00:00,0.0
8053475328,2016-04-17 03:00:00,0.0
8053475328,2016-04-17 04:00:00,53.0
8053475328,2016-04-17 05:00:00,0.0
8053475328,2016-04-17 06:00:00,0.0
8053475328,2016-04-17 07:00:00,0.0
8053475328,2016-04-17 08:00:00,0.0
8053475328,2016-04-17 09:00:00,0.0
8053475328,2016-04-17 10:00:00,0.0
8053475328,2016-04-17 11:00:00,0.0
8053475328,2016-04-17 12:00:00,0.0
8053475328,2016-04-17 13:00:00,172.0
8053475328,2016-04-17 14:00:00,2835.0
8053475328,2016-04-17 15:00:00,2362.0
8053475328,2016-04-17 16:00:00,189.0
8053475328,2016-04-17 17:00:00,657.0
8053475328,2016-04-17 18:00:00,770.0
8053475328,2016-04-17 19:00:00,4570.0
8053475328,2016-04-17 20:00:00,513.0
8053475328,2016-04-17 21:00:00,1789.0
8053475328,2016-04-17 22:00:00,3463.0
8053475328,2016-04-17 23:00:00,1454.0
8053475328,2016-04-18 00:00:00,43.0
8053475328,2016-04-18 01:00:00,309.0
8053475328,2016-04-18 02:00:00,49.0
8053475328,2016-04-18 03:00:00,0.0
8053475328,2016-04-18 04:00:00,0.0
8053475328,2016-04-18 05:00:00,0.0
8053475328,2016-04-18 06:00:00,0.0
8053475328,2016-04-18 07:00:00,0.0
8053475328,2016-04-18 08:00:00,0.0
8053475328,2016-04-18 09:00:00,0.0
8053475328,2016-04-18 10:00:00,0.0
8053475328,2016-04-18 11:00:00,542.0
8053475328,2016-04-18 12:00:00,445.0
8053475328,2016-04-18 13:00:00,4134.0
8053475328,2016-04-18 14:00:00,280.0
8053475328,2016-04-18 15:00:00,244.0
8053475328,2016-04-18 16:00:00,0.0
8053475328,2016-04-18 17:00:00,444.0
8053475328,2016-04-18 18:00:00,639.0
8053475328,2016-04-18 19:00:00,4554.0
8053475328,2016-04-18 20:00:00,24.0
8053475328,2016-04-18 21:00:00,1169.0
8053475328,2016-04-18 22:00:00,3973.0
8053475328,2016-04-18 23:00:00,227.0
8053475328,2016-04-19 00:00:00,158.0
8053475328,2016-04-19 01:00:00,203.0
8053475328,2016-04-19 02:00:00,0.0
8053475328,2016-04-19 03:00:00,0.0
8053475328,2016-04-19 04:00:00,0.0
8053475328,2016-04-19 05:00:00,0.0
8053475328,2016-04-19 06:00:00,0.0
8053475328,2016-04-19 07:00:00,0.0
8053475328,2016-04-19 08:00:00,0.0
8053475328,2016-04-19 09:00:00,0.0
8053475328,2016-04-19 10:00:00,0.0
8053475328,2016-04-19 11:00:00,269.0
8053475328,2016-04-19 12:00:00,463.0
8053475328,2016-04-19 13:00:00,194.0
8053475328,2016-04-19 14:00:00,133.0
8053475328,2016-04-19 15:00:00,1293.0
8053475328,2016-04-19 16:00:00,3116.0
8053475328,2016-04-19 17:00:00,14.0
8053475328,2016-04-19 18:00:00,645.0
8053475328,2016-04-19 19:00:00,4177.0
8053475328,2016-04-19 20:00:00,7.0
8053475328,2016-04-19 21:00:00,1511.0
8053475328,2016-04-19 22:00:00,3619.0
8053475328,2016-04-19 23:00:00,127.0
8053475328,2016-04-20 00:00:00,15.0
8053475328,2016-04-20 01:00:00,100.0
8053475328,2016-04-20 02:00:00,51.0
8053475328,2016-04-20 03:00:00,0.0
8053475328,2016-04-20 04:00:00,0.0
8053475328,2016-04-20 05:00:00,0.0
8053475328,2016-04-20 06:00:00,0.0
8053475328,2016-04-20 07:00:00,0.0
8053475328,2016-04-20 08:00:00,0.0
8053475328,2016-04-20 09:00:00,0.0
8053475328,2016-04-20 10:00:00,104.0
8053475328,2016-04-20 11:00:00,307.0
8053475328,2016-04-20 12:00:00,17.0
8053475328,2016-04-20 13:00:00,344.0
8053475328,2016-04-20 14:00:00,3875.0
8053475328,2016-04-20 15:00:00,239.0
8053475328,2016-04-20 16:00:00,158.0
8053475328,2016-04-20 17:00:00,433.0
8053475328,2016-04-20 18:00:00,1144.0
8053475328,2016-04-20 19:00:00,3166.0
8053475328,2016-04-20 20:00:00,13.0
8053475328,2016-04-20 21:00:00,775.0
8053475328,2016-04-20 22:00:00,4206.0
8053475328,2016-04-20 23:00:00,161.0
8053475328,2016-04-21 00:00:00,0.0
8053475328,2016-04-21 01:00:00,186.0
8053475328,2016-04-21 02:00:00,82.0
8053475328,2016-04-21 03:00:00,0.0
8053475328,2016-04-21 04:00:00,0.0
8053475328,2016-04-21 05:00:00,0.0
8053475328,2016-04-21 06:00:00,0.0
8053475328,2016-04-21 07:00:00,0.0
8053475328,2016-04-21 08:00:00,0.0
8053475328,2016-04-21 09:00:00,0.0
8053475328,2016-04-21 10:00:00,224.0
8053475328,2016-04-21 11:00:00,194.0
8053475328,2016-04-21 12:00:00,246.0
8053475328,2016-04-21 13:00:00,815.0
8053475328,2016-04-21 14:00:00,3411.0
8053475328,2016-04-21 15:00:00,126.0
8053475328,2016-04-21 16:00:00,190.0
8053475328,2016-04-21 17:00:00,531.0
8053475328,2016-04-21 18:00:00,602.0
8053475328,2016-04-21 19:00:00,4308.0
8053475328,2016-04-21 20:00:00,0.0
8053475328,2016-04-21 21:00:00,625.0
8053475328,2016-04-21 22:00:00,4407.0
8053475328,2016-04-21 23:00:00,102.0
8053475328,2016-04-22 00:00:00,18.0
8053475328,2016-04-22 01:00:00,50.0
8053475328,2016-04-22 02:00:00,142.0
8053475328,2016-04-22 03:00:00,0.0
8053475328,2016-04-22 04:00:00,0.0
8053475328,2016-04-22 05:00:00,0.0
8053475328,2016-04-22 06:00:00,0.0
8053475328,2016-04-22 07:00:00,0.0
8053475328,2016-04-22 08:00:00,0.0
8053475328,2016-04-22 09:00:00,0.0
8053475328,2016-04-22 10:00:00,0.0
8053475328,2016-04-22 11:00:00,111.0
8053475328,2016-04-22 12:00:00,34.0
8053475328,2016-04-22 13:00:00,4019.0
8053475328,2016-04-22 14:00:00,14.0
8053475328,2016-04-22 15:00:00,171.0
8053475328,2016-04-22 16:00:00,216.0
8053475328,2016-04-22 17:00:00,109.0
8053475328,2016-04-22 18:00:00,112.0
8053475328,2016-04-22 19:00:00,396.0
8053475328,2016-04-22 20:00:00,4147.0
8053475328,2016-04-22 21:00:00,0.0
8053475328,2016-04-22 22:00:00,696.0
8053475328,2016-04-22 23:00:00,285.0
8053475328,2016-04-23 00:00:00,68.0
8053475328,2016-04-23 01:00:00,0.0
8053475328,2016-04-23 02:00:00,0.0
8053475328,2016-04-23 03:00:00,212.0
8053475328,2016-04-23 04:00:00,0.0
8053475328,2016-04-23 05:00:00,0.0
8053475328,2016-04-23 06:00:00,0.0
8053475328,2016-04-23 07:00:00,0.0
8053475328,2016-04-23 08:00:00,0.0
8053475328,2016-04-23 09:00:00,0.0
8053475328,2016-04-23 10:00:00,0.0
8053475328,2016-04-23 11:00:00,0.0
8053475328,2016-04-23 12:00:00,171.0
8053475328,2016-04-23 13:00:00,4083.0
8053475328,2016-04-23 14:00:00,4669.0
8053475328,2016-04-23 15:00:00,181.0
8053475328,2016-04-23 16:00:00,430.0
8053475328,2016-04-23 17:00:00,1272.0
8053475328,2016-04-23 18:00:00,969.0
8053475328,2016-04-23 19:00:00,4550.0
8053475328,2016-04-23 20:00:00,500.0
8053475328,2016-04-23 21:00:00,869.0
8053475328,2016-04-23 22:00:00,4214.0
8053475328,2016-04-23 23:00:00,171.0
8053475328,2016-04-24 00:00:00,4.0
8053475328,2016-04-24 01:00:00,101.0
8053475328,2016-04-24 02:00:00,139.0
8053475328,2016-04-24 03:00:00,0.0
8053475328,2016-04-24 04:00:00,0.0
8053475328,2016-04-24 05:00:00,0.0
8053475328,2016-04-24 06:00:00,0.0
8053475328,2016-04-24 07:00:00,0.0
8053475328,2016-04-24 08:00:00,0.0
8053475328,2016-04-24 09:00:00,0.0
8053475328,2016-04-24 10:00:00,0.0
8053475328,2016-04-24 11:00:00,0.0
8053475328,2016-04-24 12:00:00,0.0
8053475328,2016-04-24 13:00:00,539.0
8053475328,2016-04-24 14:00:00,5689.0
8053475328,2016-04-24 15:00:00,3604.0
8053475328,2016-04-24 16:00:00,2777.0
8053475328,2016-04-24 17:00:00,804.0
8053475328,2016-04-24 18:00:00,4340.0
8053475328,2016-04-24 19:00:00,310.0
8053475328,2016-04-24 20:00:00,135.0
8053475328,2016-04-24 21:00:00,4400.0
8053475328,2016-04-24 22:00:00,134.0
8053475328,2016-04-24 23:00:00,12.0
8053475328,2016-04-25 00:00:00,0.0
8053475328,2016-04-25 01:00:00,108.0
8053475328,2016-04-25 02:00:00,0.0
8053475328,2016-04-25 03:00:00,0.0
8053475328,2016-04-25 04:00:00,0.0
8053475328,2016-04-25 05:00:00,0.0
8053475328,2016-04-25 06:00:00,0.0
8053475328,2016-04-25 07:00:00,0.0
8053475328,2016-04-25 08:00:00,0.0
8053475328,2016-04-25 09:00:00,0.0
8053475328,2016-04-25 10:00:00,602.0
8053475328,2016-04-25 11:00:00,945.0
8053475328,2016-04-25 12:00:00,265.0
8053475328,2016-04-25 13:00:00,1893.0
8053475328,2016-04-25 14:00:00,2517.0
8053475328,2016-04-25 15:00:00,89.0
8053475328,2016-04-25 16:00:00,398.0
8053475328,2016-04-25 17:00:00,2945.0
8053475328,2016-04-25 18:00:00,1289.0
8053475328,2016-04-25 19:00:00,4219.0
8053475328,2016-04-25 20:00:00,253.0
8053475328,2016-04-25 21:00:00,3034.0
8053475328,2016-04-25 22:00:00,1936.0
8053475328,2016-04-25 23:00:00,7.0
8053475328,2016-04-26 00:00:00,95.0
8053475328,2016-04-26 01:00:00,146.0
8053475328,2016-04-26 02:00:00,140.0
8053475328,2016-04-26 03:00:00,0.0
8053475328,2016-04-26 04:00:00,0.0
8053475328,2016-04-26 05:00:00,0.0
8053475328,2016-04-26 06:00:00,0.0
8053475328,2016-04-26 07:00:00,0.0
8053475328,2016-04-26 08:00:00,0.0
8053475328,2016-04-26 09:00:00,0.0
8053475328,2016-04-26 10:00:00,321.0
8053475328,2016-04-26 11:00:00,210.0
8053475328,2016-04-26 12:00:00,1042.0
8053475328,2016-04-26 13:00:00,4083.0
8053475328,2016-04-26 14:00:00,127.0
8053475328,2016-04-26 15:00:00,430.0
8053475328,2016-04-26 16:00:00,128.0
8053475328,2016-04-26 17:00:00,318.0
8053475328,2016-04-26 18:00:00,3864.0
8053475328,2016-04-26 19:00:00,421.0
8053475328,2016-04-26 20:00:00,9.0
8053475328,2016-04-26 21:00:00,566.0
8053475328,2016-04-26 22:00:00,514.0
8053475328,2016-04-26 23:00:00,271.0
8053475328,2016-04-27 00:00:00,0.0
8053475328,2016-04-27 01:00:00,74.0
8053475328,2016-04-27 02:00:00,276.0
8053475328,2016-04-27 03:00:00,0.0
8053475328,2016-04-27 04:00:00,0.0
8053475328,2016-04-27 05:00:00,0.0
8053475328,2016-04-27 06:00:00,0.0
8053475328,2016-04-27 07:00:00,0.0
8053475328,2016-04-27 08:00:00,0.0
8053475328,2016-04-27 09:00:00,0.0
8053475328,2016-04-27 10:00:00,44.0
8053475328,2016-04-27 11:00:00,399.0
8053475328,2016-04-27 12:00:00,457.0
8053475328,2016-04-27 13:00:00,2681.0
8053475328,2016-04-27 14:00:00,1643.0
8053475328,2016-04-27 15:00:00,0.0
8053475328,2016-04-27 16:00:00,81.0
8053475328,2016-04-27 17:00:00,571.0
8053475328,2016-04-27 18:00:00,224.0
8053475328,2016-04-27 19:00:00,4195.0
8053475328,2016-04-27 20:00:00,0.0
8053475328,2016-04-27 21:00:00,885.0
8053475328,2016-04-27 22:00:00,387.0
8053475328,2016-04-27 23:00:00,505.0
8053475328,2016-04-28 00:00:00,0.0
8053475328,2016-04-28 01:00:00,0.0
8053475328,2016-04-28 02:00:00,0.0
8053475328,2016-04-28 03:00:00,0.0
8053475328,2016-04-28 04:00:00,0.0
8053475328,2016-04-28 05:00:00,0.0
8053475328,2016-04-28 06:00:00,0.0
8053475328,2016-04-28 07:00:00,0.0
8053475328,2016-04-28 08:00:00,0.0
8053475328,2016-04-28 09:00:00,0.0
8053475328,2016-04-28 10:00:00,0.0
8053475328,2016-04-28 11:00:00,229.0
8053475328,2016-04-28 12:00:00,825.0
8053475328,2016-04-28 13:00:00,1413.0
8053475328,2016-04-28 14:00:00,2896.0
8053475328,2016-04-28 15:00:00,116.0
8053475328,2016-04-28 16:00:00,319.0
8053475328,2016-04-28 17:00:00,138.0
8053475328,2016-04-28 18:00:00,316.0
8053475328,2016-04-28 19:00:00,4134.0
8053475328,2016-04-28 20:00:00,9.0
8053475328,2016-04-28 21:00:00,646.0
8053475328,2016-04-28 22:00:00,4183.0
8053475328,2016-04-28 23:00:00,223.0
8053475328,2016-04-29 00:00:00,81.0
8053475328,2016-04-29 01:00:00,0.0
8053475328,2016-04-29 02:00:00,261.0
8053475328,2016-04-29 03:00:00,0.0
8053475328,2016-04-29 04:00:00,0.0
8053475328,2016-04-29 05:00:00,0.0
8053475328,2016-04-29 06:00:00,0.0
8053475328,2016-04-29 07:00:00,0.0
8053475328,2016-04-29 08:00:00,0.0
8053475328,2016-04-29 09:00:00,0.0
8053475328,2016-04-29 10:00:00,0.0
8053475328,2016-04-29 11:00:00,237.0
8053475328,2016-04-29 12:00:00,636.0
8053475328,2016-04-29 13:00:00,231.0
8053475328,2016-04-29 14:00:00,4316.0
8053475328,2016-04-29 15:00:00,175.0
8053475328,2016-04-29 16:00:00,210.0
8053475328,2016-04-29 17:00:00,627.0
8053475328,2016-04-29 18:00:00,2405.0
8053475328,2016-04-29 19:00:00,1968.0
8053475328,2016-04-29 20:00:00,162.0
8053475328,2016-04-29 21:00:00,662.0
8053475328,2016-04-29 22:00:00,265.0
8053475328,2016-04-29 23:00:00,79.0
8053475328,2016-04-30 00:00:00,39.0
8053475328,2016-04-30 01:00:00,255.0
8053475328,2016-04-30 02:00:00,5.0
8053475328,2016-04-30 03:00:00,0.0
8053475328,2016-04-30 04:00:00,290.0
8053475328,2016-04-30 05:00:00,0.0
8053475328,2016-04-30 06:00:00,0.0
8053475328,2016-04-30 07:00:00,0.0
8053475328,2016-04-30 08:00:00,0.0
8053475328,2016-04-30 09:00:00,0.0
8053475328,2016-04-30 10:00:00,0.0
8053475328,2016-04-30 11:00:00,0.0
8053475328,2016-04-30 12:00:00,313.0
8053475328,2016-04-30 13:00:00,0.0
8053475328,2016-04-30 14:00:00,7.0
8053475328,2016-04-30 15:00:00,3851.0
8053475328,2016-04-30 16:00:00,1153.0
8053475328,2016-04-30 17:00:00,813.0
8053475328,2016-04-30 18:00:00,25.0
8053475328,2016-04-30 19:00:00,174.0
8053475328,2016-04-30 20:00:00,64.0
8053475328,2016-04-30 21:00:00,14.0
8053475328,2016-04-30 22:00:00,112.0
8053475328,2016-04-30 23:00:00,20.0
8053475328,2016-05-01 00:00:00,0.0
8053475328,2016-05-01 01:00:00,0.0
8053475328,2016-05-01 02:00:00,0.0
8053475328,2016-05-01 03:00:00,0.0
8053475328,2016-05-01 04:00:00,0.0
8053475328,2016-05-01 05:00:00,0.0
8053475328,2016-05-01 06:00:00,0.0
8053475328,2016-05-01 07:00:00,202.0
8053475328,2016-05-01 08:00:00,0.0
8053475328,2016-05-01 09:00:00,0.0
8053475328,2016-05-01 10:00:00,0.0
8053475328,2016-05-01 11:00:00,0.0
8053475328,2016-05-01 12:00:00,0.0
8053475328,2016-05-01 13:00:00,176.0
8053475328,2016-05-01 14:00:00,382.0
8053475328,2016-05-01 15:00:00,410.0
8053475328,2016-05-01 16:00:00,0.0
8053475328,2016-05-01 17:00:00,0.0
8053475328,2016-05-01 18:00:00,0.0
8053475328,2016-05-01 19:00:00,0.0
8053475328,2016-05-01 20:00:00,0.0
8053475328,2016-05-01 21:00:00,0.0
8053475328,2016-05-01 22:00:00,0.0
8053475328,2016-05-01 23:00:00,0.0
8053475328,2016-05-02 00:00:00,0.0
8053475328,2016-05-02 01:00:00,0.0
8053475328,2016-05-02 02:00:00,0.0
8053475328,2016-05-02 03:00:00,0.0
8053475328,2016-05-02 04:00:00,0.0
8053475328,2016-05-02 05:00:00,0.0
8053475328,2016-05-02 06:00:00,124.0
8053475328,2016-05-02 07:00:00,0.0
8053475328,2016-05-02 08:00:00,0.0
8053475328,2016-05-02 09:00:00,0.0
8053475328,2016-05-02 10:00:00,0.0
8053475328,2016-05-02 11:00:00,0.0
8053475328,2016-05-02 12:00:00,0.0
8053475328,2016-05-02 13:00:00,0.0
8053475328,2016-05-02 14:00:00,0.0
8053475328,2016-05-02 15:00:00,0.0
8053475328,2016-05-02 16:00:00,0.0
8053475328,2016-05-02 17:00:00,87.0
8053475328,2016-05-02 18:00:00,663.0
8053475328,2016-05-02 19:00:00,721.0
8053475328,2016-05-02 20:00:00,49.0
8053475328,2016-05-02 21:00:00,58.0
8053475328,2016-05-02 22:00:00,147.0
8053475328,2016-05-02 23:00:00,120.0
8053475328,2016-05-03 00:00:00,316.0
8053475328,2016-05-03 01:00:00,147.0
8053475328,2016-05-03 02:00:00,0.0
8053475328,2016-05-03 03:00:00,0.0
8053475328,2016-05-03 04:00:00,0.0
8053475328,2016-05-03 05:00:00,0.0
8053475328,2016-05-03 06:00:00,0.0
8053475328,2016-05-03 07:00:00,0.0
8053475328,2016-05-03 08:00:00,0.0
8053475328,2016-05-03 09:00:00,0.0
8053475328,2016-05-03 10:00:00,0.0
8053475328,2016-05-03 11:00:00,0.0
8053475328,2016-05-03 12:00:00,273.0
8053475328,2016-05-03 13:00:00,156.0
8053475328,2016-05-03 14:00:00,4407.0
8053475328,2016-05-03 15:00:00,359.0
8053475328,2016-05-03 16:00:00,509.0
8053475328,2016-05-03 17:00:00,3934.0
8053475328,2016-05-03 18:00:00,502.0
8053475328,2016-05-03 19:00:00,3641.0
8053475328,2016-05-03 20:00:00,601.0
8053475328,2016-05-03 21:00:00,383.0
8053475328,2016-05-03 22:00:00,256.0
8053475328,2016-05-03 23:00:00,0.0
8053475328,2016-05-04 00:00:00,66.0
8053475328,2016-05-04 01:00:00,0.0
8053475328,2016-05-04 02:00:00,180.0
8053475328,2016-05-04 03:00:00,0.0
8053475328,2016-05-04 04:00:00,0.0
8053475328,2016-05-04 05:00:00,0.0
8053475328,2016-05-04 06:00:00,0.0
8053475328,2016-05-04 07:00:00,0.0
8053475328,2016-05-04 08:00:00,0.0
8053475328,2016-05-04 09:00:00,0.0
8053475328,2016-05-04 10:00:00,0.0
8053475328,2016-05-04 11:00:00,0.0
8053475328,2016-05-04 12:00:00,395.0
8053475328,2016-05-04 13:00:00,138.0
8053475328,2016-05-04 14:00:00,4075.0
8053475328,2016-05-04 15:00:00,159.0
8053475328,2016-05-04 16:00:00,354.0
8053475328,2016-05-04 17:00:00,20.0
8053475328,2016-05-04 18:00:00,127.0
8053475328,2016-05-04 19:00:00,3961.0
8053475328,2016-05-04 20:00:00,37.0
8053475328,2016-05-04 21:00:00,2853.0
8053475328,2016-05-04 22:00:00,2135.0
8053475328,2016-05-04 23:00:00,63.0
8053475328,2016-05-05 00:00:00,25.0
8053475328,2016-05-05 01:00:00,0.0
8053475328,2016-05-05 02:00:00,59.0
8053475328,2016-05-05 03:00:00,0.0
8053475328,2016-05-05 04:00:00,0.0
8053475328,2016-05-05 05:00:00,0.0
8053475328,2016-05-05 06:00:00,0.0
8053475328,2016-05-05 07:00:00,0.0
8053475328,2016-05-05 08:00:00,0.0
8053475328,2016-05-05 09:00:00,0.0
8053475328,2016-05-05 10:00:00,0.0
8053475328,2016-05-05 11:00:00,143.0
8053475328,2016-05-05 12:00:00,532.0
8053475328,2016-05-05 13:00:00,222.0
8053475328,2016-05-05 14:00:00,3848.0
8053475328,2016-05-05 15:00:00,175.0
8053475328,2016-05-05 16:00:00,67.0
8053475328,2016-05-05 17:00:00,270.0
8053475328,2016-05-05 18:00:00,576.0
8053475328,2016-05-05 19:00:00,4501.0
8053475328,2016-05-05 20:00:00,13.0
8053475328,2016-05-05 21:00:00,4119.0
8053475328,2016-05-05 22:00:00,440.0
8053475328,2016-05-05 23:00:00,0.0
8053475328,2016-05-06 00:00:00,64.0
8053475328,2016-05-06 01:00:00,77.0
8053475328,2016-05-06 02:00:00,82.0
8053475328,2016-05-06 03:00:00,0.0
8053475328,2016-05-06 04:00:00,0.0
8053475328,2016-05-06 05:00:00,0.0
8053475328,2016-05-06 06:00:00,0.0
8053475328,2016-05-06 07:00:00,0.0
8053475328,2016-05-06 08:00:00,0.0
8053475328,2016-05-06 09:00:00,0.0
8053475328,2016-05-06 10:00:00,0.0
8053475328,2016-05-06 11:00:00,0.0
8053475328,2016-05-06 12:00:00,0.0
8053475328,2016-05-06 13:00:00,240.0
8053475328,2016-05-06 14:00:00,4251.0
8053475328,2016-05-06 15:00:00,0.0
8053475328,2016-05-06 16:00:00,0.0
8053475328,2016-05-06 17:00:00,81.0
8053475328,2016-05-06 18:00:00,184.0
8053475328,2016-05-06 19:00:00,4010.0
8053475328,2016-05-06 20:00:00,0.0
8053475328,2016-05-06 21:00:00,1532.0
8053475328,2016-05-06 22:00:00,3395.0
8053475328,2016-05-06 23:00:00,37.0
8053475328,2016-05-07 00:00:00,80.0
8053475328,2016-05-07 01:00:00,0.0
8053475328,2016-05-07 02:00:00,0.0
8053475328,2016-05-07 03:00:00,0.0
8053475328,2016-05-07 04:00:00,58.0
8053475328,2016-05-07 05:00:00,0.0
8053475328,2016-05-07 06:00:00,0.0
8053475328,2016-05-07 07:00:00,0.0
8053475328,2016-05-07 08:00:00,0.0
8053475328,2016-05-07 09:00:00,0.0
8053475328,2016-05-07 10:00:00,0.0
8053475328,2016-05-07 11:00:00,0.0
8053475328,2016-05-07 12:00:00,0.0
8053475328,2016-05-07 13:00:00,179.0
8053475328,2016-05-07 14:00:00,3349.0
8053475328,2016-05-07 15:00:00,980.0
8053475328,2016-05-07 16:00:00,4746.0
8053475328,2016-05-07 17:00:00,2344.0
8053475328,2016-05-07 18:00:00,606.0
8053475328,2016-05-07 19:00:00,4255.0
8053475328,2016-05-07 20:00:00,0.0
8053475328,2016-05-07 21:00:00,970.0
8053475328,2016-05-07 22:00:00,2070.0
8053475328,2016-05-07 23:00:00,132.0
8053475328,2016-05-08 00:00:00,230.0
8053475328,2016-05-08 01:00:00,8.0
8053475328,2016-05-08 02:00:00,87.0
8053475328,2016-05-08 03:00:00,19.0
8053475328,2016-05-08 04:00:00,157.0
8053475328,2016-05-08 05:00:00,0.0
8053475328,2016-05-08 06:00:00,0.0
8053475328,2016-05-08 07:00:00,0.0
8053475328,2016-05-08 08:00:00,0.0
8053475328,2016-05-08 09:00:00,0.0
8053475328,2016-05-08 10:00:00,0.0
8053475328,2016-05-08 11:00:00,0.0
8053475328,2016-05-08 12:00:00,177.0
8053475328,2016-05-08 13:00:00,6.0
8053475328,2016-05-08 14:00:00,4214.0
8053475328,2016-05-08 15:00:00,575.0
8053475328,2016-05-08 16:00:00,919.0
8053475328,2016-05-08 17:00:00,1310.0
8053475328,2016-05-08 18:00:00,910.0
8053475328,2016-05-08 19:00:00,4336.0
8053475328,2016-05-08 20:00:00,143.0
8053475328,2016-05-08 21:00:00,7617.0
8053475328,2016-05-08 22:00:00,1255.0
8053475328,2016-05-08 23:00:00,63.0
8053475328,2016-05-09 00:00:00,0.0
8053475328,2016-05-09 01:00:00,50.0
8053475328,2016-05-09 02:00:00,0.0
8053475328,2016-05-09 03:00:00,34.0
8053475328,2016-05-09 04:00:00,0.0
8053475328,2016-05-09 05:00:00,0.0
8053475328,2016-05-09 06:00:00,0.0
8053475328,2016-05-09 07:00:00,0.0
8053475328,2016-05-09 08:00:00,0.0
8053475328,2016-05-09 09:00:00,0.0
8053475328,2016-05-09 10:00:00,0.0
8053475328,2016-05-09 11:00:00,0.0
8053475328,2016-05-09 12:00:00,532.0
8053475328,2016-05-09 13:00:00,1580.0
8053475328,2016-05-09 14:00:00,4983.0
8053475328,2016-05-09 15:00:00,81.0
8053475328,2016-05-09 16:00:00,140.0
8053475328,2016-05-09 17:00:00,198.0
8053475328,2016-05-09 18:00:00,4074.0
8053475328,2016-05-09 19:00:00,15.0
8053475328,2016-05-09 20:00:00,7.0
8053475328,2016-05-09 21:00:00,693.0
8053475328,2016-05-09 22:00:00,25.0
8053475328,2016-05-09 23:00:00,53.0
8053475328,2016-05-10 00:00:00,20.0
8053475328,2016-05-10 01:00:00,0.0
8053475328,2016-05-10 02:00:00,162.0
8053475328,2016-05-10 03:00:00,0.0
8053475328,2016-05-10 04:00:00,0.0
8053475328,2016-05-10 05:00:00,0.0
8053475328,2016-05-10 06:00:00,0.0
8053475328,2016-05-10 07:00:00,0.0
8053475328,2016-05-10 08:00:00,0.0
8053475328,2016-05-10 09:00:00,0.0
8053475328,2016-05-10 10:00:00,0.0
8053475328,2016-05-10 11:00:00,115.0
8053475328,2016-05-10 12:00:00,71.0
8053475328,2016-05-10 13:00:00,3485.0
8053475328,2016-05-10 14:00:00,666.0
8053475328,2016-05-10 15:00:00,234.0
8053475328,2016-05-10 16:00:00,349.0
8053475328,2016-05-10 17:00:00,4496.0
8053475328,2016-05-10 18:00:00,1641.0
8053475328,2016-05-10 19:00:00,2755.0
8053475328,2016-05-10 20:00:00,4.0
8053475328,2016-05-10 21:00:00,545.0
8053475328,2016-05-10 22:00:00,126.0
8053475328,2016-05-10 23:00:00,141.0
8053475328,2016-05-11 00:00:00,55.0
8053475328,2016-05-11 01:00:00,5.0
8053475328,2016-05-11 02:00:00,11.0
8053475328,2016-05-11 03:00:00,8.0
8053475328,2016-05-11 04:00:00,98.0
8053475328,2016-05-11 05:00:00,0.0
8053475328,2016-05-11 06:00:00,0.0
8053475328,2016-05-11 07:00:00,0.0
8053475328,2016-05-11 08:00:00,0.0
8053475328,2016-05-11 09:00:00,0.0
8053475328,2016-05-11 10:00:00,0.0
8053475328,2016-05-11 11:00:00,44.0
8053475328,2016-05-11 12:00:00,662.0
8053475328,2016-05-11 13:00:00,309.0
8053475328,2016-05-11 14:00:00,2789.0
8053475328,2016-05-11 15:00:00,1699.0
8053475328,2016-05-11 16:00:00,770.0
8053475328,2016-05-11 17:00:00,730.0
8053475328,2016-05-11 18:00:00,3960.0
8053475328,2016-05-11 19:00:00,8.0
8053475328,2016-05-11 20:00:00,0.0
8053475328,2016-05-11 21:00:00,896.0
8053475328,2016-05-11 22:00:00,49.0
8053475328,2016-05-11 23:00:00,116.0
8053475328,2016-05-12 00:00:00,33.0
8053475328,2016-05-12 01:00:00,0.0
8053475328,2016-05-12 02:00:00,109.0
8053475328,2016-05-12 03:00:00,0.0
8053475328,2016-05-12 04:00:00,0.0
8053475328,2016-05-12 05:00:00,0.0
8053475328,2016-05-12 06:00:00,0.0
8053475328,2016-05-12 07:00:00,0.0
8053475328,2016-05-12 08:00:00,0.0
8053475328,2016-05-12 09:00:00,0.0
8053475328,2016-05-12 10:00:00,0.0
8053475328,2016-05-12 11:00:00,0.0
8053475328,2016-05-12 12:00:00,487.0
8053475328,2016-05-12 13:00:00,0.0
8053475328,2016-05-12 14:00:00,4266.0
8253242879,2016-04-12 00:00:00,0.0
8253242879,2016-04-12 01:00:00,0.0
8253242879,2016-04-12 02:00:00,0.0
8253242879,2016-04-12 03:00:00,0.0
8253242879,2016-04-12 04:00:00,0.0
8253242879,2016-04-12 05:00:00,0.0
8253242879,2016-04-12 06:00:00,0.0
8253242879,2016-04-12 07:00:00,0.0
8253242879,2016-04-12 08:00:00,0.0
8253242879,2016-04-12 09:00:00,0.0
8253242879,2016-04-12 10:00:00,5007.0
8253242879,2016-04-12 11:00:00,1791.0
8253242879,2016-04-12 12:00:00,463.0
8253242879,2016-04-12 13:00:00,64.0
8253242879,2016-04-12 14:00:00,332.0
8253242879,2016-04-12 15:00:00,32.0
8253242879,2016-04-12 16:00:00,266.0
8253242879,2016-04-12 17:00:00,269.0
8253242879,2016-04-12 18:00:00,126.0
8253242879,2016-04-12 19:00:00,105.0
8253242879,2016-04-12 20:00:00,142.0
8253242879,2016-04-12 21:00:00,106.0
8253242879,2016-04-12 22:00:00,167.0
8253242879,2016-04-12 23:00:00,163.0
8253242879,2016-04-13 00:00:00,0.0
8253242879,2016-04-13 01:00:00,0.0
8253242879,2016-04-13 02:00:00,0.0
8253242879,2016-04-13 03:00:00,0.0
8253242879,2016-04-13 04:00:00,0.0
8253242879,2016-04-13 05:00:00,0.0
8253242879,2016-04-13 06:00:00,0.0
8253242879,2016-04-13 07:00:00,0.0
8253242879,2016-04-13 08:00:00,0.0
8253242879,2016-04-13 09:00:00,0.0
8253242879,2016-04-13 10:00:00,0.0
8253242879,2016-04-13 11:00:00,52.0
8253242879,2016-04-13 12:00:00,6291.0
8253242879,2016-04-13 13:00:00,367.0
8253242879,2016-04-13 14:00:00,177.0
8253242879,2016-04-13 15:00:00,317.0
8253242879,2016-04-13 16:00:00,13.0
8253242879,2016-04-13 17:00:00,207.0
8253242879,2016-04-13 18:00:00,0.0
8253242879,2016-04-13 19:00:00,22.0
8253242879,2016-04-13 20:00:00,142.0
8253242879,2016-04-13 21:00:00,204.0
8253242879,2016-04-13 22:00:00,98.0
8253242879,2016-04-13 23:00:00,163.0
8253242879,2016-04-14 00:00:00,0.0
8253242879,2016-04-14 01:00:00,0.0
8253242879,2016-04-14 02:00:00,0.0
8253242879,2016-04-14 03:00:00,0.0
8253242879,2016-04-14 04:00:00,0.0
8253242879,2016-04-14 05:00:00,0.0
8253242879,2016-04-14 06:00:00,0.0
8253242879,2016-04-14 07:00:00,0.0
8253242879,2016-04-14 08:00:00,0.0
8253242879,2016-04-14 09:00:00,0.0
8253242879,2016-04-14 10:00:00,3181.0
8253242879,2016-04-14 11:00:00,1929.0
8253242879,2016-04-14 12:00:00,99.0
8253242879,2016-04-14 13:00:00,25.0
8253242879,2016-04-14 14:00:00,0.0
8253242879,2016-04-14 15:00:00,0.0
8253242879,2016-04-14 16:00:00,0.0
8253242879,2016-04-14 17:00:00,0.0
8253242879,2016-04-14 18:00:00,0.0
8253242879,2016-04-14 19:00:00,0.0
8253242879,2016-04-14 20:00:00,0.0
8253242879,2016-04-14 21:00:00,0.0
8253242879,2016-04-14 22:00:00,0.0
8253242879,2016-04-14 23:00:00,0.0
8253242879,2016-04-15 00:00:00,0.0
8253242879,2016-04-15 01:00:00,0.0
8253242879,2016-04-15 02:00:00,0.0
8253242879,2016-04-15 03:00:00,0.0
8253242879,2016-04-15 04:00:00,0.0
8253242879,2016-04-15 05:00:00,0.0
8253242879,2016-04-15 06:00:00,0.0
8253242879,2016-04-15 07:00:00,0.0
8253242879,2016-04-15 08:00:00,0.0
8253242879,2016-04-15 09:00:00,0.0
8253242879,2016-04-15 10:00:00,0.0
8253242879,2016-04-15 11:00:00,0.0
8253242879,2016-04-15 12:00:00,174.0
8253242879,2016-04-15 13:00:00,631.0
8253242879,2016-04-15 14:00:00,85.0
8253242879,2016-04-15 15:00:00,0.0
8253242879,2016-04-15 16:00:00,177.0
8253242879,2016-04-15 17:00:00,779.0
8253242879,2016-04-15 18:00:00,207.0
8253242879,2016-04-15 19:00:00,76.0
8253242879,2016-04-15 20:00:00,175.0
8253242879,2016-04-15 21:00:00,74.0
8253242879,2016-04-15 22:00:00,119.0
8253242879,2016-04-15 23:00:00,175.0
8253242879,2016-04-16 00:00:00,0.0
8253242879,2016-04-16 01:00:00,0.0
8253242879,2016-04-16 02:00:00,0.0
8253242879,2016-04-16 03:00:00,0.0
8253242879,2016-04-16 04:00:00,0.0
8253242879,2016-04-16 05:00:00,0.0
8253242879,2016-04-16 06:00:00,0.0
8253242879,2016-04-16 07:00:00,0.0
8253242879,2016-04-16 08:00:00,0.0
8253242879,2016-04-16 09:00:00,0.0
8253242879,2016-04-16 10:00:00,505.0
8253242879,2016-04-16 11:00:00,0.0
8253242879,2016-04-16 12:00:00,3318.0
8253242879,2016-04-16 13:00:00,3676.0
8253242879,2016-04-16 14:00:00,450.0
8253242879,2016-04-16 15:00:00,103.0
8253242879,2016-04-16 16:00:00,67.0
8253242879,2016-04-16 17:00:00,7.0
8253242879,2016-04-16 18:00:00,11.0
8253242879,2016-04-16 19:00:00,0.0
8253242879,2016-04-16 20:00:00,176.0
8253242879,2016-04-16 21:00:00,270.0
8253242879,2016-04-16 22:00:00,532.0
8253242879,2016-04-16 23:00:00,141.0
8253242879,2016-04-17 00:00:00,0.0
8253242879,2016-04-17 01:00:00,0.0
8253242879,2016-04-17 02:00:00,0.0
8253242879,2016-04-17 03:00:00,0.0
8253242879,2016-04-17 04:00:00,0.0
8253242879,2016-04-17 05:00:00,0.0
8253242879,2016-04-17 06:00:00,0.0
8253242879,2016-04-17 07:00:00,0.0
8253242879,2016-04-17 08:00:00,0.0
8253242879,2016-04-17 09:00:00,161.0
8253242879,2016-04-17 10:00:00,6715.0
8253242879,2016-04-17 11:00:00,411.0
8253242879,2016-04-17 12:00:00,261.0
8253242879,2016-04-17 13:00:00,0.0
8253242879,2016-04-17 14:00:00,601.0
8253242879,2016-04-17 15:00:00,71.0
8253242879,2016-04-17 16:00:00,390.0
8253242879,2016-04-17 17:00:00,1005.0
8253242879,2016-04-17 18:00:00,199.0
8253242879,2016-04-17 19:00:00,173.0
8253242879,2016-04-17 20:00:00,66.0
8253242879,2016-04-17 21:00:00,55.0
8253242879,2016-04-17 22:00:00,96.0
8253242879,2016-04-17 23:00:00,0.0
8253242879,2016-04-18 00:00:00,0.0
8253242879,2016-04-18 01:00:00,0.0
8253242879,2016-04-18 02:00:00,0.0
8253242879,2016-04-18 03:00:00,0.0
8253242879,2016-04-18 04:00:00,0.0
8253242879,2016-04-18 05:00:00,0.0
8253242879,2016-04-18 06:00:00,0.0
8253242879,2016-04-18 07:00:00,0.0
8253242879,2016-04-18 08:00:00,0.0
8253242879,2016-04-18 09:00:00,971.0
8253242879,2016-04-18 10:00:00,1832.0
8253242879,2016-04-18 11:00:00,271.0
8253242879,2016-04-18 12:00:00,304.0
8253242879,2016-04-18 13:00:00,0.0
8253242879,2016-04-18 14:00:00,446.0
8253242879,2016-04-18 15:00:00,491.0
8253242879,2016-04-18 16:00:00,448.0
8253242879,2016-04-18 17:00:00,0.0
8253242879,2016-04-18 18:00:00,124.0
8253242879,2016-04-18 19:00:00,80.0
8253242879,2016-04-18 20:00:00,77.0
8253242879,2016-04-18 21:00:00,0.0
8253242879,2016-04-18 22:00:00,58.0
8253242879,2016-04-18 23:00:00,49.0
8253242879,2016-04-19 00:00:00,0.0
8253242879,2016-04-19 01:00:00,0.0
8253242879,2016-04-19 02:00:00,0.0
8253242879,2016-04-19 03:00:00,0.0
8253242879,2016-04-19 04:00:00,0.0
8253242879,2016-04-19 05:00:00,0.0
8253242879,2016-04-19 06:00:00,0.0
8253242879,2016-04-19 07:00:00,0.0
8253242879,2016-04-19 08:00:00,0.0
8253242879,2016-04-19 09:00:00,272.0
8253242879,2016-04-19 10:00:00,401.0
8253242879,2016-04-19 11:00:00,0.0
8253242879,2016-04-19 12:00:00,136.0
8253242879,2016-04-19 13:00:00,649.0
8253242879,2016-04-19 14:00:00,878.0
8253242879,2016-04-19 15:00:00,181.0
8253242879,2016-04-19 16:00:00,450.0
8253242879,2016-04-19 17:00:00,360.0
8253242879,2016-04-19 18:00:00,46.0
8253242879,2016-04-19 19:00:00,128.0
8253242879,2016-04-19 20:00:00,21.0
8253242879,2016-04-19 21:00:00,283.0
8253242879,2016-04-19 22:00:00,108.0
8253242879,2016-04-19 23:00:00,299.0
8253242879,2016-04-20 00:00:00,0.0
8253242879,2016-04-20 01:00:00,0.0
8253242879,2016-04-20 02:00:00,0.0
8253242879,2016-04-20 03:00:00,0.0
8253242879,2016-04-20 04:00:00,0.0
8253242879,2016-04-20 05:00:00,0.0
8253242879,2016-04-20 06:00:00,0.0
8253242879,2016-04-20 07:00:00,429.0
8253242879,2016-04-20 08:00:00,119.0
8253242879,2016-04-20 09:00:00,72.0
8253242879,2016-04-20 10:00:00,512.0
8253242879,2016-04-20 11:00:00,708.0
8253242879,2016-04-20 12:00:00,709.0
8253242879,2016-04-20 13:00:00,1253.0
8253242879,2016-04-20 14:00:00,126.0
8253242879,2016-04-20 15:00:00,7.0
8253242879,2016-04-20 16:00:00,233.0
8253242879,2016-04-20 17:00:00,874.0
8253242879,2016-04-20 18:00:00,679.0
8253242879,2016-04-20 19:00:00,274.0
8253242879,2016-04-20 20:00:00,0.0
8253242879,2016-04-20 21:00:00,93.0
8253242879,2016-04-20 22:00:00,319.0
8253242879,2016-04-20 23:00:00,59.0
8253242879,2016-04-21 00:00:00,0.0
8253242879,2016-04-21 01:00:00,0.0
8253242879,2016-04-21 02:00:00,0.0
8253242879,2016-04-21 03:00:00,0.0
8253242879,2016-04-21 04:00:00,0.0
8253242879,2016-04-21 05:00:00,0.0
8253242879,2016-04-21 06:00:00,0.0
8253242879,2016-04-21 07:00:00,0.0
8253242879,2016-04-21 08:00:00,524.0
8253242879,2016-04-21 09:00:00,135.0
8253242879,2016-04-21 10:00:00,0.0
8253242879,2016-04-21 11:00:00,7183.0
8253242879,2016-04-21 12:00:00,1139.0
8253242879,2016-04-21 13:00:00,58.0
8253242879,2016-04-21 14:00:00,241.0
8253242879,2016-04-21 15:00:00,199.0
8253242879,2016-04-21 16:00:00,430.0
8253242879,2016-04-21 17:00:00,165.0
8253242879,2016-04-21 18:00:00,138.0
8253242879,2016-04-21 19:00:00,134.0
8253242879,2016-04-21 20:00:00,325.0
8253242879,2016-04-21 21:00:00,238.0
8253242879,2016-04-21 22:00:00,221.0
8253242879,2016-04-21 23:00:00,138.0
8253242879,2016-04-22 00:00:00,0.0
8253242879,2016-04-22 01:00:00,0.0
8253242879,2016-04-22 02:00:00,0.0
8253242879,2016-04-22 03:00:00,0.0
8253242879,2016-04-22 04:00:00,0.0
8253242879,2016-04-22 05:00:00,0.0
8253242879,2016-04-22 06:00:00,0.0
8253242879,2016-04-22 07:00:00,0.0
8253242879,2016-04-22 08:00:00,0.0
8253242879,2016-04-22 09:00:00,0.0
8253242879,2016-04-22 10:00:00,0.0
8253242879,2016-04-22 11:00:00,0.0
8253242879,2016-04-22 12:00:00,0.0
8253242879,2016-04-22 13:00:00,616.0
8253242879,2016-04-22 14:00:00,341.0
8253242879,2016-04-22 15:00:00,120.0
8253242879,2016-04-22 16:00:00,58.0
8253242879,2016-04-22 17:00:00,587.0
8253242879,2016-04-22 18:00:00,177.0
8253242879,2016-04-22 19:00:00,149.0
8253242879,2016-04-22 20:00:00,304.0
8253242879,2016-04-22 21:00:00,123.0
8253242879,2016-04-22 22:00:00,186.0
8253242879,2016-04-22 23:00:00,163.0
8253242879,2016-04-23 00:00:00,0.0
8253242879,2016-04-23 01:00:00,0.0
8253242879,2016-04-23 02:00:00,0.0
8253242879,2016-04-23 03:00:00,0.0
8253242879,2016-04-23 04:00:00,0.0
8253242879,2016-04-23 05:00:00,0.0
8253242879,2016-04-23 06:00:00,0.0
8253242879,2016-04-23 07:00:00,0.0
8253242879,2016-04-23 08:00:00,0.0
8253242879,2016-04-23 09:00:00,584.0
8253242879,2016-04-23 10:00:00,162.0
8253242879,2016-04-23 11:00:00,3274.0
8253242879,2016-04-23 12:00:00,1695.0
8253242879,2016-04-23 13:00:00,293.0
8253242879,2016-04-23 14:00:00,479.0
8253242879,2016-04-23 15:00:00,215.0
8253242879,2016-04-23 16:00:00,790.0
8253242879,2016-04-23 17:00:00,203.0
8253242879,2016-04-23 18:00:00,620.0
8253242879,2016-04-23 19:00:00,515.0
8253242879,2016-04-23 20:00:00,93.0
8253242879,2016-04-23 21:00:00,0.0
8253242879,2016-04-23 22:00:00,144.0
8253242879,2016-04-23 23:00:00,215.0
8253242879,2016-04-24 00:00:00,0.0
8253242879,2016-04-24 01:00:00,0.0
8253242879,2016-04-24 02:00:00,0.0
8253242879,2016-04-24 03:00:00,0.0
8253242879,2016-04-24 04:00:00,0.0
8253242879,2016-04-24 05:00:00,0.0
8253242879,2016-04-24 06:00:00,0.0
8253242879,2016-04-24 07:00:00,0.0
8253242879,2016-04-24 08:00:00,0.0
8253242879,2016-04-24 09:00:00,210.0
8253242879,2016-04-24 10:00:00,165.0
8253242879,2016-04-24 11:00:00,5348.0
8253242879,2016-04-24 12:00:00,1613.0
8253242879,2016-04-24 13:00:00,399.0
8253242879,2016-04-24 14:00:00,173.0
8253242879,2016-04-24 15:00:00,66.0
8253242879,2016-04-24 16:00:00,0.0
8253242879,2016-04-24 17:00:00,184.0
8253242879,2016-04-24 18:00:00,418.0
8253242879,2016-04-24 19:00:00,151.0
8253242879,2016-04-24 20:00:00,0.0
8253242879,2016-04-24 21:00:00,87.0
8253242879,2016-04-24 22:00:00,0.0
8253242879,2016-04-24 23:00:00,91.0
8253242879,2016-04-25 00:00:00,0.0
8253242879,2016-04-25 01:00:00,0.0
8253242879,2016-04-25 02:00:00,0.0
8253242879,2016-04-25 03:00:00,0.0
8253242879,2016-04-25 04:00:00,0.0
8253242879,2016-04-25 05:00:00,0.0
8253242879,2016-04-25 06:00:00,0.0
8253242879,2016-04-25 07:00:00,0.0
8253242879,2016-04-25 08:00:00,686.0
8253242879,2016-04-25 09:00:00,320.0
8253242879,2016-04-25 10:00:00,0.0
8253242879,2016-04-25 11:00:00,13.0
8253242879,2016-04-25 12:00:00,34.0
8253242879,2016-04-25 13:00:00,632.0
8253242879,2016-04-25 14:00:00,643.0
8253242879,2016-04-25 15:00:00,2308.0
8253242879,2016-04-25 16:00:00,2167.0
8253242879,2016-04-25 17:00:00,26.0
8253242879,2016-04-25 18:00:00,0.0
8253242879,2016-04-25 19:00:00,0.0
8253242879,2016-04-25 20:00:00,0.0
8253242879,2016-04-25 21:00:00,0.0
8253242879,2016-04-25 22:00:00,0.0
8253242879,2016-04-25 23:00:00,0.0
8253242879,2016-04-26 00:00:00,0.0
8253242879,2016-04-26 01:00:00,0.0
8253242879,2016-04-26 02:00:00,0.0
8253242879,2016-04-26 03:00:00,0.0
8253242879,2016-04-26 04:00:00,0.0
8253242879,2016-04-26 05:00:00,0.0
8253242879,2016-04-26 06:00:00,0.0
8253242879,2016-04-26 07:00:00,0.0
8253242879,2016-04-26 08:00:00,0.0
8253242879,2016-04-26 09:00:00,0.0
8253242879,2016-04-26 10:00:00,0.0
8253242879,2016-04-26 11:00:00,56.0
8253242879,2016-04-26 12:00:00,2762.0
8253242879,2016-04-26 13:00:00,347.0
8253242879,2016-04-26 14:00:00,194.0
8253242879,2016-04-26 15:00:00,14.0
8253242879,2016-04-26 16:00:00,155.0
8253242879,2016-04-26 17:00:00,234.0
8253242879,2016-04-26 18:00:00,81.0
8253242879,2016-04-26 19:00:00,99.0
8253242879,2016-04-26 20:00:00,0.0
8253242879,2016-04-26 21:00:00,223.0
8253242879,2016-04-26 22:00:00,194.0
8253242879,2016-04-26 23:00:00,203.0
8253242879,2016-04-27 00:00:00,0.0
8253242879,2016-04-27 01:00:00,0.0
8253242879,2016-04-27 02:00:00,0.0
8253242879,2016-04-27 03:00:00,0.0
8253242879,2016-04-27 04:00:00,0.0
8253242879,2016-04-27 05:00:00,0.0
8253242879,2016-04-27 06:00:00,0.0
8253242879,2016-04-27 07:00:00,0.0
8253242879,2016-04-27 08:00:00,0.0
8253242879,2016-04-27 09:00:00,0.0
8253242879,2016-04-27 10:00:00,0.0
8253242879,2016-04-27 11:00:00,7652.0
8253242879,2016-04-27 12:00:00,249.0
8253242879,2016-04-27 13:00:00,385.0
8253242879,2016-04-27 14:00:00,412.0
8253242879,2016-04-27 15:00:00,0.0
8253242879,2016-04-27 16:00:00,82.0
8253242879,2016-04-27 17:00:00,240.0
8253242879,2016-04-27 18:00:00,40.0
8253242879,2016-04-27 19:00:00,76.0
8253242879,2016-04-27 20:00:00,162.0
8253242879,2016-04-27 21:00:00,80.0
8253242879,2016-04-27 22:00:00,193.0
8253242879,2016-04-27 23:00:00,661.0
8253242879,2016-04-28 00:00:00,0.0
8253242879,2016-04-28 01:00:00,0.0
8253242879,2016-04-28 02:00:00,0.0
8253242879,2016-04-28 03:00:00,0.0
8253242879,2016-04-28 04:00:00,0.0
8253242879,2016-04-28 05:00:00,0.0
8253242879,2016-04-28 06:00:00,0.0
8253242879,2016-04-28 07:00:00,0.0
8253242879,2016-04-28 08:00:00,0.0
8253242879,2016-04-28 09:00:00,0.0
8253242879,2016-04-28 10:00:00,0.0
8253242879,2016-04-28 11:00:00,0.0
8253242879,2016-04-28 12:00:00,2557.0
8253242879,2016-04-28 13:00:00,161.0
8253242879,2016-04-28 14:00:00,0.0
8253242879,2016-04-28 15:00:00,0.0
8253242879,2016-04-28 16:00:00,0.0
8253242879,2016-04-28 17:00:00,0.0
8253242879,2016-04-28 18:00:00,0.0
8253242879,2016-04-28 19:00:00,0.0
8253242879,2016-04-28 20:00:00,0.0
8253242879,2016-04-28 21:00:00,0.0
8253242879,2016-04-28 22:00:00,0.0
8253242879,2016-04-28 23:00:00,0.0
8253242879,2016-04-29 00:00:00,0.0
8253242879,2016-04-29 01:00:00,0.0
8253242879,2016-04-29 02:00:00,0.0
8253242879,2016-04-29 03:00:00,0.0
8253242879,2016-04-29 04:00:00,0.0
8253242879,2016-04-29 05:00:00,0.0
8253242879,2016-04-29 06:00:00,0.0
8253242879,2016-04-29 07:00:00,0.0
8253242879,2016-04-29 08:00:00,0.0
8253242879,2016-04-29 09:00:00,28.0
8253242879,2016-04-29 10:00:00,0.0
8253242879,2016-04-29 11:00:00,0.0
8253242879,2016-04-29 12:00:00,3232.0
8253242879,2016-04-29 13:00:00,491.0
8253242879,2016-04-29 14:00:00,91.0
8253242879,2016-04-29 15:00:00,230.0
8253242879,2016-04-29 16:00:00,544.0
8253242879,2016-04-29 17:00:00,103.0
8253242879,2016-04-29 18:00:00,33.0
8253242879,2016-04-29 19:00:00,89.0
8253242879,2016-04-29 20:00:00,469.0
8253242879,2016-04-29 21:00:00,362.0
8253242879,2016-04-29 22:00:00,265.0
8378563200,2016-04-12 00:00:00,0.0
8378563200,2016-04-12 01:00:00,51.0
8378563200,2016-04-12 02:00:00,0.0
8378563200,2016-04-12 03:00:00,0.0
8378563200,2016-04-12 04:00:00,289.0
8378563200,2016-04-12 05:00:00,0.0
8378563200,2016-04-12 06:00:00,322.0
8378563200,2016-04-12 07:00:00,735.0
8378563200,2016-04-12 08:00:00,1513.0
8378563200,2016-04-12 09:00:00,61.0
8378563200,2016-04-12 10:00:00,304.0
8378563200,2016-04-12 11:00:00,521.0
8378563200,2016-04-12 12:00:00,199.0
8378563200,2016-04-12 13:00:00,987.0
8378563200,2016-04-12 14:00:00,618.0
8378563200,2016-04-12 15:00:00,298.0
8378563200,2016-04-12 16:00:00,745.0
8378563200,2016-04-12 17:00:00,192.0
8378563200,2016-04-12 18:00:00,90.0
8378563200,2016-04-12 19:00:00,659.0
8378563200,2016-04-12 20:00:00,23.0
8378563200,2016-04-12 21:00:00,8.0
8378563200,2016-04-12 22:00:00,0.0
8378563200,2016-04-12 23:00:00,11.0
8378563200,2016-04-13 00:00:00,0.0
8378563200,2016-04-13 01:00:00,0.0
8378563200,2016-04-13 02:00:00,89.0
8378563200,2016-04-13 03:00:00,0.0
8378563200,2016-04-13 04:00:00,306.0
8378563200,2016-04-13 05:00:00,0.0
8378563200,2016-04-13 06:00:00,175.0
8378563200,2016-04-13 07:00:00,387.0
8378563200,2016-04-13 08:00:00,3712.0
8378563200,2016-04-13 09:00:00,416.0
8378563200,2016-04-13 10:00:00,592.0
8378563200,2016-04-13 11:00:00,1178.0
8378563200,2016-04-13 12:00:00,2736.0
8378563200,2016-04-13 13:00:00,584.0
8378563200,2016-04-13 14:00:00,114.0
8378563200,2016-04-13 15:00:00,591.0
8378563200,2016-04-13 16:00:00,712.0
8378563200,2016-04-13 17:00:00,115.0
8378563200,2016-04-13 18:00:00,281.0
8378563200,2016-04-13 19:00:00,151.0
8378563200,2016-04-13 20:00:00,233.0
8378563200,2016-04-13 21:00:00,0.0
8378563200,2016-04-13 22:00:00,14.0
8378563200,2016-04-13 23:00:00,0.0
8378563200,2016-04-14 00:00:00,57.0
8378563200,2016-04-14 01:00:00,11.0
8378563200,2016-04-14 02:00:00,0.0
8378563200,2016-04-14 03:00:00,5.0
8378563200,2016-04-14 04:00:00,254.0
8378563200,2016-04-14 05:00:00,0.0
8378563200,2016-04-14 06:00:00,164.0
8378563200,2016-04-14 07:00:00,500.0
8378563200,2016-04-14 08:00:00,2367.0
8378563200,2016-04-14 09:00:00,1820.0
8378563200,2016-04-14 10:00:00,422.0
8378563200,2016-04-14 11:00:00,347.0
8378563200,2016-04-14 12:00:00,4741.0
8378563200,2016-04-14 13:00:00,470.0
8378563200,2016-04-14 14:00:00,589.0
8378563200,2016-04-14 15:00:00,875.0
8378563200,2016-04-14 16:00:00,96.0
8378563200,2016-04-14 17:00:00,121.0
8378563200,2016-04-14 18:00:00,129.0
8378563200,2016-04-14 19:00:00,125.0
8378563200,2016-04-14 20:00:00,186.0
8378563200,2016-04-14 21:00:00,39.0
8378563200,2016-04-14 22:00:00,0.0
8378563200,2016-04-14 23:00:00,0.0
8378563200,2016-04-15 00:00:00,13.0
8378563200,2016-04-15 01:00:00,0.0
8378563200,2016-04-15 02:00:00,0.0
8378563200,2016-04-15 03:00:00,7.0
8378563200,2016-04-15 04:00:00,54.0
8378563200,2016-04-15 05:00:00,0.0
8378563200,2016-04-15 06:00:00,319.0
8378563200,2016-04-15 07:00:00,482.0
8378563200,2016-04-15 08:00:00,3512.0
8378563200,2016-04-15 09:00:00,1847.0
8378563200,2016-04-15 10:00:00,702.0
8378563200,2016-04-15 11:00:00,2618.0
8378563200,2016-04-15 12:00:00,655.0
8378563200,2016-04-15 13:00:00,309.0
8378563200,2016-04-15 14:00:00,669.0
8378563200,2016-04-15 15:00:00,923.0
8378563200,2016-04-15 16:00:00,170.0
8378563200,2016-04-15 17:00:00,281.0
8378563200,2016-04-15 18:00:00,919.0
8378563200,2016-04-15 19:00:00,72.0
8378563200,2016-04-15 20:00:00,7.0
8378563200,2016-04-15 21:00:00,45.0
8378563200,2016-04-15 22:00:00,857.0
8378563200,2016-04-15 23:00:00,0.0
8378563200,2016-04-16 00:00:00,0.0
8378563200,2016-04-16 01:00:00,7.0
8378563200,2016-04-16 02:00:00,8.0
8378563200,2016-04-16 03:00:00,75.0
8378563200,2016-04-16 04:00:00,14.0
8378563200,2016-04-16 05:00:00,0.0
8378563200,2016-04-16 06:00:00,0.0
8378563200,2016-04-16 07:00:00,74.0
8378563200,2016-04-16 08:00:00,269.0
8378563200,2016-04-16 09:00:00,104.0
8378563200,2016-04-16 10:00:00,280.0
8378563200,2016-04-16 11:00:00,106.0
8378563200,2016-04-16 12:00:00,254.0
8378563200,2016-04-16 13:00:00,620.0
8378563200,2016-04-16 14:00:00,3376.0
8378563200,2016-04-16 15:00:00,5112.0
8378563200,2016-04-16 16:00:00,122.0
8378563200,2016-04-16 17:00:00,46.0
8378563200,2016-04-16 18:00:00,243.0
8378563200,2016-04-16 19:00:00,173.0
8378563200,2016-04-16 20:00:00,242.0
8378563200,2016-04-16 21:00:00,6.0
8378563200,2016-04-16 22:00:00,11.0
8378563200,2016-04-16 23:00:00,54.0
8378563200,2016-04-17 00:00:00,0.0
8378563200,2016-04-17 01:00:00,0.0
8378563200,2016-04-17 02:00:00,0.0
8378563200,2016-04-17 03:00:00,0.0
8378563200,2016-04-17 04:00:00,0.0
8378563200,2016-04-17 05:00:00,0.0
8378563200,2016-04-17 06:00:00,85.0
8378563200,2016-04-17 07:00:00,104.0
8378563200,2016-04-17 08:00:00,246.0
8378563200,2016-04-17 09:00:00,34.0
8378563200,2016-04-17 10:00:00,146.0
8378563200,2016-04-17 11:00:00,191.0
8378563200,2016-04-17 12:00:00,172.0
8378563200,2016-04-17 13:00:00,66.0
8378563200,2016-04-17 14:00:00,0.0
8378563200,2016-04-17 15:00:00,26.0
8378563200,2016-04-17 16:00:00,106.0
8378563200,2016-04-17 17:00:00,94.0
8378563200,2016-04-17 18:00:00,547.0
8378563200,2016-04-17 19:00:00,53.0
8378563200,2016-04-17 20:00:00,181.0
8378563200,2016-04-17 21:00:00,20.0
8378563200,2016-04-17 22:00:00,0.0
8378563200,2016-04-17 23:00:00,61.0
8378563200,2016-04-18 00:00:00,0.0
8378563200,2016-04-18 01:00:00,0.0
8378563200,2016-04-18 02:00:00,6.0
8378563200,2016-04-18 03:00:00,0.0
8378563200,2016-04-18 04:00:00,270.0
8378563200,2016-04-18 05:00:00,0.0
8378563200,2016-04-18 06:00:00,187.0
8378563200,2016-04-18 07:00:00,317.0
8378563200,2016-04-18 08:00:00,3525.0
8378563200,2016-04-18 09:00:00,549.0
8378563200,2016-04-18 10:00:00,330.0
8378563200,2016-04-18 11:00:00,280.0
8378563200,2016-04-18 12:00:00,3869.0
8378563200,2016-04-18 13:00:00,336.0
8378563200,2016-04-18 14:00:00,628.0
8378563200,2016-04-18 15:00:00,1094.0
8378563200,2016-04-18 16:00:00,199.0
8378563200,2016-04-18 17:00:00,189.0
8378563200,2016-04-18 18:00:00,809.0
8378563200,2016-04-18 19:00:00,534.0
8378563200,2016-04-18 20:00:00,428.0
8378563200,2016-04-18 21:00:00,4.0
8378563200,2016-04-18 22:00:00,65.0
8378563200,2016-04-18 23:00:00,11.0
8378563200,2016-04-19 00:00:00,0.0
8378563200,2016-04-19 01:00:00,0.0
8378563200,2016-04-19 02:00:00,68.0
8378563200,2016-04-19 03:00:00,0.0
8378563200,2016-04-19 04:00:00,231.0
8378563200,2016-04-19 05:00:00,0.0
8378563200,2016-04-19 06:00:00,197.0
8378563200,2016-04-19 07:00:00,442.0
8378563200,2016-04-19 08:00:00,3665.0
8378563200,2016-04-19 09:00:00,319.0
8378563200,2016-04-19 10:00:00,324.0
8378563200,2016-04-19 11:00:00,250.0
8378563200,2016-04-19 12:00:00,3870.0
8378563200,2016-04-19 13:00:00,430.0
8378563200,2016-04-19 14:00:00,327.0
8378563200,2016-04-19 15:00:00,38.0
8378563200,2016-04-19 16:00:00,1025.0
8378563200,2016-04-19 17:00:00,256.0
8378563200,2016-04-19 18:00:00,292.0
8378563200,2016-04-19 19:00:00,288.0
8378563200,2016-04-19 20:00:00,845.0
8378563200,2016-04-19 21:00:00,199.0
8378563200,2016-04-19 22:00:00,4.0
8378563200,2016-04-19 23:00:00,0.0
8378563200,2016-04-20 00:00:00,14.0
8378563200,2016-04-20 01:00:00,7.0
8378563200,2016-04-20 02:00:00,0.0
8378563200,2016-04-20 03:00:00,0.0
8378563200,2016-04-20 04:00:00,227.0
8378563200,2016-04-20 05:00:00,0.0
8378563200,2016-04-20 06:00:00,290.0
8378563200,2016-04-20 07:00:00,562.0
8378563200,2016-04-20 08:00:00,1138.0
8378563200,2016-04-20 09:00:00,280.0
8378563200,2016-04-20 10:00:00,654.0
8378563200,2016-04-20 11:00:00,1141.0
8378563200,2016-04-20 12:00:00,1742.0
8378563200,2016-04-20 13:00:00,297.0
8378563200,2016-04-20 14:00:00,413.0
8378563200,2016-04-20 15:00:00,1159.0
8378563200,2016-04-20 16:00:00,367.0
8378563200,2016-04-20 17:00:00,207.0
8378563200,2016-04-20 18:00:00,367.0
8378563200,2016-04-20 19:00:00,86.0
8378563200,2016-04-20 20:00:00,419.0
8378563200,2016-04-20 21:00:00,18.0
8378563200,2016-04-20 22:00:00,0.0
8378563200,2016-04-20 23:00:00,0.0
8378563200,2016-04-21 00:00:00,0.0
8378563200,2016-04-21 01:00:00,65.0
8378563200,2016-04-21 02:00:00,0.0
8378563200,2016-04-21 03:00:00,0.0
8378563200,2016-04-21 04:00:00,247.0
8378563200,2016-04-21 05:00:00,0.0
8378563200,2016-04-21 06:00:00,197.0
8378563200,2016-04-21 07:00:00,432.0
8378563200,2016-04-21 08:00:00,2392.0
8378563200,2016-04-21 09:00:00,2226.0
8378563200,2016-04-21 10:00:00,778.0
8378563200,2016-04-21 11:00:00,1212.0
8378563200,2016-04-21 12:00:00,4373.0
8378563200,2016-04-21 13:00:00,652.0
8378563200,2016-04-21 14:00:00,452.0
8378563200,2016-04-21 15:00:00,1202.0
8378563200,2016-04-21 16:00:00,220.0
8378563200,2016-04-21 17:00:00,178.0
8378563200,2016-04-21 18:00:00,131.0
8378563200,2016-04-21 19:00:00,372.0
8378563200,2016-04-21 20:00:00,19.0
8378563200,2016-04-21 21:00:00,0.0
8378563200,2016-04-21 22:00:00,0.0
8378563200,2016-04-21 23:00:00,0.0
8378563200,2016-04-22 00:00:00,75.0
8378563200,2016-04-22 01:00:00,0.0
8378563200,2016-04-22 02:00:00,0.0
8378563200,2016-04-22 03:00:00,0.0
8378563200,2016-04-22 04:00:00,341.0
8378563200,2016-04-22 05:00:00,0.0
8378563200,2016-04-22 06:00:00,132.0
8378563200,2016-04-22 07:00:00,498.0
8378563200,2016-04-22 08:00:00,4242.0
8378563200,2016-04-22 09:00:00,1652.0
8378563200,2016-04-22 10:00:00,599.0
8378563200,2016-04-22 11:00:00,896.0
8378563200,2016-04-22 12:00:00,1162.0
8378563200,2016-04-22 13:00:00,327.0
8378563200,2016-04-22 14:00:00,337.0
8378563200,2016-04-22 15:00:00,320.0
8378563200,2016-04-22 16:00:00,953.0
8378563200,2016-04-22 17:00:00,140.0
8378563200,2016-04-22 18:00:00,31.0
8378563200,2016-04-22 19:00:00,102.0
8378563200,2016-04-22 20:00:00,161.0
8378563200,2016-04-22 21:00:00,209.0
8378563200,2016-04-22 22:00:00,23.0
8378563200,2016-04-22 23:00:00,0.0
8378563200,2016-04-23 00:00:00,0.0
8378563200,2016-04-23 01:00:00,0.0
8378563200,2016-04-23 02:00:00,49.0
8378563200,2016-04-23 03:00:00,0.0
8378563200,2016-04-23 04:00:00,0.0
8378563200,2016-04-23 05:00:00,53.0
8378563200,2016-04-23 06:00:00,10.0
8378563200,2016-04-23 07:00:00,88.0
8378563200,2016-04-23 08:00:00,279.0
8378563200,2016-04-23 09:00:00,39.0
8378563200,2016-04-23 10:00:00,0.0
8378563200,2016-04-23 11:00:00,120.0
8378563200,2016-04-23 12:00:00,355.0
8378563200,2016-04-23 13:00:00,518.0
8378563200,2016-04-23 14:00:00,2945.0
8378563200,2016-04-23 15:00:00,230.0
8378563200,2016-04-23 16:00:00,362.0
8378563200,2016-04-23 17:00:00,4.0
8378563200,2016-04-23 18:00:00,169.0
8378563200,2016-04-23 19:00:00,79.0
8378563200,2016-04-23 20:00:00,83.0
8378563200,2016-04-23 21:00:00,301.0
8378563200,2016-04-23 22:00:00,20.0
8378563200,2016-04-23 23:00:00,5.0
8378563200,2016-04-24 00:00:00,0.0
8378563200,2016-04-24 01:00:00,56.0
8378563200,2016-04-24 02:00:00,13.0
8378563200,2016-04-24 03:00:00,0.0
8378563200,2016-04-24 04:00:00,0.0
8378563200,2016-04-24 05:00:00,0.0
8378563200,2016-04-24 06:00:00,0.0
8378563200,2016-04-24 07:00:00,298.0
8378563200,2016-04-24 08:00:00,140.0
8378563200,2016-04-24 09:00:00,27.0
8378563200,2016-04-24 10:00:00,481.0
8378563200,2016-04-24 11:00:00,328.0
8378563200,2016-04-24 12:00:00,330.0
8378563200,2016-04-24 13:00:00,438.0
8378563200,2016-04-24 14:00:00,63.0
8378563200,2016-04-24 15:00:00,623.0
8378563200,2016-04-24 16:00:00,254.0
8378563200,2016-04-24 17:00:00,197.0
8378563200,2016-04-24 18:00:00,23.0
8378563200,2016-04-24 19:00:00,34.0
8378563200,2016-04-24 20:00:00,195.0
8378563200,2016-04-24 21:00:00,203.0
8378563200,2016-04-24 22:00:00,0.0
8378563200,2016-04-24 23:00:00,0.0
8378563200,2016-04-25 00:00:00,0.0
8378563200,2016-04-25 01:00:00,0.0
8378563200,2016-04-25 02:00:00,4.0
8378563200,2016-04-25 03:00:00,0.0
8378563200,2016-04-25 04:00:00,243.0
8378563200,2016-04-25 05:00:00,0.0
8378563200,2016-04-25 06:00:00,240.0
8378563200,2016-04-25 07:00:00,459.0
8378563200,2016-04-25 08:00:00,1377.0
8378563200,2016-04-25 09:00:00,353.0
8378563200,2016-04-25 10:00:00,597.0
8378563200,2016-04-25 11:00:00,2494.0
8378563200,2016-04-25 12:00:00,3811.0
8378563200,2016-04-25 13:00:00,433.0
8378563200,2016-04-25 14:00:00,450.0
8378563200,2016-04-25 15:00:00,1075.0
8378563200,2016-04-25 16:00:00,107.0
8378563200,2016-04-25 17:00:00,142.0
8378563200,2016-04-25 18:00:00,235.0
8378563200,2016-04-25 19:00:00,307.0
8378563200,2016-04-25 20:00:00,0.0
8378563200,2016-04-25 21:00:00,7.0
8378563200,2016-04-25 22:00:00,0.0
8378563200,2016-04-25 23:00:00,71.0
8378563200,2016-04-26 00:00:00,0.0
8378563200,2016-04-26 01:00:00,0.0
8378563200,2016-04-26 02:00:00,0.0
8378563200,2016-04-26 03:00:00,0.0
8378563200,2016-04-26 04:00:00,47.0
8378563200,2016-04-26 05:00:00,14.0
8378563200,2016-04-26 06:00:00,242.0
8378563200,2016-04-26 07:00:00,494.0
8378563200,2016-04-26 08:00:00,4168.0
8378563200,2016-04-26 09:00:00,855.0
8378563200,2016-04-26 10:00:00,521.0
8378563200,2016-04-26 11:00:00,2816.0
8378563200,2016-04-26 12:00:00,3512.0
8378563200,2016-04-26 13:00:00,478.0
8378563200,2016-04-26 14:00:00,857.0
8378563200,2016-04-26 15:00:00,1138.0
8378563200,2016-04-26 16:00:00,78.0
8378563200,2016-04-26 17:00:00,195.0
8378563200,2016-04-26 18:00:00,144.0
8378563200,2016-04-26 19:00:00,356.0
8378563200,2016-04-26 20:00:00,203.0
8378563200,2016-04-26 21:00:00,6.0
8378563200,2016-04-26 22:00:00,0.0
8378563200,2016-04-26 23:00:00,84.0
8378563200,2016-04-27 00:00:00,0.0
8378563200,2016-04-27 01:00:00,61.0
8378563200,2016-04-27 02:00:00,0.0
8378563200,2016-04-27 03:00:00,47.0
8378563200,2016-04-27 04:00:00,0.0
8378563200,2016-04-27 05:00:00,0.0
8378563200,2016-04-27 06:00:00,268.0
8378563200,2016-04-27 07:00:00,440.0
8378563200,2016-04-27 08:00:00,1040.0
8378563200,2016-04-27 09:00:00,416.0
8378563200,2016-04-27 10:00:00,673.0
8378563200,2016-04-27 11:00:00,225.0
8378563200,2016-04-27 12:00:00,590.0
8378563200,2016-04-27 13:00:00,292.0
8378563200,2016-04-27 14:00:00,154.0
8378563200,2016-04-27 15:00:00,69.0
8378563200,2016-04-27 16:00:00,244.0
8378563200,2016-04-27 17:00:00,864.0
8378563200,2016-04-27 18:00:00,604.0
8378563200,2016-04-27 19:00:00,324.0
8378563200,2016-04-27 20:00:00,907.0
8378563200,2016-04-27 21:00:00,10.0
8378563200,2016-04-27 22:00:00,74.0
8378563200,2016-04-27 23:00:00,57.0
8378563200,2016-04-28 00:00:00,0.0
8378563200,2016-04-28 01:00:00,7.0
8378563200,2016-04-28 02:00:00,0.0
8378563200,2016-04-28 03:00:00,0.0
8378563200,2016-04-28 04:00:00,54.0
8378563200,2016-04-28 05:00:00,7.0
8378563200,2016-04-28 06:00:00,179.0
8378563200,2016-04-28 07:00:00,275.0
8378563200,2016-04-28 08:00:00,117.0
8378563200,2016-04-28 09:00:00,380.0
8378563200,2016-04-28 10:00:00,755.0
8378563200,2016-04-28 11:00:00,293.0
8378563200,2016-04-28 12:00:00,272.0
8378563200,2016-04-28 13:00:00,340.0
8378563200,2016-04-28 14:00:00,260.0
8378563200,2016-04-28 15:00:00,236.0
8378563200,2016-04-28 16:00:00,1030.0
8378563200,2016-04-28 17:00:00,556.0
8378563200,2016-04-28 18:00:00,155.0
8378563200,2016-04-28 19:00:00,95.0
8378563200,2016-04-28 20:00:00,379.0
8378563200,2016-04-28 21:00:00,0.0
8378563200,2016-04-28 22:00:00,27.0
8378563200,2016-04-28 23:00:00,0.0
8378563200,2016-04-29 00:00:00,0.0
8378563200,2016-04-29 01:00:00,0.0
8378563200,2016-04-29 02:00:00,0.0
8378563200,2016-04-29 03:00:00,0.0
8378563200,2016-04-29 04:00:00,50.0
8378563200,2016-04-29 05:00:00,0.0
8378563200,2016-04-29 06:00:00,272.0
8378563200,2016-04-29 07:00:00,542.0
8378563200,2016-04-29 08:00:00,1071.0
8378563200,2016-04-29 09:00:00,494.0
8378563200,2016-04-29 10:00:00,516.0
8378563200,2016-04-29 11:00:00,462.0
8378563200,2016-04-29 12:00:00,45.0
8378563200,2016-04-29 13:00:00,602.0
8378563200,2016-04-29 14:00:00,142.0
8378563200,2016-04-29 15:00:00,37.0
8378563200,2016-04-29 16:00:00,682.0
8378563200,2016-04-29 17:00:00,202.0
8378563200,2016-04-29 18:00:00,441.0
8378563200,2016-04-29 19:00:00,169.0
8378563200,2016-04-29 20:00:00,101.0
8378563200,2016-04-29 21:00:00,291.0
8378563200,2016-04-29 22:00:00,9.0
8378563200,2016-04-29 23:00:00,19.0
8378563200,2016-04-30 00:00:00,28.0
8378563200,2016-04-30 01:00:00,65.0
8378563200,2016-04-30 02:00:00,0.0
8378563200,2016-04-30 03:00:00,0.0
8378563200,2016-04-30 04:00:00,0.0
8378563200,2016-04-30 05:00:00,73.0
8378563200,2016-04-30 06:00:00,0.0
8378563200,2016-04-30 07:00:00,269.0
8378563200,2016-04-30 08:00:00,74.0
8378563200,2016-04-30 09:00:00,88.0
8378563200,2016-04-30 10:00:00,364.0
8378563200,2016-04-30 11:00:00,59.0
8378563200,2016-04-30 12:00:00,554.0
8378563200,2016-04-30 13:00:00,307.0
8378563200,2016-04-30 14:00:00,142.0
8378563200,2016-04-30 15:00:00,7.0
8378563200,2016-04-30 16:00:00,102.0
8378563200,2016-04-30 17:00:00,86.0
8378563200,2016-04-30 18:00:00,150.0
8378563200,2016-04-30 19:00:00,131.0
8378563200,2016-04-30 20:00:00,28.0
8378563200,2016-04-30 21:00:00,248.0
8378563200,2016-04-30 22:00:00,55.0
8378563200,2016-04-30 23:00:00,116.0
8378563200,2016-05-01 00:00:00,0.0
8378563200,2016-05-01 01:00:00,47.0
8378563200,2016-05-01 02:00:00,0.0
8378563200,2016-05-01 03:00:00,0.0
8378563200,2016-05-01 04:00:00,0.0
8378563200,2016-05-01 05:00:00,70.0
8378563200,2016-05-01 06:00:00,0.0
8378563200,2016-05-01 07:00:00,231.0
8378563200,2016-05-01 08:00:00,165.0
8378563200,2016-05-01 09:00:00,58.0
8378563200,2016-05-01 10:00:00,35.0
8378563200,2016-05-01 11:00:00,447.0
8378563200,2016-05-01 12:00:00,362.0
8378563200,2016-05-01 13:00:00,197.0
8378563200,2016-05-01 14:00:00,166.0
8378563200,2016-05-01 15:00:00,180.0
8378563200,2016-05-01 16:00:00,3244.0
8378563200,2016-05-01 17:00:00,5661.0
8378563200,2016-05-01 18:00:00,147.0
8378563200,2016-05-01 19:00:00,70.0
8378563200,2016-05-01 20:00:00,227.0
8378563200,2016-05-01 21:00:00,91.0
8378563200,2016-05-01 22:00:00,0.0
8378563200,2016-05-01 23:00:00,21.0
8378563200,2016-05-02 00:00:00,0.0
8378563200,2016-05-02 01:00:00,7.0
8378563200,2016-05-02 02:00:00,0.0
8378563200,2016-05-02 03:00:00,0.0
8378563200,2016-05-02 04:00:00,281.0
8378563200,2016-05-02 05:00:00,0.0
8378563200,2016-05-02 06:00:00,150.0
8378563200,2016-05-02 07:00:00,371.0
8378563200,2016-05-02 08:00:00,1209.0
8378563200,2016-05-02 09:00:00,40.0
8378563200,2016-05-02 10:00:00,454.0
8378563200,2016-05-02 11:00:00,86.0
8378563200,2016-05-02 12:00:00,601.0
8378563200,2016-05-02 13:00:00,329.0
8378563200,2016-05-02 14:00:00,431.0
8378563200,2016-05-02 15:00:00,372.0
8378563200,2016-05-02 16:00:00,581.0
8378563200,2016-05-02 17:00:00,589.0
8378563200,2016-05-02 18:00:00,177.0
8378563200,2016-05-02 19:00:00,153.0
8378563200,2016-05-02 20:00:00,233.0
8378563200,2016-05-02 21:00:00,0.0
8378563200,2016-05-02 22:00:00,0.0
8378563200,2016-05-02 23:00:00,0.0
8378563200,2016-05-03 00:00:00,0.0
8378563200,2016-05-03 01:00:00,47.0
8378563200,2016-05-03 02:00:00,0.0
8378563200,2016-05-03 03:00:00,0.0
8378563200,2016-05-03 04:00:00,259.0
8378563200,2016-05-03 05:00:00,0.0
8378563200,2016-05-03 06:00:00,173.0
8378563200,2016-05-03 07:00:00,491.0
8378563200,2016-05-03 08:00:00,1421.0
8378563200,2016-05-03 09:00:00,578.0
8378563200,2016-05-03 10:00:00,408.0
8378563200,2016-05-03 11:00:00,244.0
8378563200,2016-05-03 12:00:00,371.0
8378563200,2016-05-03 13:00:00,115.0
8378563200,2016-05-03 14:00:00,318.0
8378563200,2016-05-03 15:00:00,482.0
8378563200,2016-05-03 16:00:00,294.0
8378563200,2016-05-03 17:00:00,1574.0
8378563200,2016-05-03 18:00:00,436.0
8378563200,2016-05-03 19:00:00,323.0
8378563200,2016-05-03 20:00:00,762.0
8378563200,2016-05-03 21:00:00,197.0
8378563200,2016-05-03 22:00:00,215.0
8378563200,2016-05-03 23:00:00,4.0
8378563200,2016-05-04 00:00:00,0.0
8378563200,2016-05-04 01:00:00,51.0
8378563200,2016-05-04 02:00:00,0.0
8378563200,2016-05-04 03:00:00,0.0
8378563200,2016-05-04 04:00:00,52.0
8378563200,2016-05-04 05:00:00,0.0
8378563200,2016-05-04 06:00:00,236.0
8378563200,2016-05-04 07:00:00,589.0
8378563200,2016-05-04 08:00:00,1417.0
8378563200,2016-05-04 09:00:00,820.0
8378563200,2016-05-04 10:00:00,407.0
8378563200,2016-05-04 11:00:00,628.0
8378563200,2016-05-04 12:00:00,346.0
8378563200,2016-05-04 13:00:00,200.0
8378563200,2016-05-04 14:00:00,412.0
8378563200,2016-05-04 15:00:00,292.0
8378563200,2016-05-04 16:00:00,1281.0
8378563200,2016-05-04 17:00:00,200.0
8378563200,2016-05-04 18:00:00,298.0
8378563200,2016-05-04 19:00:00,191.0
8378563200,2016-05-04 20:00:00,237.0
8378563200,2016-05-04 21:00:00,130.0
8378563200,2016-05-04 22:00:00,79.0
8378563200,2016-05-04 23:00:00,9.0
8378563200,2016-05-05 00:00:00,66.0
8378563200,2016-05-05 01:00:00,0.0
8378563200,2016-05-05 02:00:00,0.0
8378563200,2016-05-05 03:00:00,4.0
8378563200,2016-05-05 04:00:00,254.0
8378563200,2016-05-05 05:00:00,0.0
8378563200,2016-05-05 06:00:00,126.0
8378563200,2016-05-05 07:00:00,492.0
8378563200,2016-05-05 08:00:00,1398.0
8378563200,2016-05-05 09:00:00,363.0
8378563200,2016-05-05 10:00:00,416.0
8378563200,2016-05-05 11:00:00,252.0
8378563200,2016-05-05 12:00:00,461.0
8378563200,2016-05-05 13:00:00,467.0
8378563200,2016-05-05 14:00:00,336.0
8378563200,2016-05-05 15:00:00,420.0
8378563200,2016-05-05 16:00:00,731.0
8378563200,2016-05-05 17:00:00,248.0
8378563200,2016-05-05 18:00:00,769.0
8378563200,2016-05-05 19:00:00,100.0
8378563200,2016-05-05 20:00:00,975.0
8378563200,2016-05-05 21:00:00,504.0
8378563200,2016-05-05 22:00:00,0.0
8378563200,2016-05-05 23:00:00,185.0
8378563200,2016-05-06 00:00:00,0.0
8378563200,2016-05-06 01:00:00,0.0
8378563200,2016-05-06 02:00:00,0.0
8378563200,2016-05-06 03:00:00,7.0
8378563200,2016-05-06 04:00:00,303.0
8378563200,2016-05-06 05:00:00,0.0
8378563200,2016-05-06 06:00:00,266.0
8378563200,2016-05-06 07:00:00,492.0
8378563200,2016-05-06 08:00:00,1430.0
8378563200,2016-05-06 09:00:00,368.0
8378563200,2016-05-06 10:00:00,577.0
8378563200,2016-05-06 11:00:00,431.0
8378563200,2016-05-06 12:00:00,81.0
8378563200,2016-05-06 13:00:00,251.0
8378563200,2016-05-06 14:00:00,409.0
8378563200,2016-05-06 15:00:00,489.0
8378563200,2016-05-06 16:00:00,1064.0
8378563200,2016-05-06 17:00:00,245.0
8378563200,2016-05-06 18:00:00,99.0
8378563200,2016-05-06 19:00:00,97.0
8378563200,2016-05-06 20:00:00,81.0
8378563200,2016-05-06 21:00:00,291.0
8378563200,2016-05-06 22:00:00,0.0
8378563200,2016-05-06 23:00:00,64.0
8378563200,2016-05-07 00:00:00,13.0
8378563200,2016-05-07 01:00:00,0.0
8378563200,2016-05-07 02:00:00,0.0
8378563200,2016-05-07 03:00:00,0.0
8378563200,2016-05-07 04:00:00,6.0
8378563200,2016-05-07 05:00:00,61.0
8378563200,2016-05-07 06:00:00,0.0
8378563200,2016-05-07 07:00:00,122.0
8378563200,2016-05-07 08:00:00,208.0
8378563200,2016-05-07 09:00:00,61.0
8378563200,2016-05-07 10:00:00,51.0
8378563200,2016-05-07 11:00:00,92.0
8378563200,2016-05-07 12:00:00,461.0
8378563200,2016-05-07 13:00:00,1112.0
8378563200,2016-05-07 14:00:00,749.0
8378563200,2016-05-07 15:00:00,480.0
8378563200,2016-05-07 16:00:00,299.0
8378563200,2016-05-07 17:00:00,0.0
8378563200,2016-05-07 18:00:00,121.0
8378563200,2016-05-07 19:00:00,211.0
8378563200,2016-05-07 20:00:00,27.0
8378563200,2016-05-07 21:00:00,171.0
8378563200,2016-05-07 22:00:00,223.0
8378563200,2016-05-07 23:00:00,0.0
8378563200,2016-05-08 00:00:00,14.0
8378563200,2016-05-08 01:00:00,0.0
8378563200,2016-05-08 02:00:00,49.0
8378563200,2016-05-08 03:00:00,12.0
8378563200,2016-05-08 04:00:00,0.0
8378563200,2016-05-08 05:00:00,0.0
8378563200,2016-05-08 06:00:00,0.0
8378563200,2016-05-08 07:00:00,74.0
8378563200,2016-05-08 08:00:00,0.0
8378563200,2016-05-08 09:00:00,247.0
8378563200,2016-05-08 10:00:00,157.0
8378563200,2016-05-08 11:00:00,111.0
8378563200,2016-05-08 12:00:00,496.0
8378563200,2016-05-08 13:00:00,204.0
8378563200,2016-05-08 14:00:00,107.0
8378563200,2016-05-08 15:00:00,506.0
8378563200,2016-05-08 16:00:00,139.0
8378563200,2016-05-08 17:00:00,215.0
8378563200,2016-05-08 18:00:00,28.0
8378563200,2016-05-08 19:00:00,110.0
8378563200,2016-05-08 20:00:00,204.0
8378563200,2016-05-08 21:00:00,256.0
8378563200,2016-05-08 22:00:00,0.0
8378563200,2016-05-08 23:00:00,14.0
8378563200,2016-05-09 00:00:00,54.0
8378563200,2016-05-09 01:00:00,55.0
8378563200,2016-05-09 02:00:00,0.0
8378563200,2016-05-09 03:00:00,0.0
8378563200,2016-05-09 04:00:00,255.0
8378563200,2016-05-09 05:00:00,0.0
8378563200,2016-05-09 06:00:00,244.0
8378563200,2016-05-09 07:00:00,431.0
8378563200,2016-05-09 08:00:00,1539.0
8378563200,2016-05-09 09:00:00,448.0
8378563200,2016-05-09 10:00:00,1180.0
8378563200,2016-05-09 11:00:00,585.0
8378563200,2016-05-09 12:00:00,408.0
8378563200,2016-05-09 13:00:00,590.0
8378563200,2016-05-09 14:00:00,177.0
8378563200,2016-05-09 15:00:00,355.0
8378563200,2016-05-09 16:00:00,271.0
8378563200,2016-05-09 17:00:00,689.0
8378563200,2016-05-09 18:00:00,222.0
8378563200,2016-05-09 19:00:00,173.0
8378563200,2016-05-09 20:00:00,413.0
8378563200,2016-05-09 21:00:00,205.0
8378563200,2016-05-09 22:00:00,88.0
8378563200,2016-05-09 23:00:00,0.0
8378563200,2016-05-10 00:00:00,0.0
8378563200,2016-05-10 01:00:00,0.0
8378563200,2016-05-10 02:00:00,0.0
8378563200,2016-05-10 03:00:00,0.0
8378563200,2016-05-10 04:00:00,361.0
8378563200,2016-05-10 05:00:00,0.0
8378563200,2016-05-10 06:00:00,151.0
8378563200,2016-05-10 07:00:00,570.0
8378563200,2016-05-10 08:00:00,1199.0
8378563200,2016-05-10 09:00:00,327.0
8378563200,2016-05-10 10:00:00,383.0
8378563200,2016-05-10 11:00:00,43.0
8378563200,2016-05-10 12:00:00,562.0
8378563200,2016-05-10 13:00:00,115.0
8378563200,2016-05-10 14:00:00,424.0
8378563200,2016-05-10 15:00:00,244.0
8378563200,2016-05-10 16:00:00,909.0
8378563200,2016-05-10 17:00:00,310.0
8378563200,2016-05-10 18:00:00,53.0
8378563200,2016-05-10 19:00:00,310.0
8378563200,2016-05-10 20:00:00,176.0
8378563200,2016-05-10 21:00:00,445.0
8378563200,2016-05-10 22:00:00,0.0
8378563200,2016-05-10 23:00:00,0.0
8378563200,2016-05-11 00:00:00,0.0
8378563200,2016-05-11 01:00:00,0.0
8378563200,2016-05-11 02:00:00,0.0
8378563200,2016-05-11 03:00:00,12.0
8378563200,2016-05-11 04:00:00,313.0
8378563200,2016-05-11 05:00:00,0.0
8378563200,2016-05-11 06:00:00,212.0
8378563200,2016-05-11 07:00:00,402.0
8378563200,2016-05-11 08:00:00,1396.0
8378563200,2016-05-11 09:00:00,440.0
8378563200,2016-05-11 10:00:00,1108.0
8378563200,2016-05-11 11:00:00,1302.0
8378563200,2016-05-11 12:00:00,870.0
8378563200,2016-05-11 13:00:00,488.0
8378563200,2016-05-11 14:00:00,439.0
8378563200,2016-05-11 15:00:00,319.0
8378563200,2016-05-11 16:00:00,162.0
8378563200,2016-05-11 17:00:00,926.0
8378563200,2016-05-11 18:00:00,207.0
8378563200,2016-05-11 19:00:00,71.0
8378563200,2016-05-11 20:00:00,252.0
8378563200,2016-05-11 21:00:00,136.0
8378563200,2016-05-11 22:00:00,0.0
8378563200,2016-05-11 23:00:00,88.0
8378563200,2016-05-12 00:00:00,0.0
8378563200,2016-05-12 01:00:00,17.0
8378563200,2016-05-12 02:00:00,8.0
8378563200,2016-05-12 03:00:00,0.0
8378563200,2016-05-12 04:00:00,49.0
8378563200,2016-05-12 05:00:00,0.0
8378563200,2016-05-12 06:00:00,236.0
8378563200,2016-05-12 07:00:00,498.0
8378563200,2016-05-12 08:00:00,1173.0
8378563200,2016-05-12 09:00:00,542.0
8378563200,2016-05-12 10:00:00,643.0
8378563200,2016-05-12 11:00:00,386.0
8378563200,2016-05-12 12:00:00,22.0
8378563200,2016-05-12 13:00:00,436.0
8378563200,2016-05-12 14:00:00,46.0
8583815059,2016-04-12 00:00:00,0.0
8583815059,2016-04-12 01:00:00,0.0
8583815059,2016-04-12 02:00:00,0.0
8583815059,2016-04-12 03:00:00,0.0
8583815059,2016-04-12 04:00:00,0.0
8583815059,2016-04-12 05:00:00,0.0
8583815059,2016-04-12 06:00:00,0.0
8583815059,2016-04-12 07:00:00,0.0
8583815059,2016-04-12 08:00:00,0.0
8583815059,2016-04-12 09:00:00,55.0
8583815059,2016-04-12 10:00:00,0.0
8583815059,2016-04-12 11:00:00,35.0
8583815059,2016-04-12 12:00:00,327.0
8583815059,2016-04-12 13:00:00,807.0
8583815059,2016-04-12 14:00:00,250.0
8583815059,2016-04-12 15:00:00,265.0
8583815059,2016-04-12 16:00:00,731.0
8583815059,2016-04-12 17:00:00,962.0
8583815059,2016-04-12 18:00:00,175.0
8583815059,2016-04-12 19:00:00,987.0
8583815059,2016-04-12 20:00:00,30.0
8583815059,2016-04-12 21:00:00,63.0
8583815059,2016-04-12 22:00:00,63.0
8583815059,2016-04-12 23:00:00,264.0
8583815059,2016-04-13 00:00:00,0.0
8583815059,2016-04-13 01:00:00,0.0
8583815059,2016-04-13 02:00:00,0.0
8583815059,2016-04-13 03:00:00,0.0
8583815059,2016-04-13 04:00:00,0.0
8583815059,2016-04-13 05:00:00,0.0
8583815059,2016-04-13 06:00:00,0.0
8583815059,2016-04-13 07:00:00,0.0
8583815059,2016-04-13 08:00:00,0.0
8583815059,2016-04-13 09:00:00,105.0
8583815059,2016-04-13 10:00:00,562.0
8583815059,2016-04-13 11:00:00,1559.0
8583815059,2016-04-13 12:00:00,2351.0
8583815059,2016-04-13 13:00:00,212.0
8583815059,2016-04-13 14:00:00,0.0
8583815059,2016-04-13 15:00:00,14.0
8583815059,2016-04-13 16:00:00,8.0
8583815059,2016-04-13 17:00:00,338.0
8583815059,2016-04-13 18:00:00,46.0
8583815059,2016-04-13 19:00:00,13.0
8583815059,2016-04-13 20:00:00,123.0
8583815059,2016-04-13 21:00:00,83.0
8583815059,2016-04-13 22:00:00,114.0
8583815059,2016-04-13 23:00:00,43.0
8583815059,2016-04-14 00:00:00,113.0
8583815059,2016-04-14 01:00:00,0.0
8583815059,2016-04-14 02:00:00,0.0
8583815059,2016-04-14 03:00:00,0.0
8583815059,2016-04-14 04:00:00,0.0
8583815059,2016-04-14 05:00:00,0.0
8583815059,2016-04-14 06:00:00,0.0
8583815059,2016-04-14 07:00:00,0.0
8583815059,2016-04-14 08:00:00,0.0
8583815059,2016-04-14 09:00:00,131.0
8583815059,2016-04-14 10:00:00,201.0
8583815059,2016-04-14 11:00:00,53.0
8583815059,2016-04-14 12:00:00,75.0
8583815059,2016-04-14 13:00:00,110.0
8583815059,2016-04-14 14:00:00,180.0
8583815059,2016-04-14 15:00:00,84.0
8583815059,2016-04-14 16:00:00,388.0
8583815059,2016-04-14 17:00:00,1225.0
8583815059,2016-04-14 18:00:00,170.0
8583815059,2016-04-14 19:00:00,108.0
8583815059,2016-04-14 20:00:00,43.0
8583815059,2016-04-14 21:00:00,93.0
8583815059,2016-04-14 22:00:00,112.0
8583815059,2016-04-14 23:00:00,32.0
8583815059,2016-04-15 00:00:00,134.0
8583815059,2016-04-15 01:00:00,0.0
8583815059,2016-04-15 02:00:00,0.0
8583815059,2016-04-15 03:00:00,0.0
8583815059,2016-04-15 04:00:00,0.0
8583815059,2016-04-15 05:00:00,0.0
8583815059,2016-04-15 06:00:00,0.0
8583815059,2016-04-15 07:00:00,0.0
8583815059,2016-04-15 08:00:00,0.0
8583815059,2016-04-15 09:00:00,89.0
8583815059,2016-04-15 10:00:00,4.0
8583815059,2016-04-15 11:00:00,27.0
8583815059,2016-04-15 12:00:00,141.0
8583815059,2016-04-15 13:00:00,120.0
8583815059,2016-04-15 14:00:00,162.0
8583815059,2016-04-15 15:00:00,376.0
8583815059,2016-04-15 16:00:00,105.0
8583815059,2016-04-15 17:00:00,0.0
8583815059,2016-04-15 18:00:00,0.0
8583815059,2016-04-15 19:00:00,0.0
8583815059,2016-04-15 20:00:00,0.0
8583815059,2016-04-15 21:00:00,0.0
8583815059,2016-04-15 22:00:00,0.0
8583815059,2016-04-15 23:00:00,0.0
8583815059,2016-04-16 00:00:00,0.0
8583815059,2016-04-16 01:00:00,0.0
8583815059,2016-04-16 02:00:00,0.0
8583815059,2016-04-16 03:00:00,0.0
8583815059,2016-04-16 04:00:00,0.0
8583815059,2016-04-16 05:00:00,0.0
8583815059,2016-04-16 06:00:00,0.0
8583815059,2016-04-16 07:00:00,0.0
8583815059,2016-04-16 08:00:00,0.0
8583815059,2016-04-16 09:00:00,0.0
8583815059,2016-04-16 10:00:00,0.0
8583815059,2016-04-16 11:00:00,0.0
8583815059,2016-04-16 12:00:00,0.0
8583815059,2016-04-16 13:00:00,0.0
8583815059,2016-04-16 14:00:00,0.0
8583815059,2016-04-16 15:00:00,0.0
8583815059,2016-04-16 16:00:00,0.0
8583815059,2016-04-16 17:00:00,0.0
8583815059,2016-04-16 18:00:00,0.0
8583815059,2016-04-16 19:00:00,0.0
8583815059,2016-04-16 20:00:00,0.0
8583815059,2016-04-16 21:00:00,0.0
8583815059,2016-04-16 22:00:00,0.0
8583815059,2016-04-16 23:00:00,0.0
8583815059,2016-04-17 00:00:00,0.0
8583815059,2016-04-17 01:00:00,0.0
8583815059,2016-04-17 02:00:00,0.0
8583815059,2016-04-17 03:00:00,0.0
8583815059,2016-04-17 04:00:00,0.0
8583815059,2016-04-17 05:00:00,0.0
8583815059,2016-04-17 06:00:00,0.0
8583815059,2016-04-17 07:00:00,0.0
8583815059,2016-04-17 08:00:00,0.0
8583815059,2016-04-17 09:00:00,0.0
8583815059,2016-04-17 10:00:00,0.0
8583815059,2016-04-17 11:00:00,0.0
8583815059,2016-04-17 12:00:00,0.0
8583815059,2016-04-17 13:00:00,0.0
8583815059,2016-04-17 14:00:00,0.0
8583815059,2016-04-17 15:00:00,0.0
8583815059,2016-04-17 16:00:00,0.0
8583815059,2016-04-17 17:00:00,0.0
8583815059,2016-04-17 18:00:00,0.0
8583815059,2016-04-17 19:00:00,0.0
8583815059,2016-04-17 20:00:00,0.0
8583815059,2016-04-17 21:00:00,0.0
8583815059,2016-04-17 22:00:00,0.0
8583815059,2016-04-17 23:00:00,0.0
8583815059,2016-04-18 00:00:00,0.0
8583815059,2016-04-18 01:00:00,0.0
8583815059,2016-04-18 02:00:00,0.0
8583815059,2016-04-18 03:00:00,0.0
8583815059,2016-04-18 04:00:00,0.0
8583815059,2016-04-18 05:00:00,0.0
8583815059,2016-04-18 06:00:00,0.0
8583815059,2016-04-18 07:00:00,0.0
8583815059,2016-04-18 08:00:00,624.0
8583815059,2016-04-18 09:00:00,0.0
8583815059,2016-04-18 10:00:00,2096.0
8583815059,2016-04-18 11:00:00,5.0
8583815059,2016-04-18 12:00:00,19.0
8583815059,2016-04-18 13:00:00,56.0
8583815059,2016-04-18 14:00:00,11.0
8583815059,2016-04-18 15:00:00,78.0
8583815059,2016-04-18 16:00:00,37.0
8583815059,2016-04-18 17:00:00,38.0
8583815059,2016-04-18 18:00:00,29.0
8583815059,2016-04-18 19:00:00,132.0
8583815059,2016-04-18 20:00:00,59.0
8583815059,2016-04-18 21:00:00,165.0
8583815059,2016-04-18 22:00:00,29.0
8583815059,2016-04-18 23:00:00,103.0
8583815059,2016-04-19 00:00:00,0.0
8583815059,2016-04-19 01:00:00,0.0
8583815059,2016-04-19 02:00:00,0.0
8583815059,2016-04-19 03:00:00,0.0
8583815059,2016-04-19 04:00:00,0.0
8583815059,2016-04-19 05:00:00,0.0
8583815059,2016-04-19 06:00:00,0.0
8583815059,2016-04-19 07:00:00,0.0
8583815059,2016-04-19 08:00:00,0.0
8583815059,2016-04-19 09:00:00,0.0
8583815059,2016-04-19 10:00:00,90.0
8583815059,2016-04-19 11:00:00,433.0
8583815059,2016-04-19 12:00:00,1471.0
8583815059,2016-04-19 13:00:00,1404.0
8583815059,2016-04-19 14:00:00,941.0
8583815059,2016-04-19 15:00:00,40.0
8583815059,2016-04-19 16:00:00,0.0
8583815059,2016-04-19 17:00:00,462.0
8583815059,2016-04-19 18:00:00,350.0
8583815059,2016-04-19 19:00:00,70.0
8583815059,2016-04-19 20:00:00,106.0
8583815059,2016-04-19 21:00:00,61.0
8583815059,2016-04-19 22:00:00,140.0
8583815059,2016-04-19 23:00:00,129.0
8583815059,2016-04-20 00:00:00,0.0
8583815059,2016-04-20 01:00:00,0.0
8583815059,2016-04-20 02:00:00,0.0
8583815059,2016-04-20 03:00:00,0.0
8583815059,2016-04-20 04:00:00,0.0
8583815059,2016-04-20 05:00:00,0.0
8583815059,2016-04-20 06:00:00,0.0
8583815059,2016-04-20 07:00:00,0.0
8583815059,2016-04-20 08:00:00,0.0
8583815059,2016-04-20 09:00:00,0.0
8583815059,2016-04-20 10:00:00,168.0
8583815059,2016-04-20 11:00:00,241.0
8583815059,2016-04-20 12:00:00,242.0
8583815059,2016-04-20 13:00:00,808.0
8583815059,2016-04-20 14:00:00,1653.0
8583815059,2016-04-20 15:00:00,842.0
8583815059,2016-04-20 16:00:00,452.0
8583815059,2016-04-20 17:00:00,60.0
8583815059,2016-04-20 18:00:00,359.0
8583815059,2016-04-20 19:00:00,8.0
8583815059,2016-04-20 20:00:00,183.0
8583815059,2016-04-20 21:00:00,178.0
8583815059,2016-04-20 22:00:00,79.0
8583815059,2016-04-20 23:00:00,0.0
8583815059,2016-04-21 00:00:00,77.0
8583815059,2016-04-21 01:00:00,0.0
8583815059,2016-04-21 02:00:00,0.0
8583815059,2016-04-21 03:00:00,0.0
8583815059,2016-04-21 04:00:00,0.0
8583815059,2016-04-21 05:00:00,0.0
8583815059,2016-04-21 06:00:00,0.0
8583815059,2016-04-21 07:00:00,0.0
8583815059,2016-04-21 08:00:00,0.0
8583815059,2016-04-21 09:00:00,76.0
8583815059,2016-04-21 10:00:00,414.0
8583815059,2016-04-21 11:00:00,71.0
8583815059,2016-04-21 12:00:00,450.0
8583815059,2016-04-21 13:00:00,140.0
8583815059,2016-04-21 14:00:00,2063.0
8583815059,2016-04-21 15:00:00,3092.0
8583815059,2016-04-21 16:00:00,202.0
8583815059,2016-04-21 17:00:00,105.0
8583815059,2016-04-21 18:00:00,520.0
8583815059,2016-04-21 19:00:00,776.0
8583815059,2016-04-21 20:00:00,145.0
8583815059,2016-04-21 21:00:00,383.0
8583815059,2016-04-21 22:00:00,0.0
8583815059,2016-04-21 23:00:00,24.0
8583815059,2016-04-22 00:00:00,96.0
8583815059,2016-04-22 01:00:00,0.0
8583815059,2016-04-22 02:00:00,0.0
8583815059,2016-04-22 03:00:00,0.0
8583815059,2016-04-22 04:00:00,0.0
8583815059,2016-04-22 05:00:00,0.0
8583815059,2016-04-22 06:00:00,0.0
8583815059,2016-04-22 07:00:00,0.0
8583815059,2016-04-22 08:00:00,0.0
8583815059,2016-04-22 09:00:00,146.0
8583815059,2016-04-22 10:00:00,441.0
8583815059,2016-04-22 11:00:00,1655.0
8583815059,2016-04-22 12:00:00,1690.0
8583815059,2016-04-22 13:00:00,2228.0
8583815059,2016-04-22 14:00:00,616.0
8583815059,2016-04-22 15:00:00,30.0
8583815059,2016-04-22 16:00:00,269.0
8583815059,2016-04-22 17:00:00,604.0
8583815059,2016-04-22 18:00:00,298.0
8583815059,2016-04-22 19:00:00,207.0
8583815059,2016-04-22 20:00:00,20.0
8583815059,2016-04-22 21:00:00,67.0
8583815059,2016-04-22 22:00:00,54.0
8583815059,2016-04-22 23:00:00,266.0
8583815059,2016-04-23 00:00:00,0.0
8583815059,2016-04-23 01:00:00,0.0
8583815059,2016-04-23 02:00:00,0.0
8583815059,2016-04-23 03:00:00,0.0
8583815059,2016-04-23 04:00:00,0.0
8583815059,2016-04-23 05:00:00,0.0
8583815059,2016-04-23 06:00:00,0.0
8583815059,2016-04-23 07:00:00,0.0
8583815059,2016-04-23 08:00:00,0.0
8583815059,2016-04-23 09:00:00,398.0
8583815059,2016-04-23 10:00:00,2575.0
8583815059,2016-04-23 11:00:00,1914.0
8583815059,2016-04-23 12:00:00,1443.0
8583815059,2016-04-23 13:00:00,516.0
8583815059,2016-04-23 14:00:00,176.0
8583815059,2016-04-23 15:00:00,418.0
8583815059,2016-04-23 16:00:00,555.0
8583815059,2016-04-23 17:00:00,111.0
8583815059,2016-04-23 18:00:00,125.0
8583815059,2016-04-23 19:00:00,423.0
8583815059,2016-04-23 20:00:00,411.0
8583815059,2016-04-23 21:00:00,51.0
8583815059,2016-04-23 22:00:00,171.0
8583815059,2016-04-23 23:00:00,94.0
8583815059,2016-04-24 00:00:00,267.0
8583815059,2016-04-24 01:00:00,0.0
8583815059,2016-04-24 02:00:00,0.0
8583815059,2016-04-24 03:00:00,0.0
8583815059,2016-04-24 04:00:00,0.0
8583815059,2016-04-24 05:00:00,0.0
8583815059,2016-04-24 06:00:00,0.0
8583815059,2016-04-24 07:00:00,0.0
8583815059,2016-04-24 08:00:00,0.0
8583815059,2016-04-24 09:00:00,0.0
8583815059,2016-04-24 10:00:00,110.0
8583815059,2016-04-24 11:00:00,51.0
8583815059,2016-04-24 12:00:00,215.0
8583815059,2016-04-24 13:00:00,615.0
8583815059,2016-04-24 14:00:00,1612.0
8583815059,2016-04-24 15:00:00,1888.0
8583815059,2016-04-24 16:00:00,1632.0
8583815059,2016-04-24 17:00:00,1241.0
8583815059,2016-04-24 18:00:00,31.0
8583815059,2016-04-24 19:00:00,338.0
8583815059,2016-04-24 20:00:00,20.0
8583815059,2016-04-24 21:00:00,25.0
8583815059,2016-04-24 22:00:00,65.0
8583815059,2016-04-24 23:00:00,176.0
8583815059,2016-04-25 00:00:00,0.0
8583815059,2016-04-25 01:00:00,0.0
8583815059,2016-04-25 02:00:00,0.0
8583815059,2016-04-25 03:00:00,0.0
8583815059,2016-04-25 04:00:00,0.0
8583815059,2016-04-25 05:00:00,0.0
8583815059,2016-04-25 06:00:00,0.0
8583815059,2016-04-25 07:00:00,0.0
8583815059,2016-04-25 08:00:00,0.0
8583815059,2016-04-25 09:00:00,995.0
8583815059,2016-04-25 10:00:00,1447.0
8583815059,2016-04-25 11:00:00,158.0
8583815059,2016-04-25 12:00:00,96.0
8583815059,2016-04-25 13:00:00,184.0
8583815059,2016-04-25 14:00:00,0.0
8583815059,2016-04-25 15:00:00,420.0
8583815059,2016-04-25 16:00:00,533.0
8583815059,2016-04-25 17:00:00,32.0
8583815059,2016-04-25 18:00:00,40.0
8583815059,2016-04-25 19:00:00,76.0
8583815059,2016-04-25 20:00:00,154.0
8583815059,2016-04-25 21:00:00,30.0
8583815059,2016-04-25 22:00:00,106.0
8583815059,2016-04-25 23:00:00,232.0
8583815059,2016-04-26 00:00:00,0.0
8583815059,2016-04-26 01:00:00,0.0
8583815059,2016-04-26 02:00:00,0.0
8583815059,2016-04-26 03:00:00,0.0
8583815059,2016-04-26 04:00:00,0.0
8583815059,2016-04-26 05:00:00,0.0
8583815059,2016-04-26 06:00:00,0.0
8583815059,2016-04-26 07:00:00,0.0
8583815059,2016-04-26 08:00:00,0.0
8583815059,2016-04-26 09:00:00,90.0
8583815059,2016-04-26 10:00:00,526.0
8583815059,2016-04-26 11:00:00,1346.0
8583815059,2016-04-26 12:00:00,1403.0
8583815059,2016-04-26 13:00:00,804.0
8583815059,2016-04-26 14:00:00,1093.0
8583815059,2016-04-26 15:00:00,2940.0
8583815059,2016-04-26 16:00:00,1020.0
8583815059,2016-04-26 17:00:00,379.0
8583815059,2016-04-26 18:00:00,185.0
8583815059,2016-04-26 19:00:00,466.0
8583815059,2016-04-26 20:00:00,183.0
8583815059,2016-04-26 21:00:00,51.0
8583815059,2016-04-26 22:00:00,13.0
8583815059,2016-04-26 23:00:00,0.0
8583815059,2016-04-27 00:00:00,98.0
8583815059,2016-04-27 01:00:00,0.0
8583815059,2016-04-27 02:00:00,0.0
8583815059,2016-04-27 03:00:00,0.0
8583815059,2016-04-27 04:00:00,0.0
8583815059,2016-04-27 05:00:00,0.0
8583815059,2016-04-27 06:00:00,0.0
8583815059,2016-04-27 07:00:00,0.0
8583815059,2016-04-27 08:00:00,0.0
8583815059,2016-04-27 09:00:00,0.0
8583815059,2016-04-27 10:00:00,29.0
8583815059,2016-04-27 11:00:00,87.0
8583815059,2016-04-27 12:00:00,224.0
8583815059,2016-04-27 13:00:00,2401.0
8583815059,2016-04-27 14:00:00,1652.0
8583815059,2016-04-27 15:00:00,6503.0
8583815059,2016-04-27 16:00:00,934.0
8583815059,2016-04-27 17:00:00,77.0
8583815059,2016-04-27 18:00:00,52.0
8583815059,2016-04-27 19:00:00,76.0
8583815059,2016-04-27 20:00:00,35.0
8583815059,2016-04-27 21:00:00,99.0
8583815059,2016-04-27 22:00:00,44.0
8583815059,2016-04-27 23:00:00,163.0
8583815059,2016-04-28 00:00:00,0.0
8583815059,2016-04-28 01:00:00,0.0
8583815059,2016-04-28 02:00:00,0.0
8583815059,2016-04-28 03:00:00,0.0
8583815059,2016-04-28 04:00:00,0.0
8583815059,2016-04-28 05:00:00,0.0
8583815059,2016-04-28 06:00:00,0.0
8583815059,2016-04-28 07:00:00,0.0
8583815059,2016-04-28 08:00:00,0.0
8583815059,2016-04-28 09:00:00,401.0
8583815059,2016-04-28 10:00:00,11.0
8583815059,2016-04-28 11:00:00,100.0
8583815059,2016-04-28 12:00:00,712.0
8583815059,2016-04-28 13:00:00,1867.0
8583815059,2016-04-28 14:00:00,1474.0
8583815059,2016-04-28 15:00:00,351.0
8583815059,2016-04-28 16:00:00,219.0
8583815059,2016-04-28 17:00:00,159.0
8583815059,2016-04-28 18:00:00,134.0
8583815059,2016-04-28 19:00:00,177.0
8583815059,2016-04-28 20:00:00,251.0
8583815059,2016-04-28 21:00:00,112.0
8583815059,2016-04-28 22:00:00,66.0
8583815059,2016-04-28 23:00:00,140.0
8583815059,2016-04-29 00:00:00,0.0
8583815059,2016-04-29 01:00:00,0.0
8583815059,2016-04-29 02:00:00,0.0
8583815059,2016-04-29 03:00:00,0.0
8583815059,2016-04-29 04:00:00,0.0
8583815059,2016-04-29 05:00:00,0.0
8583815059,2016-04-29 06:00:00,0.0
8583815059,2016-04-29 07:00:00,149.0
8583815059,2016-04-29 08:00:00,3955.0
8583815059,2016-04-29 09:00:00,87.0
8583815059,2016-04-29 10:00:00,256.0
8583815059,2016-04-29 11:00:00,284.0
8583815059,2016-04-29 12:00:00,663.0
8583815059,2016-04-29 13:00:00,1905.0
8583815059,2016-04-29 14:00:00,2483.0
8583815059,2016-04-29 15:00:00,3085.0
8583815059,2016-04-29 16:00:00,1061.0
8583815059,2016-04-29 17:00:00,364.0
8583815059,2016-04-29 18:00:00,313.0
8583815059,2016-04-29 19:00:00,103.0
8583815059,2016-04-29 20:00:00,39.0
8583815059,2016-04-29 21:00:00,149.0
8583815059,2016-04-29 22:00:00,173.0
8583815059,2016-04-29 23:00:00,87.0
8583815059,2016-04-30 00:00:00,166.0
8583815059,2016-04-30 01:00:00,0.0
8583815059,2016-04-30 02:00:00,0.0
8583815059,2016-04-30 03:00:00,0.0
8583815059,2016-04-30 04:00:00,0.0
8583815059,2016-04-30 05:00:00,0.0
8583815059,2016-04-30 06:00:00,0.0
8583815059,2016-04-30 07:00:00,0.0
8583815059,2016-04-30 08:00:00,0.0
8583815059,2016-04-30 09:00:00,45.0
8583815059,2016-04-30 10:00:00,468.0
8583815059,2016-04-30 11:00:00,656.0
8583815059,2016-04-30 12:00:00,1823.0
8583815059,2016-04-30 13:00:00,1651.0
8583815059,2016-04-30 14:00:00,728.0
8583815059,2016-04-30 15:00:00,1327.0
8583815059,2016-04-30 16:00:00,556.0
8583815059,2016-04-30 17:00:00,498.0
8583815059,2016-04-30 18:00:00,343.0
8583815059,2016-04-30 19:00:00,169.0
8583815059,2016-04-30 20:00:00,279.0
8583815059,2016-04-30 21:00:00,228.0
8583815059,2016-04-30 22:00:00,860.0
8583815059,2016-04-30 23:00:00,288.0
8583815059,2016-05-01 00:00:00,1361.0
8583815059,2016-05-01 01:00:00,67.0
8583815059,2016-05-01 02:00:00,0.0
8583815059,2016-05-01 03:00:00,0.0
8583815059,2016-05-01 04:00:00,0.0
8583815059,2016-05-01 05:00:00,0.0
8583815059,2016-05-01 06:00:00,0.0
8583815059,2016-05-01 07:00:00,0.0
8583815059,2016-05-01 08:00:00,0.0
8583815059,2016-05-01 09:00:00,0.0
8583815059,2016-05-01 10:00:00,624.0
8583815059,2016-05-01 11:00:00,1179.0
8583815059,2016-05-01 12:00:00,460.0
8583815059,2016-05-01 13:00:00,0.0
8583815059,2016-05-01 14:00:00,6.0
8583815059,2016-05-01 15:00:00,0.0
8583815059,2016-05-01 16:00:00,76.0
8583815059,2016-05-01 17:00:00,0.0
8583815059,2016-05-01 18:00:00,0.0
8583815059,2016-05-01 19:00:00,0.0
8583815059,2016-05-01 20:00:00,0.0
8583815059,2016-05-01 21:00:00,0.0
8583815059,2016-05-01 22:00:00,0.0
8583815059,2016-05-01 23:00:00,0.0
8583815059,2016-05-02 00:00:00,0.0
8583815059,2016-05-02 01:00:00,0.0
8583815059,2016-05-02 02:00:00,0.0
8583815059,2016-05-02 03:00:00,0.0
8583815059,2016-05-02 04:00:00,0.0
8583815059,2016-05-02 05:00:00,0.0
8583815059,2016-05-02 06:00:00,0.0
8583815059,2016-05-02 07:00:00,0.0
8583815059,2016-05-02 08:00:00,0.0
8583815059,2016-05-02 09:00:00,0.0
8583815059,2016-05-02 10:00:00,0.0
8583815059,2016-05-02 11:00:00,0.0
8583815059,2016-05-02 12:00:00,0.0
8583815059,2016-05-02 13:00:00,0.0
8583815059,2016-05-02 14:00:00,0.0
8583815059,2016-05-02 15:00:00,0.0
8583815059,2016-05-02 16:00:00,0.0
8583815059,2016-05-02 17:00:00,0.0
8583815059,2016-05-02 18:00:00,0.0
8583815059,2016-05-02 19:00:00,0.0
8583815059,2016-05-02 20:00:00,0.0
8583815059,2016-05-02 21:00:00,0.0
8583815059,2016-05-02 22:00:00,0.0
8583815059,2016-05-02 23:00:00,0.0
8583815059,2016-05-03 00:00:00,0.0
8583815059,2016-05-03 01:00:00,0.0
8583815059,2016-05-03 02:00:00,0.0
8583815059,2016-05-03 03:00:00,0.0
8583815059,2016-05-03 04:00:00,0.0
8583815059,2016-05-03 05:00:00,0.0
8583815059,2016-05-03 06:00:00,0.0
8583815059,2016-05-03 07:00:00,0.0
8583815059,2016-05-03 08:00:00,0.0
8583815059,2016-05-03 09:00:00,0.0
8583815059,2016-05-03 10:00:00,0.0
8583815059,2016-05-03 11:00:00,0.0
8583815059,2016-05-03 12:00:00,0.0
8583815059,2016-05-03 13:00:00,0.0
8583815059,2016-05-03 14:00:00,0.0
8583815059,2016-05-03 15:00:00,0.0
8583815059,2016-05-03 16:00:00,0.0
8583815059,2016-05-03 17:00:00,0.0
8583815059,2016-05-03 18:00:00,0.0
8583815059,2016-05-03 19:00:00,0.0
8583815059,2016-05-03 20:00:00,0.0
8583815059,2016-05-03 21:00:00,0.0
8583815059,2016-05-03 22:00:00,0.0
8583815059,2016-05-03 23:00:00,0.0
8583815059,2016-05-04 00:00:00,0.0
8583815059,2016-05-04 01:00:00,0.0
8583815059,2016-05-04 02:00:00,0.0
8583815059,2016-05-04 03:00:00,0.0
8583815059,2016-05-04 04:00:00,0.0
8583815059,2016-05-04 05:00:00,0.0
8583815059,2016-05-04 06:00:00,0.0
8583815059,2016-05-04 07:00:00,0.0
8583815059,2016-05-04 08:00:00,0.0
8583815059,2016-05-04 09:00:00,0.0
8583815059,2016-05-04 10:00:00,0.0
8583815059,2016-05-04 11:00:00,0.0
8583815059,2016-05-04 12:00:00,0.0
8583815059,2016-05-04 13:00:00,0.0
8583815059,2016-05-04 14:00:00,0.0
8583815059,2016-05-04 15:00:00,0.0
8583815059,2016-05-04 16:00:00,0.0
8583815059,2016-05-04 17:00:00,0.0
8583815059,2016-05-04 18:00:00,0.0
8583815059,2016-05-04 19:00:00,0.0
8583815059,2016-05-04 20:00:00,0.0
8583815059,2016-05-04 21:00:00,0.0
8583815059,2016-05-04 22:00:00,0.0
8583815059,2016-05-04 23:00:00,0.0
8583815059,2016-05-05 00:00:00,0.0
8583815059,2016-05-05 01:00:00,0.0
8583815059,2016-05-05 02:00:00,0.0
8583815059,2016-05-05 03:00:00,0.0
8583815059,2016-05-05 04:00:00,0.0
8583815059,2016-05-05 05:00:00,0.0
8583815059,2016-05-05 06:00:00,0.0
8583815059,2016-05-05 07:00:00,0.0
8583815059,2016-05-05 08:00:00,0.0
8583815059,2016-05-05 09:00:00,0.0
8583815059,2016-05-05 10:00:00,0.0
8583815059,2016-05-05 11:00:00,0.0
8583815059,2016-05-05 12:00:00,0.0
8583815059,2016-05-05 13:00:00,0.0
8583815059,2016-05-05 14:00:00,0.0
8583815059,2016-05-05 15:00:00,0.0
8583815059,2016-05-05 16:00:00,0.0
8583815059,2016-05-05 17:00:00,0.0
8583815059,2016-05-05 18:00:00,776.0
8583815059,2016-05-05 19:00:00,184.0
8583815059,2016-05-05 20:00:00,206.0
8583815059,2016-05-05 21:00:00,88.0
8583815059,2016-05-05 22:00:00,201.0
8583815059,2016-05-05 23:00:00,52.0
8583815059,2016-05-06 00:00:00,8.0
8583815059,2016-05-06 01:00:00,0.0
8583815059,2016-05-06 02:00:00,0.0
8583815059,2016-05-06 03:00:00,0.0
8583815059,2016-05-06 04:00:00,0.0
8583815059,2016-05-06 05:00:00,0.0
8583815059,2016-05-06 06:00:00,0.0
8583815059,2016-05-06 07:00:00,0.0
8583815059,2016-05-06 08:00:00,0.0
8583815059,2016-05-06 09:00:00,0.0
8583815059,2016-05-06 10:00:00,53.0
8583815059,2016-05-06 11:00:00,579.0
8583815059,2016-05-06 12:00:00,1460.0
8583815059,2016-05-06 13:00:00,1608.0
8583815059,2016-05-06 14:00:00,395.0
8583815059,2016-05-06 15:00:00,4.0
8583815059,2016-05-06 16:00:00,13.0
8583815059,2016-05-06 17:00:00,64.0
8583815059,2016-05-06 18:00:00,0.0
8583815059,2016-05-06 19:00:00,700.0
8583815059,2016-05-06 20:00:00,745.0
8583815059,2016-05-06 21:00:00,45.0
8583815059,2016-05-06 22:00:00,72.0
8583815059,2016-05-06 23:00:00,97.0
8583815059,2016-05-07 00:00:00,76.0
8583815059,2016-05-07 01:00:00,0.0
8583815059,2016-05-07 02:00:00,0.0
8583815059,2016-05-07 03:00:00,0.0
8583815059,2016-05-07 04:00:00,0.0
8583815059,2016-05-07 05:00:00,0.0
8583815059,2016-05-07 06:00:00,0.0
8583815059,2016-05-07 07:00:00,0.0
8583815059,2016-05-07 08:00:00,0.0
8583815059,2016-05-07 09:00:00,424.0
8583815059,2016-05-07 10:00:00,232.0
8583815059,2016-05-07 11:00:00,709.0
8583815059,2016-05-07 12:00:00,634.0
8583815059,2016-05-07 13:00:00,474.0
8583815059,2016-05-07 14:00:00,448.0
8583815059,2016-05-07 15:00:00,449.0
8583815059,2016-05-07 16:00:00,132.0
8583815059,2016-05-07 17:00:00,115.0
8583815059,2016-05-07 18:00:00,589.0
8583815059,2016-05-07 19:00:00,889.0
8583815059,2016-05-07 20:00:00,379.0
8583815059,2016-05-07 21:00:00,299.0
8583815059,2016-05-07 22:00:00,117.0
8583815059,2016-05-07 23:00:00,151.0
8583815059,2016-05-08 00:00:00,56.0
8583815059,2016-05-08 01:00:00,148.0
8583815059,2016-05-08 02:00:00,0.0
8583815059,2016-05-08 03:00:00,0.0
8583815059,2016-05-08 04:00:00,0.0
8583815059,2016-05-08 05:00:00,0.0
8583815059,2016-05-08 06:00:00,0.0
8583815059,2016-05-08 07:00:00,0.0
8583815059,2016-05-08 08:00:00,0.0
8583815059,2016-05-08 09:00:00,0.0
8583815059,2016-05-08 10:00:00,108.0
8583815059,2016-05-08 11:00:00,401.0
8583815059,2016-05-08 12:00:00,2484.0
8583815059,2016-05-08 13:00:00,2457.0
8583815059,2016-05-08 14:00:00,1787.0
8583815059,2016-05-08 15:00:00,304.0
8583815059,2016-05-08 16:00:00,52.0
8583815059,2016-05-08 17:00:00,0.0
8583815059,2016-05-08 18:00:00,175.0
8583815059,2016-05-08 19:00:00,962.0
8583815059,2016-05-08 20:00:00,225.0
8583815059,2016-05-08 21:00:00,0.0
8583815059,2016-05-08 22:00:00,16.0
8583815059,2016-05-08 23:00:00,42.0
8583815059,2016-05-09 00:00:00,0.0
8583815059,2016-05-09 01:00:00,0.0
8583815059,2016-05-09 02:00:00,0.0
8583815059,2016-05-09 03:00:00,0.0
8583815059,2016-05-09 04:00:00,0.0
8583815059,2016-05-09 05:00:00,0.0
8583815059,2016-05-09 06:00:00,0.0
8583815059,2016-05-09 07:00:00,0.0
8583815059,2016-05-09 08:00:00,0.0
8583815059,2016-05-09 09:00:00,122.0
8583815059,2016-05-09 10:00:00,0.0
8583815059,2016-05-09 11:00:00,75.0
8583815059,2016-05-09 12:00:00,28.0
8583815059,2016-05-09 13:00:00,0.0
8583815059,2016-05-09 14:00:00,547.0
8583815059,2016-05-09 15:00:00,6554.0
8583815059,2016-05-09 16:00:00,1066.0
8583815059,2016-05-09 17:00:00,0.0
8583815059,2016-05-09 18:00:00,11.0
8583815059,2016-05-09 19:00:00,570.0
8583815059,2016-05-09 20:00:00,483.0
8583815059,2016-05-09 21:00:00,99.0
8583815059,2016-05-09 22:00:00,274.0
8583815059,2016-05-09 23:00:00,5.0
8583815059,2016-05-10 00:00:00,194.0
8583815059,2016-05-10 01:00:00,0.0
8583815059,2016-05-10 02:00:00,0.0
8583815059,2016-05-10 03:00:00,0.0
8583815059,2016-05-10 04:00:00,0.0
8583815059,2016-05-10 05:00:00,0.0
8583815059,2016-05-10 06:00:00,0.0
8583815059,2016-05-10 07:00:00,0.0
8583815059,2016-05-10 08:00:00,0.0
8583815059,2016-05-10 09:00:00,225.0
8583815059,2016-05-10 10:00:00,331.0
8583815059,2016-05-10 11:00:00,664.0
8583815059,2016-05-10 12:00:00,2631.0
8583815059,2016-05-10 13:00:00,2371.0
8583815059,2016-05-10 14:00:00,1049.0
8583815059,2016-05-10 15:00:00,0.0
8583815059,2016-05-10 16:00:00,69.0
8583815059,2016-05-10 17:00:00,7.0
8583815059,2016-05-10 18:00:00,55.0
8583815059,2016-05-10 19:00:00,298.0
8583815059,2016-05-10 20:00:00,127.0
8583815059,2016-05-10 21:00:00,108.0
8583815059,2016-05-10 22:00:00,54.0
8583815059,2016-05-10 23:00:00,34.0
8583815059,2016-05-11 00:00:00,175.0
8583815059,2016-05-11 01:00:00,0.0
8583815059,2016-05-11 02:00:00,0.0
8583815059,2016-05-11 03:00:00,0.0
8583815059,2016-05-11 04:00:00,0.0
8583815059,2016-05-11 05:00:00,0.0
8583815059,2016-05-11 06:00:00,0.0
8583815059,2016-05-11 07:00:00,0.0
8583815059,2016-05-11 08:00:00,0.0
8583815059,2016-05-11 09:00:00,79.0
8583815059,2016-05-11 10:00:00,0.0
8583815059,2016-05-11 11:00:00,105.0
8583815059,2016-05-11 12:00:00,473.0
8583815059,2016-05-11 13:00:00,2278.0
8583815059,2016-05-11 14:00:00,2751.0
8583815059,2016-05-11 15:00:00,552.0
8583815059,2016-05-11 16:00:00,1068.0
8583815059,2016-05-11 17:00:00,331.0
8583815059,2016-05-11 18:00:00,179.0
8583815059,2016-05-11 19:00:00,17.0
8583815059,2016-05-11 20:00:00,429.0
8583815059,2016-05-11 21:00:00,160.0
8792009665,2016-04-12 00:00:00,0.0
8792009665,2016-04-12 01:00:00,0.0
8792009665,2016-04-12 02:00:00,7.0
8792009665,2016-04-12 03:00:00,0.0
8792009665,2016-04-12 04:00:00,0.0
8792009665,2016-04-12 05:00:00,0.0
8792009665,2016-04-12 06:00:00,0.0
8792009665,2016-04-12 07:00:00,0.0
8792009665,2016-04-12 08:00:00,13.0
8792009665,2016-04-12 09:00:00,0.0
8792009665,2016-04-12 10:00:00,69.0
8792009665,2016-04-12 11:00:00,81.0
8792009665,2016-04-12 12:00:00,291.0
8792009665,2016-04-12 13:00:00,7.0
8792009665,2016-04-12 14:00:00,7.0
8792009665,2016-04-12 15:00:00,83.0
8792009665,2016-04-12 16:00:00,135.0
8792009665,2016-04-12 17:00:00,23.0
8792009665,2016-04-12 18:00:00,781.0
8792009665,2016-04-12 19:00:00,700.0
8792009665,2016-04-12 20:00:00,119.0
8792009665,2016-04-12 21:00:00,16.0
8792009665,2016-04-12 22:00:00,32.0
8792009665,2016-04-12 23:00:00,192.0
8792009665,2016-04-13 00:00:00,162.0
8792009665,2016-04-13 01:00:00,19.0
8792009665,2016-04-13 02:00:00,9.0
8792009665,2016-04-13 03:00:00,0.0
8792009665,2016-04-13 04:00:00,0.0
8792009665,2016-04-13 05:00:00,0.0
8792009665,2016-04-13 06:00:00,8.0
8792009665,2016-04-13 07:00:00,62.0
8792009665,2016-04-13 08:00:00,0.0
8792009665,2016-04-13 09:00:00,0.0
8792009665,2016-04-13 10:00:00,91.0
8792009665,2016-04-13 11:00:00,113.0
8792009665,2016-04-13 12:00:00,10.0
8792009665,2016-04-13 13:00:00,187.0
8792009665,2016-04-13 14:00:00,0.0
8792009665,2016-04-13 15:00:00,49.0
8792009665,2016-04-13 16:00:00,15.0
8792009665,2016-04-13 17:00:00,96.0
8792009665,2016-04-13 18:00:00,83.0
8792009665,2016-04-13 19:00:00,206.0
8792009665,2016-04-13 20:00:00,64.0
8792009665,2016-04-13 21:00:00,74.0
8792009665,2016-04-13 22:00:00,72.0
8792009665,2016-04-13 23:00:00,0.0
8792009665,2016-04-14 00:00:00,279.0
8792009665,2016-04-14 01:00:00,45.0
8792009665,2016-04-14 02:00:00,13.0
8792009665,2016-04-14 03:00:00,0.0
8792009665,2016-04-14 04:00:00,0.0
8792009665,2016-04-14 05:00:00,0.0
8792009665,2016-04-14 06:00:00,7.0
8792009665,2016-04-14 07:00:00,0.0
8792009665,2016-04-14 08:00:00,7.0
8792009665,2016-04-14 09:00:00,0.0
8792009665,2016-04-14 10:00:00,0.0
8792009665,2016-04-14 11:00:00,227.0
8792009665,2016-04-14 12:00:00,148.0
8792009665,2016-04-14 13:00:00,15.0
8792009665,2016-04-14 14:00:00,0.0
8792009665,2016-04-14 15:00:00,50.0
8792009665,2016-04-14 16:00:00,25.0
8792009665,2016-04-14 17:00:00,110.0
8792009665,2016-04-14 18:00:00,165.0
8792009665,2016-04-14 19:00:00,0.0
8792009665,2016-04-14 20:00:00,0.0
8792009665,2016-04-14 21:00:00,43.0
8792009665,2016-04-14 22:00:00,5.0
8792009665,2016-04-14 23:00:00,80.0
8792009665,2016-04-15 00:00:00,227.0
8792009665,2016-04-15 01:00:00,43.0
8792009665,2016-04-15 02:00:00,49.0
8792009665,2016-04-15 03:00:00,29.0
8792009665,2016-04-15 04:00:00,7.0
8792009665,2016-04-15 05:00:00,0.0
8792009665,2016-04-15 06:00:00,0.0
8792009665,2016-04-15 07:00:00,0.0
8792009665,2016-04-15 08:00:00,0.0
8792009665,2016-04-15 09:00:00,34.0
8792009665,2016-04-15 10:00:00,99.0
8792009665,2016-04-15 11:00:00,185.0
8792009665,2016-04-15 12:00:00,85.0
8792009665,2016-04-15 13:00:00,13.0
8792009665,2016-04-15 14:00:00,0.0
8792009665,2016-04-15 15:00:00,30.0
8792009665,2016-04-15 16:00:00,239.0
8792009665,2016-04-15 17:00:00,86.0
8792009665,2016-04-15 18:00:00,724.0
8792009665,2016-04-15 19:00:00,246.0
8792009665,2016-04-15 20:00:00,215.0
8792009665,2016-04-15 21:00:00,0.0
8792009665,2016-04-15 22:00:00,94.0
8792009665,2016-04-15 23:00:00,78.0
8792009665,2016-04-16 00:00:00,98.0
8792009665,2016-04-16 01:00:00,146.0
8792009665,2016-04-16 02:00:00,0.0
8792009665,2016-04-16 03:00:00,0.0
8792009665,2016-04-16 04:00:00,0.0
8792009665,2016-04-16 05:00:00,0.0
8792009665,2016-04-16 06:00:00,0.0
8792009665,2016-04-16 07:00:00,0.0
8792009665,2016-04-16 08:00:00,0.0
8792009665,2016-04-16 09:00:00,0.0
8792009665,2016-04-16 10:00:00,0.0
8792009665,2016-04-16 11:00:00,0.0
8792009665,2016-04-16 12:00:00,0.0
8792009665,2016-04-16 13:00:00,0.0
8792009665,2016-04-16 14:00:00,0.0
8792009665,2016-04-16 15:00:00,0.0
8792009665,2016-04-16 16:00:00,0.0
8792009665,2016-04-16 17:00:00,0.0
8792009665,2016-04-16 18:00:00,0.0
8792009665,2016-04-16 19:00:00,0.0
8792009665,2016-04-16 20:00:00,0.0
8792009665,2016-04-16 21:00:00,0.0
8792009665,2016-04-16 22:00:00,0.0
8792009665,2016-04-16 23:00:00,0.0
8792009665,2016-04-17 00:00:00,0.0
8792009665,2016-04-17 01:00:00,0.0
8792009665,2016-04-17 02:00:00,0.0
8792009665,2016-04-17 03:00:00,0.0
8792009665,2016-04-17 04:00:00,0.0
8792009665,2016-04-17 05:00:00,0.0
8792009665,2016-04-17 06:00:00,0.0
8792009665,2016-04-17 07:00:00,0.0
8792009665,2016-04-17 08:00:00,0.0
8792009665,2016-04-17 09:00:00,0.0
8792009665,2016-04-17 10:00:00,0.0
8792009665,2016-04-17 11:00:00,0.0
8792009665,2016-04-17 12:00:00,0.0
8792009665,2016-04-17 13:00:00,0.0
8792009665,2016-04-17 14:00:00,0.0
8792009665,2016-04-17 15:00:00,0.0
8792009665,2016-04-17 16:00:00,0.0
8792009665,2016-04-17 17:00:00,0.0
8792009665,2016-04-17 18:00:00,0.0
8792009665,2016-04-17 19:00:00,0.0
8792009665,2016-04-17 20:00:00,0.0
8792009665,2016-04-17 21:00:00,0.0
8792009665,2016-04-17 22:00:00,0.0
8792009665,2016-04-17 23:00:00,0.0
8792009665,2016-04-18 00:00:00,0.0
8792009665,2016-04-18 01:00:00,0.0
8792009665,2016-04-18 02:00:00,0.0
8792009665,2016-04-18 03:00:00,0.0
8792009665,2016-04-18 04:00:00,0.0
8792009665,2016-04-18 05:00:00,0.0
8792009665,2016-04-18 06:00:00,0.0
8792009665,2016-04-18 07:00:00,0.0
8792009665,2016-04-18 08:00:00,0.0
8792009665,2016-04-18 09:00:00,0.0
8792009665,2016-04-18 10:00:00,0.0
8792009665,2016-04-18 11:00:00,0.0
8792009665,2016-04-18 12:00:00,0.0
8792009665,2016-04-18 13:00:00,0.0
8792009665,2016-04-18 14:00:00,0.0
8792009665,2016-04-18 15:00:00,0.0
8792009665,2016-04-18 16:00:00,0.0
8792009665,2016-04-18 17:00:00,0.0
8792009665,2016-04-18 18:00:00,0.0
8792009665,2016-04-18 19:00:00,0.0
8792009665,2016-04-18 20:00:00,0.0
8792009665,2016-04-18 21:00:00,0.0
8792009665,2016-04-18 22:00:00,0.0
8792009665,2016-04-18 23:00:00,0.0
8792009665,2016-04-19 00:00:00,0.0
8792009665,2016-04-19 01:00:00,0.0
8792009665,2016-04-19 02:00:00,0.0
8792009665,2016-04-19 03:00:00,0.0
8792009665,2016-04-19 04:00:00,0.0
8792009665,2016-04-19 05:00:00,0.0
8792009665,2016-04-19 06:00:00,0.0
8792009665,2016-04-19 07:00:00,0.0
8792009665,2016-04-19 08:00:00,0.0
8792009665,2016-04-19 09:00:00,0.0
8792009665,2016-04-19 10:00:00,0.0
8792009665,2016-04-19 11:00:00,0.0
8792009665,2016-04-19 12:00:00,0.0
8792009665,2016-04-19 13:00:00,0.0
8792009665,2016-04-19 14:00:00,0.0
8792009665,2016-04-19 15:00:00,0.0
8792009665,2016-04-19 16:00:00,0.0
8792009665,2016-04-19 17:00:00,0.0
8792009665,2016-04-19 18:00:00,0.0
8792009665,2016-04-19 19:00:00,0.0
8792009665,2016-04-19 20:00:00,0.0
8792009665,2016-04-19 21:00:00,0.0
8792009665,2016-04-19 22:00:00,0.0
8792009665,2016-04-19 23:00:00,0.0
8792009665,2016-04-20 00:00:00,0.0
8792009665,2016-04-20 01:00:00,0.0
8792009665,2016-04-20 02:00:00,10.0
8792009665,2016-04-20 03:00:00,0.0
8792009665,2016-04-20 04:00:00,0.0
8792009665,2016-04-20 05:00:00,5.0
8792009665,2016-04-20 06:00:00,0.0
8792009665,2016-04-20 07:00:00,0.0
8792009665,2016-04-20 08:00:00,0.0
8792009665,2016-04-20 09:00:00,33.0
8792009665,2016-04-20 10:00:00,0.0
8792009665,2016-04-20 11:00:00,142.0
8792009665,2016-04-20 12:00:00,184.0
8792009665,2016-04-20 13:00:00,0.0
8792009665,2016-04-20 14:00:00,6.0
8792009665,2016-04-20 15:00:00,4.0
8792009665,2016-04-20 16:00:00,119.0
8792009665,2016-04-20 17:00:00,1125.0
8792009665,2016-04-20 18:00:00,116.0
8792009665,2016-04-20 19:00:00,220.0
8792009665,2016-04-20 20:00:00,698.0
8792009665,2016-04-20 21:00:00,327.0
8792009665,2016-04-20 22:00:00,151.0
8792009665,2016-04-20 23:00:00,7.0
8792009665,2016-04-21 00:00:00,144.0
8792009665,2016-04-21 01:00:00,0.0
8792009665,2016-04-21 02:00:00,0.0
8792009665,2016-04-21 03:00:00,0.0
8792009665,2016-04-21 04:00:00,0.0
8792009665,2016-04-21 05:00:00,0.0
8792009665,2016-04-21 06:00:00,0.0
8792009665,2016-04-21 07:00:00,0.0
8792009665,2016-04-21 08:00:00,0.0
8792009665,2016-04-21 09:00:00,0.0
8792009665,2016-04-21 10:00:00,0.0
8792009665,2016-04-21 11:00:00,0.0
8792009665,2016-04-21 12:00:00,0.0
8792009665,2016-04-21 13:00:00,0.0
8792009665,2016-04-21 14:00:00,0.0
8792009665,2016-04-21 15:00:00,0.0
8792009665,2016-04-21 16:00:00,0.0
8792009665,2016-04-21 17:00:00,0.0
8792009665,2016-04-21 18:00:00,0.0
8792009665,2016-04-21 19:00:00,0.0
8792009665,2016-04-21 20:00:00,0.0
8792009665,2016-04-21 21:00:00,0.0
8792009665,2016-04-21 22:00:00,0.0
8792009665,2016-04-21 23:00:00,0.0
8792009665,2016-04-22 00:00:00,17.0
8792009665,2016-04-22 01:00:00,16.0
8792009665,2016-04-22 02:00:00,18.0
8792009665,2016-04-22 03:00:00,0.0
8792009665,2016-04-22 04:00:00,0.0
8792009665,2016-04-22 05:00:00,0.0
8792009665,2016-04-22 06:00:00,0.0
8792009665,2016-04-22 07:00:00,7.0
8792009665,2016-04-22 08:00:00,32.0
8792009665,2016-04-22 09:00:00,117.0
8792009665,2016-04-22 10:00:00,88.0
8792009665,2016-04-22 11:00:00,257.0
8792009665,2016-04-22 12:00:00,165.0
8792009665,2016-04-22 13:00:00,23.0
8792009665,2016-04-22 14:00:00,0.0
8792009665,2016-04-22 15:00:00,16.0
8792009665,2016-04-22 16:00:00,1009.0
8792009665,2016-04-22 17:00:00,603.0
8792009665,2016-04-22 18:00:00,463.0
8792009665,2016-04-22 19:00:00,705.0
8792009665,2016-04-22 20:00:00,435.0
8792009665,2016-04-22 21:00:00,45.0
8792009665,2016-04-22 22:00:00,52.0
8792009665,2016-04-22 23:00:00,0.0
8792009665,2016-04-23 00:00:00,266.0
8792009665,2016-04-23 01:00:00,121.0
8792009665,2016-04-23 02:00:00,60.0
8792009665,2016-04-23 03:00:00,17.0
8792009665,2016-04-23 04:00:00,0.0
8792009665,2016-04-23 05:00:00,0.0
8792009665,2016-04-23 06:00:00,0.0
8792009665,2016-04-23 07:00:00,0.0
8792009665,2016-04-23 08:00:00,0.0
8792009665,2016-04-23 09:00:00,276.0
8792009665,2016-04-23 10:00:00,468.0
8792009665,2016-04-23 11:00:00,794.0
8792009665,2016-04-23 12:00:00,224.0
8792009665,2016-04-23 13:00:00,565.0
8792009665,2016-04-23 14:00:00,378.0
8792009665,2016-04-23 15:00:00,433.0
8792009665,2016-04-23 16:00:00,671.0
8792009665,2016-04-23 17:00:00,263.0
8792009665,2016-04-23 18:00:00,372.0
8792009665,2016-04-23 19:00:00,26.0
8792009665,2016-04-23 20:00:00,220.0
8792009665,2016-04-23 21:00:00,38.0
8792009665,2016-04-23 22:00:00,47.0
8792009665,2016-04-23 23:00:00,6.0
8792009665,2016-04-24 00:00:00,71.0
8792009665,2016-04-24 01:00:00,329.0
8792009665,2016-04-24 02:00:00,0.0
8792009665,2016-04-24 03:00:00,0.0
8792009665,2016-04-24 04:00:00,0.0
8792009665,2016-04-24 05:00:00,0.0
8792009665,2016-04-24 06:00:00,0.0
8792009665,2016-04-24 07:00:00,0.0
8792009665,2016-04-24 08:00:00,0.0
8792009665,2016-04-24 09:00:00,0.0
8792009665,2016-04-24 10:00:00,0.0
8792009665,2016-04-24 11:00:00,0.0
8792009665,2016-04-24 12:00:00,0.0
8792009665,2016-04-24 13:00:00,0.0
8792009665,2016-04-24 14:00:00,0.0
8792009665,2016-04-24 15:00:00,0.0
8792009665,2016-04-24 16:00:00,0.0
8792009665,2016-04-24 17:00:00,0.0
8792009665,2016-04-24 18:00:00,0.0
8792009665,2016-04-24 19:00:00,0.0
8792009665,2016-04-24 20:00:00,0.0
8792009665,2016-04-24 21:00:00,0.0
8792009665,2016-04-24 22:00:00,0.0
8792009665,2016-04-24 23:00:00,0.0
8792009665,2016-04-25 00:00:00,0.0
8792009665,2016-04-25 01:00:00,0.0
8792009665,2016-04-25 02:00:00,0.0
8792009665,2016-04-25 03:00:00,0.0
8792009665,2016-04-25 04:00:00,0.0
8792009665,2016-04-25 05:00:00,0.0
8792009665,2016-04-25 06:00:00,0.0
8792009665,2016-04-25 07:00:00,0.0
8792009665,2016-04-25 08:00:00,0.0
8792009665,2016-04-25 09:00:00,0.0
8792009665,2016-04-25 10:00:00,0.0
8792009665,2016-04-25 11:00:00,0.0
8792009665,2016-04-25 12:00:00,0.0
8792009665,2016-04-25 13:00:00,0.0
8792009665,2016-04-25 14:00:00,0.0
8792009665,2016-04-25 15:00:00,0.0
8792009665,2016-04-25 16:00:00,0.0
8792009665,2016-04-25 17:00:00,0.0
8792009665,2016-04-25 18:00:00,0.0
8792009665,2016-04-25 19:00:00,0.0
8792009665,2016-04-25 20:00:00,0.0
8792009665,2016-04-25 21:00:00,0.0
8792009665,2016-04-25 22:00:00,0.0
8792009665,2016-04-25 23:00:00,0.0
8792009665,2016-04-26 00:00:00,0.0
8792009665,2016-04-26 01:00:00,0.0
8792009665,2016-04-26 02:00:00,0.0
8792009665,2016-04-26 03:00:00,0.0
8792009665,2016-04-26 04:00:00,0.0
8792009665,2016-04-26 05:00:00,0.0
8792009665,2016-04-26 06:00:00,0.0
8792009665,2016-04-26 07:00:00,0.0
8792009665,2016-04-26 08:00:00,0.0
8792009665,2016-04-26 09:00:00,94.0
8792009665,2016-04-26 10:00:00,8.0
8792009665,2016-04-26 11:00:00,69.0
8792009665,2016-04-26 12:00:00,55.0
8792009665,2016-04-26 13:00:00,39.0
8792009665,2016-04-26 14:00:00,7.0
8792009665,2016-04-26 15:00:00,27.0
8792009665,2016-04-26 16:00:00,13.0
8792009665,2016-04-26 17:00:00,354.0
8792009665,2016-04-26 18:00:00,420.0
8792009665,2016-04-26 19:00:00,23.0
8792009665,2016-04-26 20:00:00,68.0
8792009665,2016-04-26 21:00:00,72.0
8792009665,2016-04-26 22:00:00,32.0
8792009665,2016-04-26 23:00:00,40.0
8792009665,2016-04-27 00:00:00,228.0
8792009665,2016-04-27 01:00:00,246.0
8792009665,2016-04-27 02:00:00,0.0
8792009665,2016-04-27 03:00:00,0.0
8792009665,2016-04-27 04:00:00,0.0
8792009665,2016-04-27 05:00:00,0.0
8792009665,2016-04-27 06:00:00,0.0
8792009665,2016-04-27 07:00:00,0.0
8792009665,2016-04-27 08:00:00,0.0
8792009665,2016-04-27 09:00:00,150.0
8792009665,2016-04-27 10:00:00,0.0
8792009665,2016-04-27 11:00:00,288.0
8792009665,2016-04-27 12:00:00,13.0
8792009665,2016-04-27 13:00:00,55.0
8792009665,2016-04-27 14:00:00,15.0
8792009665,2016-04-27 15:00:00,27.0
8792009665,2016-04-27 16:00:00,102.0
8792009665,2016-04-27 17:00:00,75.0
8792009665,2016-04-27 18:00:00,211.0
8792009665,2016-04-27 19:00:00,90.0
8792009665,2016-04-27 20:00:00,139.0
8792009665,2016-04-27 21:00:00,75.0
8792009665,2016-04-27 22:00:00,16.0
8792009665,2016-04-27 23:00:00,28.0
8792009665,2016-04-28 00:00:00,172.0
8792009665,2016-04-28 01:00:00,160.0
8792009665,2016-04-28 02:00:00,211.0
8792009665,2016-04-28 03:00:00,0.0
8792009665,2016-04-28 04:00:00,0.0
8792009665,2016-04-28 05:00:00,0.0
8792009665,2016-04-28 06:00:00,0.0
8792009665,2016-04-28 07:00:00,0.0
8792009665,2016-04-28 08:00:00,25.0
8792009665,2016-04-28 09:00:00,272.0
8792009665,2016-04-28 10:00:00,405.0
8792009665,2016-04-28 11:00:00,169.0
8792009665,2016-04-28 12:00:00,0.0
8792009665,2016-04-28 13:00:00,289.0
8792009665,2016-04-28 14:00:00,653.0
8792009665,2016-04-28 15:00:00,951.0
8792009665,2016-04-28 16:00:00,931.0
8792009665,2016-04-28 17:00:00,695.0
8792009665,2016-04-28 18:00:00,164.0
8792009665,2016-04-28 19:00:00,496.0
8792009665,2016-04-28 20:00:00,346.0
8792009665,2016-04-28 21:00:00,26.0
8792009665,2016-04-28 22:00:00,134.0
8792009665,2016-04-28 23:00:00,58.0
8792009665,2016-04-29 00:00:00,670.0
8792009665,2016-04-29 01:00:00,182.0
8792009665,2016-04-29 02:00:00,44.0
8792009665,2016-04-29 03:00:00,0.0
8792009665,2016-04-29 04:00:00,0.0
8792009665,2016-04-29 05:00:00,0.0
8792009665,2016-04-29 06:00:00,0.0
8792009665,2016-04-29 07:00:00,0.0
8792009665,2016-04-29 08:00:00,0.0
8792009665,2016-04-29 09:00:00,364.0
8792009665,2016-04-29 10:00:00,763.0
8792009665,2016-04-29 11:00:00,436.0
8792009665,2016-04-29 12:00:00,150.0
8792009665,2016-04-29 13:00:00,0.0
8792009665,2016-04-29 14:00:00,1332.0
8792009665,2016-04-29 15:00:00,675.0
8792009665,2016-04-29 16:00:00,407.0
8792009665,2016-04-29 17:00:00,678.0
8792009665,2016-04-29 18:00:00,690.0
8792009665,2016-04-29 19:00:00,637.0
8792009665,2016-04-29 20:00:00,1055.0
8792009665,2016-04-29 21:00:00,179.0
8792009665,2016-04-29 22:00:00,0.0
8792009665,2016-04-29 23:00:00,98.0
8792009665,2016-04-30 00:00:00,28.0
8792009665,2016-04-30 01:00:00,32.0
8792009665,2016-04-30 02:00:00,0.0
8792009665,2016-04-30 03:00:00,0.0
8792009665,2016-04-30 04:00:00,0.0
8792009665,2016-04-30 05:00:00,0.0
8792009665,2016-04-30 06:00:00,0.0
8792009665,2016-04-30 07:00:00,41.0
8792009665,2016-04-30 08:00:00,28.0
8792009665,2016-04-30 09:00:00,518.0
8792009665,2016-04-30 10:00:00,329.0
8792009665,2016-04-30 11:00:00,537.0
8792009665,2016-04-30 12:00:00,572.0
8792009665,2016-04-30 13:00:00,769.0
8792009665,2016-04-30 14:00:00,506.0
8792009665,2016-04-30 15:00:00,809.0
8792009665,2016-04-30 16:00:00,300.0
8792009665,2016-04-30 17:00:00,159.0
8792009665,2016-04-30 18:00:00,620.0
8792009665,2016-04-30 19:00:00,789.0
8792009665,2016-04-30 20:00:00,499.0
8792009665,2016-04-30 21:00:00,387.0
8792009665,2016-04-30 22:00:00,47.0
8792009665,2016-04-30 23:00:00,204.0
8792009665,2016-05-01 00:00:00,16.0
8792009665,2016-05-01 01:00:00,0.0
8792009665,2016-05-01 02:00:00,0.0
8792009665,2016-05-01 03:00:00,0.0
8792009665,2016-05-01 04:00:00,0.0
8792009665,2016-05-01 05:00:00,0.0
8792009665,2016-05-01 06:00:00,0.0
8792009665,2016-05-01 07:00:00,0.0
8792009665,2016-05-01 08:00:00,21.0
8792009665,2016-05-01 09:00:00,0.0
8792009665,2016-05-01 10:00:00,80.0
8792009665,2016-05-01 11:00:00,133.0
8792009665,2016-05-01 12:00:00,0.0
8792009665,2016-05-01 13:00:00,44.0
8792009665,2016-05-01 14:00:00,257.0
8792009665,2016-05-01 15:00:00,216.0
8792009665,2016-05-01 16:00:00,77.0
8792009665,2016-05-01 17:00:00,99.0
8792009665,2016-05-01 18:00:00,306.0
8792009665,2016-05-01 19:00:00,94.0
8792009665,2016-05-01 20:00:00,113.0
8792009665,2016-05-01 21:00:00,116.0
8792009665,2016-05-01 22:00:00,0.0
8792009665,2016-05-01 23:00:00,47.0
8792009665,2016-05-02 00:00:00,351.0
8792009665,2016-05-02 01:00:00,227.0
8792009665,2016-05-02 02:00:00,163.0
8792009665,2016-05-02 03:00:00,0.0
8792009665,2016-05-02 04:00:00,0.0
8792009665,2016-05-02 05:00:00,0.0
8792009665,2016-05-02 06:00:00,0.0
8792009665,2016-05-02 07:00:00,4.0
8792009665,2016-05-02 08:00:00,0.0
8792009665,2016-05-02 09:00:00,83.0
8792009665,2016-05-02 10:00:00,0.0
8792009665,2016-05-02 11:00:00,311.0
8792009665,2016-05-02 12:00:00,79.0
8792009665,2016-05-02 13:00:00,8.0
8792009665,2016-05-02 14:00:00,6.0
8792009665,2016-05-02 15:00:00,59.0
8792009665,2016-05-02 16:00:00,142.0
8792009665,2016-05-02 17:00:00,0.0
8792009665,2016-05-02 18:00:00,102.0
8792009665,2016-05-02 19:00:00,8.0
8792009665,2016-05-02 20:00:00,122.0
8792009665,2016-05-02 21:00:00,71.0
8792009665,2016-05-02 22:00:00,37.0
8792009665,2016-05-02 23:00:00,58.0
8792009665,2016-05-03 00:00:00,130.0
8792009665,2016-05-03 01:00:00,171.0
8792009665,2016-05-03 02:00:00,0.0
8792009665,2016-05-03 03:00:00,0.0
8792009665,2016-05-03 04:00:00,8.0
8792009665,2016-05-03 05:00:00,0.0
8792009665,2016-05-03 06:00:00,6.0
8792009665,2016-05-03 07:00:00,0.0
8792009665,2016-05-03 08:00:00,0.0
8792009665,2016-05-03 09:00:00,22.0
8792009665,2016-05-03 10:00:00,0.0
8792009665,2016-05-03 11:00:00,623.0
8792009665,2016-05-03 12:00:00,58.0
8792009665,2016-05-03 13:00:00,0.0
8792009665,2016-05-03 14:00:00,14.0
8792009665,2016-05-03 15:00:00,312.0
8792009665,2016-05-03 16:00:00,146.0
8792009665,2016-05-03 17:00:00,266.0
8792009665,2016-05-03 18:00:00,121.0
8792009665,2016-05-03 19:00:00,336.0
8792009665,2016-05-03 20:00:00,31.0
8792009665,2016-05-03 21:00:00,68.0
8792009665,2016-05-03 22:00:00,26.0
8792009665,2016-05-03 23:00:00,83.0
8792009665,2016-05-04 00:00:00,337.0
8792009665,2016-05-04 01:00:00,55.0
8792009665,2016-05-04 02:00:00,34.0
8792009665,2016-05-04 03:00:00,0.0
8792009665,2016-05-04 04:00:00,0.0
8792009665,2016-05-04 05:00:00,0.0
8792009665,2016-05-04 06:00:00,0.0
8792009665,2016-05-04 07:00:00,0.0
8792009665,2016-05-04 08:00:00,0.0
8792009665,2016-05-04 09:00:00,31.0
8792009665,2016-05-04 10:00:00,179.0
8792009665,2016-05-04 11:00:00,180.0
8792009665,2016-05-04 12:00:00,0.0
8792009665,2016-05-04 13:00:00,144.0
8792009665,2016-05-04 14:00:00,105.0
8792009665,2016-05-04 15:00:00,559.0
8792009665,2016-05-04 16:00:00,0.0
8792009665,2016-05-04 17:00:00,366.0
8792009665,2016-05-04 18:00:00,153.0
8792009665,2016-05-04 19:00:00,8.0
8792009665,2016-05-04 20:00:00,132.0
8792009665,2016-05-04 21:00:00,0.0
8792009665,2016-05-04 22:00:00,0.0
8792009665,2016-05-04 23:00:00,0.0
8792009665,2016-05-05 00:00:00,0.0
8792009665,2016-05-05 01:00:00,0.0
8792009665,2016-05-05 02:00:00,0.0
8792009665,2016-05-05 03:00:00,0.0
8792009665,2016-05-05 04:00:00,0.0
8792009665,2016-05-05 05:00:00,0.0
8792009665,2016-05-05 06:00:00,0.0
8792009665,2016-05-05 07:00:00,0.0
8792009665,2016-05-05 08:00:00,0.0
8792009665,2016-05-05 09:00:00,0.0
8792009665,2016-05-05 10:00:00,0.0
8792009665,2016-05-05 11:00:00,0.0
8792009665,2016-05-05 12:00:00,0.0
8792009665,2016-05-05 13:00:00,0.0
8792009665,2016-05-05 14:00:00,0.0
8792009665,2016-05-05 15:00:00,0.0
8792009665,2016-05-05 16:00:00,0.0
8792009665,2016-05-05 17:00:00,0.0
8792009665,2016-05-05 18:00:00,0.0
8792009665,2016-05-05 19:00:00,0.0
8792009665,2016-05-05 20:00:00,0.0
8792009665,2016-05-05 21:00:00,0.0
8792009665,2016-05-05 22:00:00,0.0
8792009665,2016-05-05 23:00:00,0.0
8792009665,2016-05-06 00:00:00,0.0
8792009665,2016-05-06 01:00:00,0.0
8792009665,2016-05-06 02:00:00,0.0
8792009665,2016-05-06 03:00:00,0.0
8792009665,2016-05-06 04:00:00,0.0
8792009665,2016-05-06 05:00:00,0.0
8792009665,2016-05-06 06:00:00,0.0
8792009665,2016-05-06 07:00:00,0.0
8792009665,2016-05-06 08:00:00,0.0
8792009665,2016-05-06 09:00:00,0.0
8792009665,2016-05-06 10:00:00,0.0
8792009665,2016-05-06 11:00:00,0.0
8792009665,2016-05-06 12:00:00,0.0
8792009665,2016-05-06 13:00:00,0.0
8792009665,2016-05-06 14:00:00,0.0
8792009665,2016-05-06 15:00:00,0.0
8792009665,2016-05-06 16:00:00,0.0
8792009665,2016-05-06 17:00:00,0.0
8792009665,2016-05-06 18:00:00,0.0
8792009665,2016-05-06 19:00:00,0.0
8792009665,2016-05-06 20:00:00,0.0
8792009665,2016-05-06 21:00:00,0.0
8792009665,2016-05-06 22:00:00,0.0
8792009665,2016-05-06 23:00:00,0.0
8792009665,2016-05-07 00:00:00,0.0
8792009665,2016-05-07 01:00:00,0.0
8792009665,2016-05-07 02:00:00,0.0
8792009665,2016-05-07 03:00:00,0.0
8792009665,2016-05-07 04:00:00,0.0
8792009665,2016-05-07 05:00:00,0.0
8792009665,2016-05-07 06:00:00,0.0
8792009665,2016-05-07 07:00:00,0.0
8792009665,2016-05-07 08:00:00,0.0
8792009665,2016-05-07 09:00:00,0.0
8792009665,2016-05-07 10:00:00,0.0
8792009665,2016-05-07 11:00:00,0.0
8792009665,2016-05-07 12:00:00,0.0
8792009665,2016-05-07 13:00:00,0.0
8792009665,2016-05-07 14:00:00,0.0
8792009665,2016-05-07 15:00:00,0.0
8792009665,2016-05-07 16:00:00,0.0
8792009665,2016-05-07 17:00:00,0.0
8792009665,2016-05-07 18:00:00,0.0
8792009665,2016-05-07 19:00:00,0.0
8792009665,2016-05-07 20:00:00,0.0
8792009665,2016-05-07 21:00:00,0.0
8792009665,2016-05-07 22:00:00,0.0
8792009665,2016-05-07 23:00:00,0.0
8792009665,2016-05-08 00:00:00,0.0
8792009665,2016-05-08 01:00:00,0.0
8792009665,2016-05-08 02:00:00,0.0
8792009665,2016-05-08 03:00:00,0.0
8792009665,2016-05-08 04:00:00,0.0
8792009665,2016-05-08 05:00:00,0.0
8792009665,2016-05-08 06:00:00,0.0
8792009665,2016-05-08 07:00:00,0.0
8792009665,2016-05-08 08:00:00,0.0
8792009665,2016-05-08 09:00:00,0.0
8792009665,2016-05-08 10:00:00,0.0
8792009665,2016-05-08 11:00:00,0.0
8792009665,2016-05-08 12:00:00,0.0
8792009665,2016-05-08 13:00:00,0.0
8792009665,2016-05-08 14:00:00,0.0
8792009665,2016-05-08 15:00:00,0.0
8792009665,2016-05-08 16:00:00,0.0
8792009665,2016-05-08 17:00:00,0.0
8792009665,2016-05-08 18:00:00,0.0
8792009665,2016-05-08 19:00:00,0.0
8792009665,2016-05-08 20:00:00,0.0
8792009665,2016-05-08 21:00:00,0.0
8792009665,2016-05-08 22:00:00,0.0
8792009665,2016-05-08 23:00:00,0.0
8792009665,2016-05-09 00:00:00,0.0
8792009665,2016-05-09 01:00:00,0.0
8792009665,2016-05-09 02:00:00,0.0
8792009665,2016-05-09 03:00:00,0.0
8792009665,2016-05-09 04:00:00,0.0
8792009665,2016-05-09 05:00:00,0.0
8792009665,2016-05-09 06:00:00,0.0
8792009665,2016-05-09 07:00:00,0.0
8792009665,2016-05-09 08:00:00,0.0
8792009665,2016-05-09 09:00:00,0.0
8792009665,2016-05-09 10:00:00,0.0
8792009665,2016-05-09 11:00:00,0.0
8792009665,2016-05-09 12:00:00,0.0
8792009665,2016-05-09 13:00:00,0.0
8792009665,2016-05-09 14:00:00,0.0
8792009665,2016-05-09 15:00:00,0.0
8792009665,2016-05-09 16:00:00,0.0
8792009665,2016-05-09 17:00:00,0.0
8792009665,2016-05-09 18:00:00,0.0
8792009665,2016-05-09 19:00:00,0.0
8792009665,2016-05-09 20:00:00,0.0
8792009665,2016-05-09 21:00:00,0.0
8792009665,2016-05-09 22:00:00,0.0
8792009665,2016-05-09 23:00:00,0.0
8877689391,2016-04-12 00:00:00,0.0
8877689391,2016-04-12 01:00:00,0.0
8877689391,2016-04-12 02:00:00,0.0
8877689391,2016-04-12 03:00:00,0.0
8877689391,2016-04-12 04:00:00,0.0
8877689391,2016-04-12 05:00:00,0.0
8877689391,2016-04-12 06:00:00,209.0
8877689391,2016-04-12 07:00:00,964.0
8877689391,2016-04-12 08:00:00,834.0
8877689391,2016-04-12 09:00:00,343.0
8877689391,2016-04-12 10:00:00,656.0
8877689391,2016-04-12 11:00:00,2546.0
8877689391,2016-04-12 12:00:00,8043.0
8877689391,2016-04-12 13:00:00,321.0
8877689391,2016-04-12 14:00:00,12.0
8877689391,2016-04-12 15:00:00,1024.0
8877689391,2016-04-12 16:00:00,649.0
8877689391,2016-04-12 17:00:00,1648.0
8877689391,2016-04-12 18:00:00,3476.0
8877689391,2016-04-12 19:00:00,815.0
8877689391,2016-04-12 20:00:00,600.0
8877689391,2016-04-12 21:00:00,745.0
8877689391,2016-04-12 22:00:00,301.0
8877689391,2016-04-12 23:00:00,0.0
8877689391,2016-04-13 00:00:00,0.0
8877689391,2016-04-13 01:00:00,0.0
8877689391,2016-04-13 02:00:00,0.0
8877689391,2016-04-13 03:00:00,0.0
8877689391,2016-04-13 04:00:00,0.0
8877689391,2016-04-13 05:00:00,0.0
8877689391,2016-04-13 06:00:00,0.0
8877689391,2016-04-13 07:00:00,1158.0
8877689391,2016-04-13 08:00:00,549.0
8877689391,2016-04-13 09:00:00,607.0
8877689391,2016-04-13 10:00:00,945.0
8877689391,2016-04-13 11:00:00,675.0
8877689391,2016-04-13 12:00:00,3922.0
8877689391,2016-04-13 13:00:00,270.0
8877689391,2016-04-13 14:00:00,392.0
8877689391,2016-04-13 15:00:00,341.0
8877689391,2016-04-13 16:00:00,708.0
8877689391,2016-04-13 17:00:00,1168.0
8877689391,2016-04-13 18:00:00,2978.0
8877689391,2016-04-13 19:00:00,894.0
8877689391,2016-04-13 20:00:00,395.0
8877689391,2016-04-13 21:00:00,208.0
8877689391,2016-04-13 22:00:00,127.0
8877689391,2016-04-13 23:00:00,0.0
8877689391,2016-04-14 00:00:00,0.0
8877689391,2016-04-14 01:00:00,0.0
8877689391,2016-04-14 02:00:00,0.0
8877689391,2016-04-14 03:00:00,0.0
8877689391,2016-04-14 04:00:00,0.0
8877689391,2016-04-14 05:00:00,0.0
8877689391,2016-04-14 06:00:00,163.0
8877689391,2016-04-14 07:00:00,1061.0
8877689391,2016-04-14 08:00:00,929.0
8877689391,2016-04-14 09:00:00,784.0
8877689391,2016-04-14 10:00:00,432.0
8877689391,2016-04-14 11:00:00,608.0
8877689391,2016-04-14 12:00:00,345.0
8877689391,2016-04-14 13:00:00,102.0
8877689391,2016-04-14 14:00:00,497.0
8877689391,2016-04-14 15:00:00,1303.0
8877689391,2016-04-14 16:00:00,8318.0
8877689391,2016-04-14 17:00:00,2041.0
8877689391,2016-04-14 18:00:00,585.0
8877689391,2016-04-14 19:00:00,745.0
8877689391,2016-04-14 20:00:00,1079.0
8877689391,2016-04-14 21:00:00,1089.0
8877689391,2016-04-14 22:00:00,908.0
8877689391,2016-04-14 23:00:00,82.0
8877689391,2016-04-15 00:00:00,0.0
8877689391,2016-04-15 01:00:00,0.0
8877689391,2016-04-15 02:00:00,0.0
8877689391,2016-04-15 03:00:00,0.0
8877689391,2016-04-15 04:00:00,0.0
8877689391,2016-04-15 05:00:00,0.0
8877689391,2016-04-15 06:00:00,16.0
8877689391,2016-04-15 07:00:00,816.0
8877689391,2016-04-15 08:00:00,364.0
8877689391,2016-04-15 09:00:00,699.0
8877689391,2016-04-15 10:00:00,342.0
8877689391,2016-04-15 11:00:00,906.0
8877689391,2016-04-15 12:00:00,454.0
8877689391,2016-04-15 13:00:00,792.0
8877689391,2016-04-15 14:00:00,113.0
8877689391,2016-04-15 15:00:00,377.0
8877689391,2016-04-15 16:00:00,292.0
8877689391,2016-04-15 17:00:00,1103.0
8877689391,2016-04-15 18:00:00,2251.0
8877689391,2016-04-15 19:00:00,1646.0
8877689391,2016-04-15 20:00:00,328.0
8877689391,2016-04-15 21:00:00,955.0
8877689391,2016-04-15 22:00:00,1204.0
8877689391,2016-04-15 23:00:00,717.0
8877689391,2016-04-16 00:00:00,600.0
8877689391,2016-04-16 01:00:00,0.0
8877689391,2016-04-16 02:00:00,0.0
8877689391,2016-04-16 03:00:00,0.0
8877689391,2016-04-16 04:00:00,0.0
8877689391,2016-04-16 05:00:00,0.0
8877689391,2016-04-16 06:00:00,0.0
8877689391,2016-04-16 07:00:00,0.0
8877689391,2016-04-16 08:00:00,1145.0
8877689391,2016-04-16 09:00:00,2012.0
8877689391,2016-04-16 10:00:00,1210.0
8877689391,2016-04-16 11:00:00,963.0
8877689391,2016-04-16 12:00:00,7973.0
8877689391,2016-04-16 13:00:00,2993.0
8877689391,2016-04-16 14:00:00,816.0
8877689391,2016-04-16 15:00:00,722.0
8877689391,2016-04-16 16:00:00,1086.0
8877689391,2016-04-16 17:00:00,2525.0
8877689391,2016-04-16 18:00:00,1771.0
8877689391,2016-04-16 19:00:00,516.0
8877689391,2016-04-16 20:00:00,490.0
8877689391,2016-04-16 21:00:00,877.0
8877689391,2016-04-16 22:00:00,477.0
8877689391,2016-04-16 23:00:00,3028.0
8877689391,2016-04-17 00:00:00,2128.0
8877689391,2016-04-17 01:00:00,1887.0
8877689391,2016-04-17 02:00:00,1983.0
8877689391,2016-04-17 03:00:00,84.0
8877689391,2016-04-17 04:00:00,0.0
8877689391,2016-04-17 05:00:00,0.0
8877689391,2016-04-17 06:00:00,0.0
8877689391,2016-04-17 07:00:00,0.0
8877689391,2016-04-17 08:00:00,0.0
8877689391,2016-04-17 09:00:00,0.0
8877689391,2016-04-17 10:00:00,125.0
8877689391,2016-04-17 11:00:00,938.0
8877689391,2016-04-17 12:00:00,334.0
8877689391,2016-04-17 13:00:00,628.0
8877689391,2016-04-17 14:00:00,228.0
8877689391,2016-04-17 15:00:00,218.0
8877689391,2016-04-17 16:00:00,420.0
8877689391,2016-04-17 17:00:00,1591.0
8877689391,2016-04-17 18:00:00,2851.0
8877689391,2016-04-17 19:00:00,550.0
8877689391,2016-04-17 20:00:00,836.0
8877689391,2016-04-17 21:00:00,317.0
8877689391,2016-04-17 22:00:00,0.0
8877689391,2016-04-17 23:00:00,0.0
8877689391,2016-04-18 00:00:00,0.0
8877689391,2016-04-18 01:00:00,0.0
8877689391,2016-04-18 02:00:00,0.0
8877689391,2016-04-18 03:00:00,0.0
8877689391,2016-04-18 04:00:00,0.0
8877689391,2016-04-18 05:00:00,0.0
8877689391,2016-04-18 06:00:00,105.0
8877689391,2016-04-18 07:00:00,805.0
8877689391,2016-04-18 08:00:00,610.0
8877689391,2016-04-18 09:00:00,875.0
8877689391,2016-04-18 10:00:00,338.0
8877689391,2016-04-18 11:00:00,595.0
8877689391,2016-04-18 12:00:00,3721.0
8877689391,2016-04-18 13:00:00,647.0
8877689391,2016-04-18 14:00:00,380.0
8877689391,2016-04-18 15:00:00,730.0
8877689391,2016-04-18 16:00:00,1087.0
8877689391,2016-04-18 17:00:00,234.0
8877689391,2016-04-18 18:00:00,147.0
8877689391,2016-04-18 19:00:00,689.0
8877689391,2016-04-18 20:00:00,177.0
8877689391,2016-04-18 21:00:00,269.0
8877689391,2016-04-18 22:00:00,0.0
8877689391,2016-04-18 23:00:00,0.0
8877689391,2016-04-19 00:00:00,0.0
8877689391,2016-04-19 01:00:00,0.0
8877689391,2016-04-19 02:00:00,0.0
8877689391,2016-04-19 03:00:00,0.0
8877689391,2016-04-19 04:00:00,0.0
8877689391,2016-04-19 05:00:00,0.0
8877689391,2016-04-19 06:00:00,480.0
8877689391,2016-04-19 07:00:00,963.0
8877689391,2016-04-19 08:00:00,230.0
8877689391,2016-04-19 09:00:00,992.0
8877689391,2016-04-19 10:00:00,527.0
8877689391,2016-04-19 11:00:00,400.0
8877689391,2016-04-19 12:00:00,2753.0
8877689391,2016-04-19 13:00:00,443.0
8877689391,2016-04-19 14:00:00,52.0
8877689391,2016-04-19 15:00:00,358.0
8877689391,2016-04-19 16:00:00,9392.0
8877689391,2016-04-19 17:00:00,496.0
8877689391,2016-04-19 18:00:00,292.0
8877689391,2016-04-19 19:00:00,593.0
8877689391,2016-04-19 20:00:00,223.0
8877689391,2016-04-19 21:00:00,474.0
8877689391,2016-04-19 22:00:00,80.0
8877689391,2016-04-19 23:00:00,0.0
8877689391,2016-04-20 00:00:00,0.0
8877689391,2016-04-20 01:00:00,0.0
8877689391,2016-04-20 02:00:00,0.0
8877689391,2016-04-20 03:00:00,0.0
8877689391,2016-04-20 04:00:00,0.0
8877689391,2016-04-20 05:00:00,0.0
8877689391,2016-04-20 06:00:00,146.0
8877689391,2016-04-20 07:00:00,1029.0
8877689391,2016-04-20 08:00:00,1340.0
8877689391,2016-04-20 09:00:00,202.0
8877689391,2016-04-20 10:00:00,277.0
8877689391,2016-04-20 11:00:00,905.0
8877689391,2016-04-20 12:00:00,1512.0
8877689391,2016-04-20 13:00:00,246.0
8877689391,2016-04-20 14:00:00,295.0
8877689391,2016-04-20 15:00:00,779.0
8877689391,2016-04-20 16:00:00,590.0
8877689391,2016-04-20 17:00:00,2098.0
8877689391,2016-04-20 18:00:00,8361.0
8877689391,2016-04-20 19:00:00,991.0
8877689391,2016-04-20 20:00:00,619.0
8877689391,2016-04-20 21:00:00,371.0
8877689391,2016-04-20 22:00:00,120.0
8877689391,2016-04-20 23:00:00,0.0
8877689391,2016-04-21 00:00:00,0.0
8877689391,2016-04-21 01:00:00,0.0
8877689391,2016-04-21 02:00:00,0.0
8877689391,2016-04-21 03:00:00,0.0
8877689391,2016-04-21 04:00:00,0.0
8877689391,2016-04-21 05:00:00,0.0
8877689391,2016-04-21 06:00:00,108.0
8877689391,2016-04-21 07:00:00,692.0
8877689391,2016-04-21 08:00:00,154.0
8877689391,2016-04-21 09:00:00,492.0
8877689391,2016-04-21 10:00:00,194.0
8877689391,2016-04-21 11:00:00,494.0
8877689391,2016-04-21 12:00:00,479.0
8877689391,2016-04-21 13:00:00,702.0
8877689391,2016-04-21 14:00:00,203.0
8877689391,2016-04-21 15:00:00,5123.0
8877689391,2016-04-21 16:00:00,5301.0
8877689391,2016-04-21 17:00:00,1962.0
8877689391,2016-04-21 18:00:00,2166.0
8877689391,2016-04-21 19:00:00,436.0
8877689391,2016-04-21 20:00:00,156.0
8877689391,2016-04-21 21:00:00,359.0
8877689391,2016-04-21 22:00:00,356.0
8877689391,2016-04-21 23:00:00,0.0
8877689391,2016-04-22 00:00:00,0.0
8877689391,2016-04-22 01:00:00,0.0
8877689391,2016-04-22 02:00:00,0.0
8877689391,2016-04-22 03:00:00,0.0
8877689391,2016-04-22 04:00:00,0.0
8877689391,2016-04-22 05:00:00,0.0
8877689391,2016-04-22 06:00:00,259.0
8877689391,2016-04-22 07:00:00,927.0
8877689391,2016-04-22 08:00:00,963.0
8877689391,2016-04-22 09:00:00,369.0
8877689391,2016-04-22 10:00:00,309.0
8877689391,2016-04-22 11:00:00,345.0
8877689391,2016-04-22 12:00:00,220.0
8877689391,2016-04-22 13:00:00,336.0
8877689391,2016-04-22 14:00:00,393.0
8877689391,2016-04-22 15:00:00,814.0
8877689391,2016-04-22 16:00:00,713.0
8877689391,2016-04-22 17:00:00,914.0
8877689391,2016-04-22 18:00:00,7409.0
8877689391,2016-04-22 19:00:00,3579.0
8877689391,2016-04-22 20:00:00,310.0
8877689391,2016-04-22 21:00:00,224.0
8877689391,2016-04-22 22:00:00,141.0
8877689391,2016-04-22 23:00:00,0.0
8877689391,2016-04-23 00:00:00,0.0
8877689391,2016-04-23 01:00:00,0.0
8877689391,2016-04-23 02:00:00,0.0
8877689391,2016-04-23 03:00:00,0.0
8877689391,2016-04-23 04:00:00,0.0
8877689391,2016-04-23 05:00:00,0.0
8877689391,2016-04-23 06:00:00,0.0
8877689391,2016-04-23 07:00:00,170.0
8877689391,2016-04-23 08:00:00,951.0
8877689391,2016-04-23 09:00:00,928.0
8877689391,2016-04-23 10:00:00,842.0
8877689391,2016-04-23 11:00:00,1032.0
8877689391,2016-04-23 12:00:00,940.0
8877689391,2016-04-23 13:00:00,847.0
8877689391,2016-04-23 14:00:00,609.0
8877689391,2016-04-23 15:00:00,984.0
8877689391,2016-04-23 16:00:00,294.0
8877689391,2016-04-23 17:00:00,304.0
8877689391,2016-04-23 18:00:00,1367.0
8877689391,2016-04-23 19:00:00,705.0
8877689391,2016-04-23 20:00:00,472.0
8877689391,2016-04-23 21:00:00,573.0
8877689391,2016-04-23 22:00:00,173.0
8877689391,2016-04-23 23:00:00,0.0
8877689391,2016-04-24 00:00:00,0.0
8877689391,2016-04-24 01:00:00,0.0
8877689391,2016-04-24 02:00:00,0.0
8877689391,2016-04-24 03:00:00,0.0
8877689391,2016-04-24 04:00:00,0.0
8877689391,2016-04-24 05:00:00,0.0
8877689391,2016-04-24 06:00:00,0.0
8877689391,2016-04-24 07:00:00,84.0
8877689391,2016-04-24 08:00:00,472.0
8877689391,2016-04-24 09:00:00,481.0
8877689391,2016-04-24 10:00:00,699.0
8877689391,2016-04-24 11:00:00,261.0
8877689391,2016-04-24 12:00:00,1009.0
8877689391,2016-04-24 13:00:00,640.0
8877689391,2016-04-24 14:00:00,232.0
8877689391,2016-04-24 15:00:00,432.0
8877689391,2016-04-24 16:00:00,127.0
8877689391,2016-04-24 17:00:00,9062.0
8877689391,2016-04-24 18:00:00,2000.0
8877689391,2016-04-24 19:00:00,300.0
8877689391,2016-04-24 20:00:00,352.0
8877689391,2016-04-24 21:00:00,509.0
8877689391,2016-04-24 22:00:00,0.0
8877689391,2016-04-24 23:00:00,0.0
8877689391,2016-04-25 00:00:00,0.0
8877689391,2016-04-25 01:00:00,0.0
8877689391,2016-04-25 02:00:00,0.0
8877689391,2016-04-25 03:00:00,0.0
8877689391,2016-04-25 04:00:00,0.0
8877689391,2016-04-25 05:00:00,0.0
8877689391,2016-04-25 06:00:00,196.0
8877689391,2016-04-25 07:00:00,676.0
8877689391,2016-04-25 08:00:00,1051.0
8877689391,2016-04-25 09:00:00,734.0
8877689391,2016-04-25 10:00:00,1058.0
8877689391,2016-04-25 11:00:00,545.0
8877689391,2016-04-25 12:00:00,3025.0
8877689391,2016-04-25 13:00:00,1014.0
8877689391,2016-04-25 14:00:00,497.0
8877689391,2016-04-25 15:00:00,60.0
8877689391,2016-04-25 16:00:00,976.0
8877689391,2016-04-25 17:00:00,424.0
8877689391,2016-04-25 18:00:00,676.0
8877689391,2016-04-25 19:00:00,926.0
8877689391,2016-04-25 20:00:00,667.0
8877689391,2016-04-25 21:00:00,253.0
8877689391,2016-04-25 22:00:00,179.0
8877689391,2016-04-25 23:00:00,0.0
8877689391,2016-04-26 00:00:00,0.0
8877689391,2016-04-26 01:00:00,0.0
8877689391,2016-04-26 02:00:00,0.0
8877689391,2016-04-26 03:00:00,0.0
8877689391,2016-04-26 04:00:00,0.0
8877689391,2016-04-26 05:00:00,0.0
8877689391,2016-04-26 06:00:00,37.0
8877689391,2016-04-26 07:00:00,644.0
8877689391,2016-04-26 08:00:00,766.0
8877689391,2016-04-26 09:00:00,411.0
8877689391,2016-04-26 10:00:00,244.0
8877689391,2016-04-26 11:00:00,1036.0
8877689391,2016-04-26 12:00:00,2310.0
8877689391,2016-04-26 13:00:00,417.0
8877689391,2016-04-26 14:00:00,284.0
8877689391,2016-04-26 15:00:00,347.0
8877689391,2016-04-26 16:00:00,741.0
8877689391,2016-04-26 17:00:00,259.0
8877689391,2016-04-26 18:00:00,841.0
8877689391,2016-04-26 19:00:00,285.0
8877689391,2016-04-26 20:00:00,1236.0
8877689391,2016-04-26 21:00:00,313.0
8877689391,2016-04-26 22:00:00,494.0
8877689391,2016-04-26 23:00:00,405.0
8877689391,2016-04-27 00:00:00,0.0
8877689391,2016-04-27 01:00:00,0.0
8877689391,2016-04-27 02:00:00,0.0
8877689391,2016-04-27 03:00:00,0.0
8877689391,2016-04-27 04:00:00,0.0
8877689391,2016-04-27 05:00:00,0.0
8877689391,2016-04-27 06:00:00,7.0
8877689391,2016-04-27 07:00:00,1986.0
8877689391,2016-04-27 08:00:00,922.0
8877689391,2016-04-27 09:00:00,66.0
8877689391,2016-04-27 10:00:00,930.0
8877689391,2016-04-27 11:00:00,1184.0
8877689391,2016-04-27 12:00:00,2859.0
8877689391,2016-04-27 13:00:00,538.0
8877689391,2016-04-27 14:00:00,400.0
8877689391,2016-04-27 15:00:00,1474.0
8877689391,2016-04-27 16:00:00,197.0
8877689391,2016-04-27 17:00:00,2667.0
8877689391,2016-04-27 18:00:00,8586.0
8877689391,2016-04-27 19:00:00,663.0
8877689391,2016-04-27 20:00:00,392.0
8877689391,2016-04-27 21:00:00,182.0
8877689391,2016-04-27 22:00:00,550.0
8877689391,2016-04-27 23:00:00,0.0
8877689391,2016-04-28 00:00:00,0.0
8877689391,2016-04-28 01:00:00,0.0
8877689391,2016-04-28 02:00:00,0.0
8877689391,2016-04-28 03:00:00,0.0
8877689391,2016-04-28 04:00:00,0.0
8877689391,2016-04-28 05:00:00,0.0
8877689391,2016-04-28 06:00:00,131.0
8877689391,2016-04-28 07:00:00,838.0
8877689391,2016-04-28 08:00:00,397.0
8877689391,2016-04-28 09:00:00,299.0
8877689391,2016-04-28 10:00:00,345.0
8877689391,2016-04-28 11:00:00,256.0
8877689391,2016-04-28 12:00:00,4092.0
8877689391,2016-04-28 13:00:00,41.0
8877689391,2016-04-28 14:00:00,758.0
8877689391,2016-04-28 15:00:00,963.0
8877689391,2016-04-28 16:00:00,799.0
8877689391,2016-04-28 17:00:00,887.0
8877689391,2016-04-28 18:00:00,1921.0
8877689391,2016-04-28 19:00:00,2123.0
8877689391,2016-04-28 20:00:00,311.0
8877689391,2016-04-28 21:00:00,516.0
8877689391,2016-04-28 22:00:00,208.0
8877689391,2016-04-28 23:00:00,0.0
8877689391,2016-04-29 00:00:00,0.0
8877689391,2016-04-29 01:00:00,0.0
8877689391,2016-04-29 02:00:00,0.0
8877689391,2016-04-29 03:00:00,0.0
8877689391,2016-04-29 04:00:00,0.0
8877689391,2016-04-29 05:00:00,0.0
8877689391,2016-04-29 06:00:00,174.0
8877689391,2016-04-29 07:00:00,818.0
8877689391,2016-04-29 08:00:00,508.0
8877689391,2016-04-29 09:00:00,385.0
8877689391,2016-04-29 10:00:00,414.0
8877689391,2016-04-29 11:00:00,886.0
8877689391,2016-04-29 12:00:00,1940.0
8877689391,2016-04-29 13:00:00,546.0
8877689391,2016-04-29 14:00:00,185.0
8877689391,2016-04-29 15:00:00,225.0
8877689391,2016-04-29 16:00:00,575.0
8877689391,2016-04-29 17:00:00,225.0
8877689391,2016-04-29 18:00:00,898.0
8877689391,2016-04-29 19:00:00,647.0
8877689391,2016-04-29 20:00:00,221.0
8877689391,2016-04-29 21:00:00,715.0
8877689391,2016-04-29 22:00:00,238.0
8877689391,2016-04-29 23:00:00,100.0
8877689391,2016-04-30 00:00:00,0.0
8877689391,2016-04-30 01:00:00,0.0
8877689391,2016-04-30 02:00:00,0.0
8877689391,2016-04-30 03:00:00,0.0
8877689391,2016-04-30 04:00:00,0.0
8877689391,2016-04-30 05:00:00,0.0
8877689391,2016-04-30 06:00:00,0.0
8877689391,2016-04-30 07:00:00,150.0
8877689391,2016-04-30 08:00:00,157.0
8877689391,2016-04-30 09:00:00,635.0
8877689391,2016-04-30 10:00:00,903.0
8877689391,2016-04-30 11:00:00,1369.0
8877689391,2016-04-30 12:00:00,913.0
8877689391,2016-04-30 13:00:00,6745.0
8877689391,2016-04-30 14:00:00,10554.0
8877689391,2016-04-30 15:00:00,4524.0
8877689391,2016-04-30 16:00:00,0.0
8877689391,2016-04-30 17:00:00,284.0
8877689391,2016-04-30 18:00:00,417.0
8877689391,2016-04-30 19:00:00,197.0
8877689391,2016-04-30 20:00:00,269.0
8877689391,2016-04-30 21:00:00,368.0
8877689391,2016-04-30 22:00:00,225.0
8877689391,2016-04-30 23:00:00,0.0
8877689391,2016-05-01 00:00:00,0.0
8877689391,2016-05-01 01:00:00,0.0
8877689391,2016-05-01 02:00:00,0.0
8877689391,2016-05-01 03:00:00,0.0
8877689391,2016-05-01 04:00:00,0.0
8877689391,2016-05-01 05:00:00,0.0
8877689391,2016-05-01 06:00:00,0.0
8877689391,2016-05-01 07:00:00,0.0
8877689391,2016-05-01 08:00:00,487.0
8877689391,2016-05-01 09:00:00,2525.0
8877689391,2016-05-01 10:00:00,2079.0
8877689391,2016-05-01 11:00:00,657.0
8877689391,2016-05-01 12:00:00,395.0
8877689391,2016-05-01 13:00:00,405.0
8877689391,2016-05-01 14:00:00,105.0
8877689391,2016-05-01 15:00:00,345.0
8877689391,2016-05-01 16:00:00,720.0
8877689391,2016-05-01 17:00:00,547.0
8877689391,2016-05-01 18:00:00,1004.0
8877689391,2016-05-01 19:00:00,259.0
8877689391,2016-05-01 20:00:00,1165.0
8877689391,2016-05-01 21:00:00,197.0
8877689391,2016-05-01 22:00:00,0.0
8877689391,2016-05-01 23:00:00,0.0
8877689391,2016-05-02 00:00:00,0.0
8877689391,2016-05-02 01:00:00,0.0
8877689391,2016-05-02 02:00:00,0.0
8877689391,2016-05-02 03:00:00,0.0
8877689391,2016-05-02 04:00:00,0.0
8877689391,2016-05-02 05:00:00,0.0
8877689391,2016-05-02 06:00:00,40.0
8877689391,2016-05-02 07:00:00,952.0
8877689391,2016-05-02 08:00:00,550.0
8877689391,2016-05-02 09:00:00,1219.0
8877689391,2016-05-02 10:00:00,864.0
8877689391,2016-05-02 11:00:00,498.0
8877689391,2016-05-02 12:00:00,72.0
8877689391,2016-05-02 13:00:00,0.0
8877689391,2016-05-02 14:00:00,0.0
8877689391,2016-05-02 15:00:00,0.0
8877689391,2016-05-02 16:00:00,0.0
8877689391,2016-05-02 17:00:00,0.0
8877689391,2016-05-02 18:00:00,0.0
8877689391,2016-05-02 19:00:00,256.0
8877689391,2016-05-02 20:00:00,224.0
8877689391,2016-05-02 21:00:00,24.0
8877689391,2016-05-02 22:00:00,0.0
8877689391,2016-05-02 23:00:00,0.0
8877689391,2016-05-03 00:00:00,0.0
8877689391,2016-05-03 01:00:00,0.0
8877689391,2016-05-03 02:00:00,0.0
8877689391,2016-05-03 03:00:00,0.0
8877689391,2016-05-03 04:00:00,0.0
8877689391,2016-05-03 05:00:00,0.0
8877689391,2016-05-03 06:00:00,178.0
8877689391,2016-05-03 07:00:00,629.0
8877689391,2016-05-03 08:00:00,443.0
8877689391,2016-05-03 09:00:00,361.0
8877689391,2016-05-03 10:00:00,545.0
8877689391,2016-05-03 11:00:00,789.0
8877689391,2016-05-03 12:00:00,1322.0
8877689391,2016-05-03 13:00:00,306.0
8877689391,2016-05-03 14:00:00,8.0
8877689391,2016-05-03 15:00:00,925.0
8877689391,2016-05-03 16:00:00,283.0
8877689391,2016-05-03 17:00:00,422.0
8877689391,2016-05-03 18:00:00,476.0
8877689391,2016-05-03 19:00:00,1074.0
8877689391,2016-05-03 20:00:00,618.0
8877689391,2016-05-03 21:00:00,1166.0
8877689391,2016-05-03 22:00:00,1246.0
8877689391,2016-05-03 23:00:00,0.0
8877689391,2016-05-04 00:00:00,0.0
8877689391,2016-05-04 01:00:00,0.0
8877689391,2016-05-04 02:00:00,0.0
8877689391,2016-05-04 03:00:00,0.0
8877689391,2016-05-04 04:00:00,0.0
8877689391,2016-05-04 05:00:00,0.0
8877689391,2016-05-04 06:00:00,231.0
8877689391,2016-05-04 07:00:00,232.0
8877689391,2016-05-04 08:00:00,883.0
8877689391,2016-05-04 09:00:00,692.0
8877689391,2016-05-04 10:00:00,840.0
8877689391,2016-05-04 11:00:00,249.0
8877689391,2016-05-04 12:00:00,270.0
8877689391,2016-05-04 13:00:00,136.0
8877689391,2016-05-04 14:00:00,400.0
8877689391,2016-05-04 15:00:00,134.0
8877689391,2016-05-04 16:00:00,2253.0
8877689391,2016-05-04 17:00:00,8741.0
8877689391,2016-05-04 18:00:00,797.0
8877689391,2016-05-04 19:00:00,1661.0
8877689391,2016-05-04 20:00:00,276.0
8877689391,2016-05-04 21:00:00,370.0
8877689391,2016-05-04 22:00:00,0.0
8877689391,2016-05-04 23:00:00,0.0
8877689391,2016-05-05 00:00:00,0.0
8877689391,2016-05-05 01:00:00,0.0
8877689391,2016-05-05 02:00:00,0.0
8877689391,2016-05-05 03:00:00,0.0
8877689391,2016-05-05 04:00:00,0.0
8877689391,2016-05-05 05:00:00,0.0
8877689391,2016-05-05 06:00:00,0.0
8877689391,2016-05-05 07:00:00,453.0
8877689391,2016-05-05 08:00:00,390.0
8877689391,2016-05-05 09:00:00,1022.0
8877689391,2016-05-05 10:00:00,4870.0
8877689391,2016-05-05 11:00:00,1948.0
8877689391,2016-05-05 12:00:00,1747.0
8877689391,2016-05-05 13:00:00,76.0
8877689391,2016-05-05 14:00:00,310.0
8877689391,2016-05-05 15:00:00,1182.0
8877689391,2016-05-05 16:00:00,403.0
8877689391,2016-05-05 17:00:00,131.0
8877689391,2016-05-05 18:00:00,728.0
8877689391,2016-05-05 19:00:00,309.0
8877689391,2016-05-05 20:00:00,154.0
8877689391,2016-05-05 21:00:00,243.0
8877689391,2016-05-05 22:00:00,89.0
8877689391,2016-05-05 23:00:00,0.0
8877689391,2016-05-06 00:00:00,0.0
8877689391,2016-05-06 01:00:00,0.0
8877689391,2016-05-06 02:00:00,0.0
8877689391,2016-05-06 03:00:00,0.0
8877689391,2016-05-06 04:00:00,0.0
8877689391,2016-05-06 05:00:00,0.0
8877689391,2016-05-06 06:00:00,137.0
8877689391,2016-05-06 07:00:00,937.0
8877689391,2016-05-06 08:00:00,929.0
8877689391,2016-05-06 09:00:00,524.0
8877689391,2016-05-06 10:00:00,291.0
8877689391,2016-05-06 11:00:00,786.0
8877689391,2016-05-06 12:00:00,1488.0
8877689391,2016-05-06 13:00:00,526.0
8877689391,2016-05-06 14:00:00,9769.0
8877689391,2016-05-06 15:00:00,588.0
8877689391,2016-05-06 16:00:00,3458.0
8877689391,2016-05-06 17:00:00,774.0
8877689391,2016-05-06 18:00:00,534.0
8877689391,2016-05-06 19:00:00,367.0
8877689391,2016-05-06 20:00:00,96.0
8877689391,2016-05-06 21:00:00,225.0
8877689391,2016-05-06 22:00:00,193.0
8877689391,2016-05-06 23:00:00,0.0
8877689391,2016-05-07 00:00:00,0.0
8877689391,2016-05-07 01:00:00,0.0
8877689391,2016-05-07 02:00:00,0.0
8877689391,2016-05-07 03:00:00,0.0
8877689391,2016-05-07 04:00:00,0.0
8877689391,2016-05-07 05:00:00,0.0
8877689391,2016-05-07 06:00:00,0.0
8877689391,2016-05-07 07:00:00,0.0
8877689391,2016-05-07 08:00:00,1042.0
8877689391,2016-05-07 09:00:00,1427.0
8877689391,2016-05-07 10:00:00,1311.0
8877689391,2016-05-07 11:00:00,571.0
8877689391,2016-05-07 12:00:00,1165.0
8877689391,2016-05-07 13:00:00,869.0
8877689391,2016-05-07 14:00:00,698.0
8877689391,2016-05-07 15:00:00,916.0
8877689391,2016-05-07 16:00:00,72.0
8877689391,2016-05-07 17:00:00,740.0
8877689391,2016-05-07 18:00:00,908.0
8877689391,2016-05-07 19:00:00,321.0
8877689391,2016-05-07 20:00:00,713.0
8877689391,2016-05-07 21:00:00,250.0
8877689391,2016-05-07 22:00:00,1209.0
8877689391,2016-05-07 23:00:00,0.0
8877689391,2016-05-08 00:00:00,0.0
8877689391,2016-05-08 01:00:00,0.0
8877689391,2016-05-08 02:00:00,0.0
8877689391,2016-05-08 03:00:00,0.0
8877689391,2016-05-08 04:00:00,0.0
8877689391,2016-05-08 05:00:00,0.0
8877689391,2016-05-08 06:00:00,0.0
8877689391,2016-05-08 07:00:00,419.0
8877689391,2016-05-08 08:00:00,657.0
8877689391,2016-05-08 09:00:00,385.0
8877689391,2016-05-08 10:00:00,128.0
8877689391,2016-05-08 11:00:00,916.0
8877689391,2016-05-08 12:00:00,663.0
8877689391,2016-05-08 13:00:00,370.0
8877689391,2016-05-08 14:00:00,317.0
8877689391,2016-05-08 15:00:00,1024.0
8877689391,2016-05-08 16:00:00,460.0
8877689391,2016-05-08 17:00:00,1269.0
8877689391,2016-05-08 18:00:00,1220.0
8877689391,2016-05-08 19:00:00,243.0
8877689391,2016-05-08 20:00:00,296.0
8877689391,2016-05-08 21:00:00,2298.0
8877689391,2016-05-08 22:00:00,0.0
8877689391,2016-05-08 23:00:00,0.0
8877689391,2016-05-09 00:00:00,0.0
8877689391,2016-05-09 01:00:00,0.0
8877689391,2016-05-09 02:00:00,0.0
8877689391,2016-05-09 03:00:00,0.0
8877689391,2016-05-09 04:00:00,0.0
8877689391,2016-05-09 05:00:00,0.0
8877689391,2016-05-09 06:00:00,582.0
8877689391,2016-05-09 07:00:00,773.0
8877689391,2016-05-09 08:00:00,830.0
8877689391,2016-05-09 09:00:00,496.0
8877689391,2016-05-09 10:00:00,537.0
8877689391,2016-05-09 11:00:00,1638.0
8877689391,2016-05-09 12:00:00,1892.0
8877689391,2016-05-09 13:00:00,503.0
8877689391,2016-05-09 14:00:00,739.0
8877689391,2016-05-09 15:00:00,821.0
8877689391,2016-05-09 16:00:00,7278.0
8877689391,2016-05-09 17:00:00,2793.0
8877689391,2016-05-09 18:00:00,409.0
8877689391,2016-05-09 19:00:00,270.0
8877689391,2016-05-09 20:00:00,134.0
8877689391,2016-05-09 21:00:00,352.0
8877689391,2016-05-09 22:00:00,109.0
8877689391,2016-05-09 23:00:00,0.0
8877689391,2016-05-10 00:00:00,0.0
8877689391,2016-05-10 01:00:00,0.0
8877689391,2016-05-10 02:00:00,0.0
8877689391,2016-05-10 03:00:00,0.0
8877689391,2016-05-10 04:00:00,0.0
8877689391,2016-05-10 05:00:00,0.0
8877689391,2016-05-10 06:00:00,44.0
8877689391,2016-05-10 07:00:00,1030.0
8877689391,2016-05-10 08:00:00,614.0
8877689391,2016-05-10 09:00:00,542.0
8877689391,2016-05-10 10:00:00,1014.0
8877689391,2016-05-10 11:00:00,567.0
8877689391,2016-05-10 12:00:00,2508.0
8877689391,2016-05-10 13:00:00,578.0
8877689391,2016-05-10 14:00:00,105.0
8877689391,2016-05-10 15:00:00,707.0
8877689391,2016-05-10 16:00:00,463.0
8877689391,2016-05-10 17:00:00,564.0
8877689391,2016-05-10 18:00:00,460.0
8877689391,2016-05-10 19:00:00,182.0
8877689391,2016-05-10 20:00:00,963.0
8877689391,2016-05-10 21:00:00,352.0
8877689391,2016-05-10 22:00:00,0.0
8877689391,2016-05-10 23:00:00,0.0
8877689391,2016-05-11 00:00:00,0.0
8877689391,2016-05-11 01:00:00,0.0
8877689391,2016-05-11 02:00:00,0.0
8877689391,2016-05-11 03:00:00,0.0
8877689391,2016-05-11 04:00:00,0.0
8877689391,2016-05-11 05:00:00,0.0
8877689391,2016-05-11 06:00:00,37.0
8877689391,2016-05-11 07:00:00,422.0
8877689391,2016-05-11 08:00:00,938.0
8877689391,2016-05-11 09:00:00,338.0
8877689391,2016-05-11 10:00:00,295.0
8877689391,2016-05-11 11:00:00,974.0
8877689391,2016-05-11 12:00:00,3929.0
8877689391,2016-05-11 13:00:00,481.0
8877689391,2016-05-11 14:00:00,37.0
8877689391,2016-05-11 15:00:00,416.0
8877689391,2016-05-11 16:00:00,2869.0
8877689391,2016-05-11 17:00:00,8357.0
8877689391,2016-05-11 18:00:00,920.0
8877689391,2016-05-11 19:00:00,408.0
8877689391,2016-05-11 20:00:00,633.0
8877689391,2016-05-11 21:00:00,228.0
8877689391,2016-05-11 22:00:00,109.0
8877689391,2016-05-11 23:00:00,0.0
8877689391,2016-05-12 00:00:00,0.0
8877689391,2016-05-12 01:00:00,0.0
8877689391,2016-05-12 02:00:00,0.0
8877689391,2016-05-12 03:00:00,0.0
8877689391,2016-05-12 04:00:00,0.0
8877689391,2016-05-12 05:00:00,0.0
8877689391,2016-05-12 06:00:00,254.0
8877689391,2016-05-12 07:00:00,574.0
8877689391,2016-05-12 08:00:00,765.0
8877689391,2016-05-12 09:00:00,164.0
8877689391,2016-05-12 10:00:00,514.0
8877689391,2016-05-12 11:00:00,1407.0
8877689391,2016-05-12 12:00:00,3135.0
8877689391,2016-05-12 13:00:00,307.0
8877689391,2016-05-12 14:00:00,457.0
